"","DT_YEAR_COLLISION","DT_MONTH_COLLISION","DT_TIME","YEAR_MONTH_DAY","YEAR_MONTH_DAY_HOUR","TIME_DT","CD_NIS","TX_RGN_COLLISION_NL","TX_PROV_COLLISION_NL","TX_MUNTY_COLLISION_NL","LAT_WGS84","LONG_WGS84","TX_CROSSWAY_NL","TX_WEATHER_NL","TX_ROAD_CONDITION_NL","TX_BUILD_UP_AREA_NL","TX_LIGHT_CONDITION_NL","CD_ROAD_TYPE_NL","TX_CLASS_ACCIDENTS_NL","TX_ROAD_USR_TYPE1_NL","TX_ROAD_USR_TYPE2_NL","TX_COLLISION_TYPE_NL","TX_OBSTACLES_NL"
"138","2017","04","14",2017-04-01,2017-04-01 14:00:00,2024-01-02 14:00:00,"25044","Waals Gewest","Provincie Waals-Brabant","Itter",50.640502612,4.30761258700005,"Buiten Kruispunt","Regenval","Nat, plassen","buiten bebouwde kom","Dag","Autosnelweg","Met doden","personenauto","Lichte vrachtauto","Tussen 2 bestuurders: Langs achteren","Geen hindernis"
"139","2017","04","01",2017-04-01,2017-04-01 01:00:00,2024-01-02 01:00:00,"52055","Waals Gewest","Provincie Henegouwen","Pont-à-Celles",50.4995668860001,4.41811071700005,"Buiten Kruispunt","Normaal","Droog","buiten bebouwde kom","Nacht, openbare verlichting aanwezig en ontstoken","Autosnelweg","Met doden","personenauto","een weggebruiker tegen een hindernis","Weggebruiker tegen hindernis buiten rijbaan","Buiten de rijbaan: Andere paal"
"140","2017","04","05",2017-04-01,2017-04-01 05:00:00,2024-01-02 05:00:00,"53053","Waals Gewest","Provincie Henegouwen","Bergen",50.453723268,3.89999303600007,"Buiten Kruispunt","Regenval","Nat, plassen","buiten bebouwde kom","Nacht, geen openbare verlichting aanwezig","Autosnelweg","dodelijk gewonden","personenauto","personenauto","Tussen 2 bestuurders: Langs achteren","Geen hindernis"
"141","2017","04","09",2017-04-01,2017-04-01 09:00:00,2024-01-02 09:00:00,"55035","Waals Gewest","Provincie Henegouwen","Le Roeulx",50.4814922310001,4.06141299700005,"Buiten Kruispunt","Normaal","Proper","buiten bebouwde kom","Dag","Autosnelweg","Met doden","Vrachtwagen","Vrachtwagen","Tussen 2 bestuurders: Langs achteren","Geen hindernis"
"142","2017","04","17",2017-04-01,2017-04-01 17:00:00,2024-01-02 17:00:00,"61028","Waals Gewest","Provincie Luik","Héron",50.530990332,5.10442701900007,"Buiten Kruispunt","Normaal","Proper","buiten bebouwde kom","Dag","Autosnelweg","Met doden","personenauto","Motorfiets","Tussen 2 bestuurders: Langs achteren","Geen hindernis"
"143","2017","04","21",2017-04-01,2017-04-01 21:00:00,2024-01-02 21:00:00,"63076","Waals Gewest","Provincie Luik","Theux",50.5360088470001,5.87528816000003,"Buiten Kruispunt","Normaal","Droog+Proper","buiten bebouwde kom","Nacht, openbare verlichting aanwezig en ontstoken","Autosnelweg","Met doden","personenauto","een weggebruiker tegen een hindernis","Weggebruiker tegen hindernis buiten rijbaan","Buiten de rijbaan: Vangrails niet overgestoken"
"144","2017","04","02",2017-04-01,2017-04-01 02:00:00,2024-01-02 02:00:00,"85046","Waals Gewest","Provincie Luxemburg","Habay",49.6963554230001,5.66604156000005,"Buiten Kruispunt","Normaal","Droog","buiten bebouwde kom","Nacht, geen openbare verlichting aanwezig","Autosnelweg","Met doden","personenauto","Vrachtwagen","Tussen 2 bestuurders: Langs achteren","Geen hindernis"
"145","2017","04","02",2017-04-01,2017-04-01 02:00:00,2024-01-02 02:00:00,"62120","Waals Gewest","Provincie Luik","Flémalle",50.5938384120001,5.46181982100006,"Buiten Kruispunt","Normaal","Droog","binnen bebouwde kom","Nacht, openbare verlichting aanwezig en ontstoken","Gewestweg","Met doden","personenauto","personenauto","Tss. 2 best.: langs opzij (voor-/achterkant-flank)","Geen hindernis"
"146","2017","04","21",2017-04-01,2017-04-01 21:00:00,2024-01-02 21:00:00,"85011","Waals Gewest","Provincie Luxemburg","Florenville",49.698964426,5.28026730000005,"Buiten Kruispunt","Normaal","Droog+Proper","buiten bebouwde kom","Nacht, geen openbare verlichting aanwezig","Gewestweg","Met doden","personenauto","personenauto","Tussen 2 bestuurders: Langs achteren","Geen hindernis"
"147","2017","04","14",2017-04-01,2017-04-01 14:00:00,2024-01-02 14:00:00,"85047","Waals Gewest","Provincie Luxemburg","Rouvroy",49.566999862,5.49723693400006,"Buiten Kruispunt","Normaal","Proper","buiten bebouwde kom","Dag","Gewestweg","Met doden","personenauto","een weggebruiker tegen een hindernis","Weggebruiker tegen hindernis buiten rijbaan","Buiten de rijbaan: Boom"
"148","2017","04","15",2017-04-01,2017-04-01 15:00:00,2024-01-02 15:00:00,"85024","Waals Gewest","Provincie Luxemburg","Meix-devant-Virton",49.622419209,5.45262342300003,"Buiten Kruispunt","Normaal","Droog","buiten bebouwde kom","Dag","Gewestweg","Met doden","Motorfiets","een weggebruiker tegen een hindernis","Weggebruiker tegen hindernis buiten rijbaan","Buiten de rijbaan: Vangrails overschreden"
"149","2017","04","18",2017-04-01,2017-04-01 18:00:00,2024-01-02 18:00:00,"82036","Waals Gewest","Provincie Luxemburg","Vaux-sur-Sûre",49.8897439300001,5.61767579600007,"Buiten Kruispunt","Normaal","Droog","buiten bebouwde kom","Dag","Gewestweg","dodelijk gewonden","personenauto","een weggebruiker tegen een hindernis","Weggebruiker tegen hindernis buiten rijbaan","Buiten de rijbaan: Boom"
"150","2017","04","02",2017-04-01,2017-04-01 02:00:00,2024-01-02 02:00:00,"84009","Waals Gewest","Provincie Luxemburg","Bertrix",49.842316769,5.34208121200004,"Op Kruispunt","Normaal","Droog+Proper","buiten bebouwde kom","Nacht, geen openbare verlichting aanwezig","Gewestweg","Met doden","personenauto","een weggebruiker tegen een hindernis","Weggebruiker tegen hindernis buiten rijbaan","Buiten de rijbaan: Boom"
"151","2017","04","03",2017-04-01,2017-04-01 03:00:00,2024-01-02 03:00:00,"84010","Waals Gewest","Provincie Luxemburg","Bouillon",NA,NA,"Buiten Kruispunt","Normaal","Proper","binnen bebouwde kom","Nacht, openbare verlichting aanwezig en ontstoken","Gewestweg","Met doden","personenauto","een weggebruiker tegen een hindernis","Weggebruiker tegen hindernis buiten rijbaan","Buiten de rijbaan: Andere paal"
"152","2017","04","16",2017-04-01,2017-04-01 16:00:00,2024-01-02 16:00:00,"92087","Waals Gewest","Provincie Namen","Mettet",50.3042159060001,4.64665738400004,"Op Kruispunt","Normaal","Droog","buiten bebouwde kom","Dag","Gewestweg","Met doden","Lichte vrachtauto","personenauto","Tussen 2 bestuurders: Frontale botsing","Geen hindernis"
"153","2017","04","15",2017-04-01,2017-04-01 15:00:00,2024-01-02 15:00:00,"92101","Waals Gewest","Provincie Namen","Profondeville",50.3656243550001,4.76572545400006,"Buiten Kruispunt","Normaal","Droog","buiten bebouwde kom","Dag","Gewestweg","Met doden","personenauto","een weggebruiker tegen een hindernis","Weggebruiker tegen hindernis buiten rijbaan","Buiten de rijbaan: Gracht"
"154","2017","04","03",2017-04-01,2017-04-01 03:00:00,2024-01-02 03:00:00,"91114","Waals Gewest","Provincie Namen","Rochefort",50.114256304,5.17099624900004,"Buiten Kruispunt","Normaal","Droog","buiten bebouwde kom","Nacht, geen openbare verlichting aanwezig","Gewestweg","Met doden","Motorfiets","een weggebruiker tegen een hindernis","Weggebruiker tegen hindernis buiten rijbaan","Buiten de rijbaan: Vangrails overschreden"
"155","2017","04","21",2017-04-01,2017-04-01 21:00:00,2024-01-02 21:00:00,"57081","Waals Gewest","Provincie Henegouwen","Doornik",50.598858701,3.55691128000006,"Buiten Kruispunt","Normaal","Droog","buiten bebouwde kom","Nacht, openbare verlichting aanwezig en ontstoken","Gemeenteweg","Met doden","Andere weggebruiker","één bestuurder, geen hindernis","Eén bestuurder, geen hindernis (incl. val)","Geen hindernis"
"156","2017","04","13",2017-04-01,2017-04-01 13:00:00,2024-01-02 13:00:00,"51008","Waals Gewest","Provincie Henegouwen","Beloeil",50.5178703770001,3.66666195300007,"Buiten Kruispunt","Normaal","Droog+Proper","buiten bebouwde kom","Dag","Gewestweg","Met doden","personenauto","personenauto","Tss. 2 best.: langs opzij (voor-/achterkant-flank)","Geen hindernis"
"157","2017","04","10",2017-04-01,2017-04-01 10:00:00,2024-01-02 10:00:00,"57094","Waals Gewest","Provincie Henegouwen","Leuze-en-Hainaut",50.5961686480001,3.60003906000003,"Op Kruispunt","Normaal","Droog+Proper","buiten bebouwde kom","Dag","Gewestweg","dodelijk gewonden","Bromfiets","personenauto","Tss. 2 best.: langs opzij (voor-/achterkant-flank)","Geen hindernis"
"158","2017","04","11",2017-04-01,2017-04-01 11:00:00,2024-01-02 11:00:00,"51017","Waals Gewest","Provincie Henegouwen","Elzele",50.761690136,3.68119337200005,"Op Kruispunt","Normaal","Droog+Proper","buiten bebouwde kom","Dag","Gewestweg","Met doden","Fiets","personenauto","Tussen 2 bestuurders: Langs achteren","Geen hindernis"
"159","2017","04","22",2017-04-01,2017-04-01 22:00:00,2024-01-02 22:00:00,"58001","Waals Gewest","Provincie Henegouwen","La Louvière",50.4608876710001,4.08504667200003,"Buiten Kruispunt","Normaal","Proper","binnen bebouwde kom","Nacht, openbare verlichting aanwezig en ontstoken","Gemeenteweg","Met doden","personenauto","een weggebruiker tegen een hindernis","Weggebruiker tegen hindernis buiten rijbaan","Buiten de rijbaan: Vangrails overschreden"
"160","2017","04","14",2017-04-01,2017-04-01 14:00:00,2024-01-02 14:00:00,"53068","Waals Gewest","Provincie Henegouwen","Quiévrain",50.408706743,3.69487668800002,"Buiten Kruispunt","Normaal","Proper","binnen bebouwde kom","Dag","Gewestweg","Met doden","personenauto","Motorfiets","Tss. 2 best.: langs opzij (voor-/achterkant-flank)","Geen hindernis"
"161","2017","04","11",2017-04-01,2017-04-01 11:00:00,2024-01-02 11:00:00,"56022","Waals Gewest","Provincie Henegouwen","Erquelinnes",50.2843974520001,4.18568926100005,"Buiten Kruispunt","Regenval","Nat, plassen","buiten bebouwde kom","Dag","Gewestweg","dodelijk gewonden","personenauto","personenauto","Tussen 2 bestuurders: Frontale botsing","Geen hindernis"
"162","2017","04","16",2017-04-01,2017-04-01 16:00:00,2024-01-02 16:00:00,"56078","Waals Gewest","Provincie Henegouwen","Thuin",50.3115162650001,4.25220091900007,"Buiten Kruispunt","Normaal","Proper","buiten bebouwde kom","Dag","Gewestweg","Met doden","personenauto","personenauto","Tussen 2 bestuurders: Langs achteren","Geen hindernis"
"163","2017","04","07",2017-04-01,2017-04-01 07:00:00,2024-01-02 07:00:00,"11056","Vlaams Gewest","Provincie Antwerpen","Zwijndrecht",51.2194612440001,4.33030378300003,"Buiten Kruispunt","Normaal","Droog","binnen bebouwde kom","Dag","Gewestweg","Met doden","personenauto","Voetganger","Met een voetganger","Geen hindernis"
"164","2017","04","13",2017-04-01,2017-04-01 13:00:00,2024-01-02 13:00:00,"11016","Vlaams Gewest","Provincie Antwerpen","Essen",51.443034873,4.47762869500002,"Op Kruispunt","Normaal","Droog","buiten bebouwde kom","Dag","Gewestweg","Met doden","Lichte vrachtauto","een weggebruiker tegen een hindernis","Weggebruiker tegen hindernis buiten rijbaan","Buiten de rijbaan: Boom"
"165","2017","04","16",2017-04-01,2017-04-01 16:00:00,2024-01-02 16:00:00,"11055","Vlaams Gewest","Provincie Antwerpen","Zoersel",51.2707840030001,4.64301661600007,"Buiten Kruispunt","Normaal","Droog","buiten bebouwde kom","Dag","Gewestweg","dodelijk gewonden","Fiets","één bestuurder, geen hindernis","Eén bestuurder, geen hindernis (incl. val)","Geen hindernis"
"166","2017","04","14",2017-04-01,2017-04-01 14:00:00,2024-01-02 14:00:00,"13037","Vlaams Gewest","Provincie Antwerpen","Rijkevorsel",51.3371387700001,4.79602978900004,"Op Kruispunt","Normaal","Droog","buiten bebouwde kom","Dag","Gemeenteweg","Met doden","personenauto","Bromfiets","Tss. 2 best.: langs opzij (voor-/achterkant-flank)","Geen hindernis"
"167","2017","04","12",2017-04-01,2017-04-01 12:00:00,2024-01-02 12:00:00,"13017","Vlaams Gewest","Provincie Antwerpen","Kasterlee",NA,NA,"Buiten Kruispunt","Normaal","Droog","binnen bebouwde kom","Dag","Gewestweg","dodelijk gewonden","personenauto","Andere weggebruiker","Tss. 2 best.: langs opzij (voor-/achterkant-flank)","Geen hindernis"
"168","2017","04","15",2017-04-01,2017-04-01 15:00:00,2024-01-02 15:00:00,"23096","Vlaams Gewest","Provincie Vlaams-Brabant","Zemst",50.962087017,4.49563459400002,"Buiten Kruispunt","Normaal","Droog","binnen bebouwde kom","Dag","Gewestweg","Met doden","personenauto","Voetganger","Met een voetganger","Geen hindernis"
"169","2017","04","21",2017-04-01,2017-04-01 21:00:00,2024-01-02 21:00:00,"41018","Vlaams Gewest","Provincie Oost-Vlaanderen","Geraardsbergen",50.793175461,3.87935410800003,"Buiten Kruispunt","Normaal","Droog","buiten bebouwde kom","Nacht, openbare verlichting aanwezig en ontstoken","Gemeenteweg","dodelijk gewonden","personenauto","Vrachtwagen","Tussen 2 bestuurders: Langs achteren","Geen hindernis"
"170","2017","04","11",2017-04-01,2017-04-01 11:00:00,2024-01-02 11:00:00,"41081","Vlaams Gewest","Provincie Oost-Vlaanderen","Zottegem",50.8881868880001,3.78911079400007,"Buiten Kruispunt","Normaal","Droog","buiten bebouwde kom","Dag","Gewestweg","dodelijk gewonden","personenauto","Voetganger","Met een voetganger","Geen hindernis"
"171","2017","04","13",2017-04-01,2017-04-01 13:00:00,2024-01-02 13:00:00,"42025","Vlaams Gewest","Provincie Oost-Vlaanderen","Wetteren",50.9823893440001,3.84556038500006,"Buiten Kruispunt","Normaal","Droog","buiten bebouwde kom","Dag","Gewestweg","Met doden","personenauto","Motorfiets","Tss. 2 best.: langs opzij (voor-/achterkant-flank)","Geen hindernis"
"172","2017","04","13",2017-04-01,2017-04-01 13:00:00,2024-01-02 13:00:00,"41002","Vlaams Gewest","Provincie Oost-Vlaanderen","Aalst (Aalst)",NA,NA,"Buiten Kruispunt","Normaal","Droog","binnen bebouwde kom","Dag","Gemeenteweg","dodelijk gewonden","Fiets","één bestuurder, geen hindernis","Eén bestuurder, geen hindernis (incl. val)","Geen hindernis"
"173","2017","04","18",2017-04-01,2017-04-01 18:00:00,2024-01-02 18:00:00,"36008","Vlaams Gewest","Provincie West-Vlaanderen","Izegem",50.9303706380001,3.17546619900003,"Op Kruispunt","Normaal","Droog","buiten bebouwde kom","Dag","Gewestweg","Met doden","Motorfiets","een weggebruiker tegen een hindernis","Weggebruiker tegen hindernis op de rijbaan","Verkeersdrempel,ezelsrug,put,uitholling,straatgoot"
"174","2017","04","15",2017-04-01,2017-04-01 15:00:00,2024-01-02 15:00:00,"37002","Vlaams Gewest","Provincie West-Vlaanderen","Dentergem",50.9504736110001,3.41162908000007,"Op Kruispunt","Normaal","Droog","buiten bebouwde kom","Dag","Gemeenteweg","Met doden","Fiets","personenauto","Tss. 2 best.: langs opzij (voor-/achterkant-flank)","Geen hindernis"
"175","2017","04","06",2017-04-01,2017-04-01 06:00:00,2024-01-02 06:00:00,"37010","Vlaams Gewest","Provincie West-Vlaanderen","Oostrozebeke",50.9587995840001,3.36780893500003,"Op Kruispunt","Normaal","Droog","buiten bebouwde kom","Dag","Gewestweg","Met doden","Lichte vrachtauto","personenauto","Tss. 2 best.: langs opzij (voor-/achterkant-flank)","Geen hindernis"
"176","2017","04","12",2017-04-01,2017-04-01 12:00:00,2024-01-02 12:00:00,"34041","Vlaams Gewest","Provincie West-Vlaanderen","Wevelgem",50.8504563490001,3.17515256300004,"Buiten Kruispunt","Onbekend","Onbekend","onbekend","Dag","Gemeenteweg","dodelijk gewonden","onbekend","onbekend","Geen vermelding van de type aanrijding","Geen vermelding van de type aanrijding"
"177","2017","04","00",2017-04-01,2017-04-01 00:00:00,2024-01-02 00:00:00,"33029","Vlaams Gewest","Provincie West-Vlaanderen","Wervik",50.8122957530001,3.09613830300003,"Buiten Kruispunt","Normaal","Droog","buiten bebouwde kom","Nacht, openbare verlichting aanwezig en ontstoken","Gewestweg","Met doden","personenauto","Motorfiets","Tussen 2 bestuurders: Frontale botsing","Geen hindernis"
"178","2017","04","17",2017-04-01,2017-04-01 17:00:00,2024-01-02 17:00:00,"33011","Vlaams Gewest","Provincie West-Vlaanderen","Ieper",50.881013039,2.82627170900003,"Buiten Kruispunt","Normaal","Droog","buiten bebouwde kom","Dag","Gewestweg","Met doden","personenauto","Lichte vrachtauto","Tussen 2 bestuurders: Frontale botsing","Geen hindernis"
"179","2017","05","09",2017-05-01,2017-05-01 09:00:00,2024-01-02 09:00:00,"44048","Vlaams Gewest","Provincie Oost-Vlaanderen","Nazareth",50.966599579,3.59395536000005,"Buiten Kruispunt","Regenval","Nat, plassen","buiten bebouwde kom","Dag","Autosnelweg","Met doden","Lichte vrachtauto","Vrachtwagen","Tussen 2 bestuurders: Langs achteren","Geen hindernis"
"180","2017","05","05",2017-05-01,2017-05-01 05:00:00,2024-01-02 05:00:00,"23003","Vlaams Gewest","Provincie Vlaams-Brabant","Beersel",50.7730610260001,4.29702185700006,"Buiten Kruispunt","Normaal","Droog","buiten bebouwde kom","Nacht, openbare verlichting aanwezig en ontstoken","Autosnelweg","dodelijk gewonden","Andere weggebruiker","één bestuurder, geen hindernis","Eén bestuurder, geen hindernis (incl. val)","Geen hindernis"
"181","2017","05","19",2017-05-01,2017-05-01 19:00:00,2024-01-02 19:00:00,"52021","Waals Gewest","Provincie Henegouwen","Fleurus",50.445537125,4.58296718100007,"Buiten Kruispunt","Normaal","Proper","buiten bebouwde kom","Dag","Gewestweg","Met doden","personenauto","personenauto","Tussen 2 bestuurders: Frontale botsing","Geen hindernis"
"182","2017","05","06",2017-05-01,2017-05-01 06:00:00,2024-01-02 06:00:00,"52012","Waals Gewest","Provincie Henegouwen","Châtelet",50.4063974750001,4.49961222500002,"Buiten Kruispunt","Normaal","Proper","buiten bebouwde kom","Dageraad - schemering","Autosnelweg","dodelijk gewonden","personenauto","een weggebruiker tegen een hindernis","Weggebruiker tegen hindernis buiten rijbaan","Buiten de rijbaan: Vangrails niet overgestoken"
"183","2017","05","21",2017-05-01,2017-05-01 21:00:00,2024-01-02 21:00:00,"57081","Waals Gewest","Provincie Henegouwen","Doornik",50.61851992,3.32095867600003,"Buiten Kruispunt","Normaal","Droog","buiten bebouwde kom","Dag","Autosnelweg","Met doden","personenauto","een weggebruiker tegen een hindernis","Weggebruiker tegen hindernis buiten rijbaan","Buiten de rijbaan: Vangrails overschreden"
"184","2017","05","14",2017-05-01,2017-05-01 14:00:00,2024-01-02 14:00:00,"84077","Waals Gewest","Provincie Luxemburg","Libramont-Chevigny",49.89074149,5.35185589800005,"Buiten Kruispunt","Normaal","Proper","buiten bebouwde kom","Dag","Autosnelweg","Met doden","personenauto","personenauto","Tss. 2 best.: langs opzij (voor-/achterkant-flank)","Geen hindernis"
"185","2017","05","21",2017-05-01,2017-05-01 21:00:00,2024-01-02 21:00:00,"25031","Waals Gewest","Provincie Waals-Brabant","Genepiën",50.5814449700001,4.41632726300003,"Buiten Kruispunt","Normaal","Proper","binnen bebouwde kom","Dageraad - schemering","Gewestweg","Met doden","personenauto","een weggebruiker tegen een hindernis","Weggebruiker tegen hindernis buiten rijbaan","Andere hindernis"
"186","2017","05","17",2017-05-01,2017-05-01 17:00:00,2024-01-02 17:00:00,"62063","Waals Gewest","Provincie Luik","Luik",50.635493796,5.57729937700003,"Buiten Kruispunt","Normaal","Proper","binnen bebouwde kom","Dag","Gewestweg","Met doden","Voetganger","personenauto","Met een voetganger","Geen hindernis"
"187","2017","05","14",2017-05-01,2017-05-01 14:00:00,2024-01-02 14:00:00,"63058","Waals Gewest","Provincie Luik","Pepinster",50.551365817,5.78309255200003,"Buiten Kruispunt","Normaal","Droog","binnen bebouwde kom","Dag","Gewestweg","Met doden","personenauto","personenauto","Tss. 2 best.: langs opzij (voor-/achterkant-flank)","Geen hindernis"
"188","2017","05","00",2017-05-01,2017-05-01 00:00:00,2024-01-02 00:00:00,"84068","Waals Gewest","Provincie Luxemburg","Tellin",50.0820902620001,5.16898308900005,"Buiten Kruispunt","Normaal","Proper","buiten bebouwde kom","Nacht, geen openbare verlichting aanwezig","Gewestweg","Met doden","personenauto","een weggebruiker tegen een hindernis","Weggebruiker tegen hindernis buiten rijbaan","Andere hindernis"
"189","2017","05","00",2017-05-01,2017-05-01 00:00:00,2024-01-02 00:00:00,"92141","Waals Gewest","Provincie Namen","La Bruyère",50.5375215350001,4.78728839300004,"Op Kruispunt","Normaal","Proper","buiten bebouwde kom","Nacht, openbare verlichting aanwezig en ontstoken","Gewestweg","Met doden","personenauto","personenauto","Tss. 2 best.: langs opzij (voor-/achterkant-flank)","Geen hindernis"
"190","2017","05","10",2017-05-01,2017-05-01 10:00:00,2024-01-02 10:00:00,"92101","Waals Gewest","Provincie Namen","Profondeville",50.3843447410001,4.78990527200005,"Op Kruispunt","Normaal","Droog+Proper","buiten bebouwde kom","Dag","Gewestweg","Met doden","personenauto","personenauto","Tss. 2 best.: langs opzij (voor-/achterkant-flank)","Geen hindernis"
"191","2017","05","18",2017-05-01,2017-05-01 18:00:00,2024-01-02 18:00:00,"91143","Waals Gewest","Provincie Namen","Vresse-sur-Semois",49.8235786050001,4.89143803800005,"Buiten Kruispunt","Normaal","Droog+Proper","buiten bebouwde kom","Dag","Gewestweg","Met doden","Motorfiets","één bestuurder, geen hindernis","Eén bestuurder, geen hindernis (incl. val)","Geen hindernis"
"192","2017","05","15",2017-05-01,2017-05-01 15:00:00,2024-01-02 15:00:00,"93014","Waals Gewest","Provincie Namen","Couvin",50.0140779290001,4.48167988200004,"Buiten Kruispunt","Normaal","Nat, plassen","buiten bebouwde kom","Dag","Gewestweg","Met doden","Motorfiets","Vrachtwagen","Tussen 2 bestuurders: Langs achteren","Geen hindernis"
"193","2017","05","18",2017-05-01,2017-05-01 18:00:00,2024-01-02 18:00:00,"91072","Waals Gewest","Provincie Namen","Houyet",NA,NA,"Buiten Kruispunt","Normaal","Proper","buiten bebouwde kom","Onbekend","Gemeenteweg","dodelijk gewonden","personenauto","een weggebruiker tegen een hindernis","Weggebruiker tegen hindernis buiten rijbaan","Buiten de rijbaan: Gracht"
"194","2017","05","20",2017-05-01,2017-05-01 20:00:00,2024-01-02 20:00:00,"51009","Waals Gewest","Provincie Henegouwen","Bernissart",NA,NA,"Buiten Kruispunt","Normaal","Droog+Proper","binnen bebouwde kom","Dag","Gemeenteweg","Met doden","Bromfiets","één bestuurder, geen hindernis","Eén bestuurder, geen hindernis (incl. val)","Geen hindernis"
"195","2017","05","00",2017-05-01,2017-05-01 00:00:00,2024-01-02 00:00:00,"58001","Waals Gewest","Provincie Henegouwen","La Louvière",50.4854526080001,4.19865101200003,"Op Kruispunt","Normaal","Droog","binnen bebouwde kom","Nacht, openbare verlichting aanwezig en ontstoken","Gemeenteweg","dodelijk gewonden","personenauto","een weggebruiker tegen een hindernis","Weggebruiker tegen hindernis op de rijbaan","Buiten de rijbaan: Verkeerseiland, middenberm"
"196","2017","05","17",2017-05-01,2017-05-01 17:00:00,2024-01-02 17:00:00,"55040","Waals Gewest","Provincie Henegouwen","Zinnik",50.5393468440001,4.04161028200002,"Buiten Kruispunt","Normaal","Droog+Proper","buiten bebouwde kom","Dag","Gemeenteweg","Met doden","personenauto","Voetganger","Met een voetganger","Geen hindernis"
"197","2017","05","11",2017-05-01,2017-05-01 11:00:00,2024-01-02 11:00:00,"52011","Waals Gewest","Provincie Henegouwen","Charleroi",50.421926517,4.46130417100005,"Buiten Kruispunt","Normaal","Droog","binnen bebouwde kom","Dag","Gewestweg","Met doden","personenauto","personenauto","Tussen 2 bestuurders: Langs achteren","Geen hindernis"
"198","2017","05","13",2017-05-01,2017-05-01 13:00:00,2024-01-02 13:00:00,"52018","Waals Gewest","Provincie Henegouwen","Farciennes",NA,NA,"Buiten Kruispunt","Normaal","Droog+Proper","binnen bebouwde kom","Dag","Gemeenteweg","dodelijk gewonden","personenauto","Voetganger","Met een voetganger","Geen hindernis"
"199","2017","05","04",2017-05-01,2017-05-01 04:00:00,2024-01-02 04:00:00,"56029","Waals Gewest","Provincie Henegouwen","Froidchapelle",NA,NA,"Buiten Kruispunt","Normaal","Droog+Proper","buiten bebouwde kom","Dageraad - schemering","Gemeenteweg","Met doden","Voetganger","Lichte vrachtauto","Met een voetganger","Geen hindernis"
"200","2017","05","12",2017-05-01,2017-05-01 12:00:00,2024-01-02 12:00:00,"52010","Waals Gewest","Provincie Henegouwen","Chapelle-lez-Herlaimont",NA,NA,"Buiten Kruispunt","Normaal","Proper","binnen bebouwde kom","Dag","Gemeenteweg","dodelijk gewonden","personenauto","Voetganger","Met een voetganger","Geen hindernis"
"201","2017","05","21",2017-05-01,2017-05-01 21:00:00,2024-01-02 21:00:00,"21009","Brussels Hoofdstedelijk Gewest",NA,"Elsene",50.834273227,4.35677141300005,"Buiten Kruispunt","Normaal","Proper","binnen bebouwde kom","Nacht, openbare verlichting aanwezig en ontstoken","Gemeenteweg","Met doden","Lichte vrachtauto","Motorfiets","Tussen 2 bestuurders: Langs achteren","Geen hindernis"
"202","2017","05","21",2017-05-01,2017-05-01 21:00:00,2024-01-02 21:00:00,"21018","Brussels Hoofdstedelijk Gewest",NA,"Sint-Lambrechts-Woluwe",50.8540307590001,4.41845066000008,"Buiten Kruispunt","Normaal","Droog","binnen bebouwde kom","Dageraad - schemering","Gemeenteweg","Met doden","onbekend","onbekend","Andere of onbekend","Geen vermelding van de aanwezigheid van een hindernis"
"203","2017","05","15",2017-05-01,2017-05-01 15:00:00,2024-01-02 15:00:00,"11040","Vlaams Gewest","Provincie Antwerpen","Schoten",51.2484055030001,4.48490296900007,"Buiten Kruispunt","Normaal","Droog","binnen bebouwde kom","Dag","Gemeenteweg","Met doden","personenauto","een weggebruiker tegen een hindernis","Weggebruiker tegen hindernis buiten rijbaan","Buiten de rijbaan: Boom"
"204","2017","05","15",2017-05-01,2017-05-01 15:00:00,2024-01-02 15:00:00,"13040","Vlaams Gewest","Provincie Antwerpen","Turnhout",51.332933574,4.95963718400003,"Buiten Kruispunt","Normaal","Droog","binnen bebouwde kom","Dag","Gewestweg","Met doden","personenauto","Fiets","Tss. 2 best.: langs opzij (voor-/achterkant-flank)","Geen hindernis"
"205","2017","05","14",2017-05-01,2017-05-01 14:00:00,2024-01-02 14:00:00,"13017","Vlaams Gewest","Provincie Antwerpen","Kasterlee",51.2620009190001,4.96051453700005,"Op Kruispunt","Normaal","Droog","buiten bebouwde kom","Dag","Gewestweg","Met doden","personenauto","een weggebruiker tegen een hindernis","Weggebruiker tegen hindernis buiten rijbaan","Buiten de rijbaan: Andere paal"
"206","2017","05","10",2017-05-01,2017-05-01 10:00:00,2024-01-02 10:00:00,"13025","Vlaams Gewest","Provincie Antwerpen","Mol",51.206801555,5.16885774600007,"Buiten Kruispunt","Normaal","Droog","buiten bebouwde kom","Dag","Gewestweg","Met doden","personenauto","Lichte vrachtauto","Tussen 2 bestuurders: Langs achteren","Geen hindernis"