"","DT_YEAR_COLLISION","DT_MONTH_COLLISION","DT_TIME","YEAR_MONTH_DAY","YEAR_MONTH_DAY_HOUR","TIME_DT","CD_NIS","TX_RGN_COLLISION_NL","TX_PROV_COLLISION_NL","TX_MUNTY_COLLISION_NL","LAT_WGS84","LONG_WGS84","TX_CROSSWAY_NL","TX_WEATHER_NL","TX_ROAD_CONDITION_NL","TX_BUILD_UP_AREA_NL","TX_LIGHT_CONDITION_NL","CD_ROAD_TYPE_NL","TX_CLASS_ACCIDENTS_NL","TX_ROAD_USR_TYPE1_NL","TX_ROAD_USR_TYPE2_NL","TX_COLLISION_TYPE_NL","TX_OBSTACLES_NL"
"207","2017","05","16",2017-05-01,2017-05-01 16:00:00,2024-01-02 16:00:00,"71004","Vlaams Gewest","Provincie Limburg","Beringen",51.0450654470001,5.21667587300004,"Op Kruispunt","Normaal","Droog","buiten bebouwde kom","Dag","Gewestweg","dodelijk gewonden","personenauto","Fiets","Tss. 2 best.: langs opzij (voor-/achterkant-flank)","Geen hindernis"
"208","2017","05","06",2017-05-01,2017-05-01 06:00:00,2024-01-02 06:00:00,"72021","Vlaams Gewest","Provincie Limburg","Maaseik",51.1125582170001,5.67409948300002,"Buiten Kruispunt","Normaal","Nat, plassen","buiten bebouwde kom","Nacht, geen openbare verlichting aanwezig","Gewestweg","Met doden","personenauto","Bromfiets","Tussen 2 bestuurders: Frontale botsing","Geen hindernis"
"209","2017","05","20",2017-05-01,2017-05-01 20:00:00,2024-01-02 20:00:00,"72041","Vlaams Gewest","Provincie Limburg","Dilsen-Stokkem",NA,NA,"Buiten Kruispunt","Normaal","Droog","buiten bebouwde kom","Dag","Gemeenteweg","Met doden","personenauto","een weggebruiker tegen een hindernis","Weggebruiker tegen hindernis buiten rijbaan","Buiten de rijbaan: Boom"
"210","2017","05","16",2017-05-01,2017-05-01 16:00:00,2024-01-02 16:00:00,"71016","Vlaams Gewest","Provincie Limburg","Genk",50.962691084,5.50171400300007,"Op Kruispunt","Normaal","Droog","binnen bebouwde kom","Dag","Gewestweg","dodelijk gewonden","Fiets","Autobus","Tss. 2 best.: langs opzij (voor-/achterkant-flank)","Geen hindernis"
"211","2017","05","15",2017-05-01,2017-05-01 15:00:00,2024-01-02 15:00:00,"72039","Vlaams Gewest","Provincie Limburg","Houthalen-Helchteren",51.0252954860001,5.35252324000004,"Buiten Kruispunt","Normaal","Droog","buiten bebouwde kom","Dag","Gemeenteweg","Met doden","personenauto","Fiets","Tussen 2 bestuurders: Frontale botsing","Geen hindernis"
"212","2017","05","06",2017-05-01,2017-05-01 06:00:00,2024-01-02 06:00:00,"23023","Vlaams Gewest","Provincie Vlaams-Brabant","Galmaarden",50.7279080120001,3.97213168000007,"Buiten Kruispunt","Regenval","Nat, plassen","buiten bebouwde kom","Dag","Gewestweg","Met doden","Lichte vrachtauto","Vrachtwagen","Tussen 2 bestuurders: Frontale botsing","Geen hindernis"
"213","2017","05","14",2017-05-01,2017-05-01 14:00:00,2024-01-02 14:00:00,"44021","Vlaams Gewest","Provincie Oost-Vlaanderen","Gent",NA,NA,"Buiten Kruispunt","Normaal","Droog","buiten bebouwde kom","Dag","Gewestweg","Met doden","Vrachtwagen","personenauto","Kettingbotsing (3 bestuurders of meer)","Geen hindernis"
"214","2017","05","17",2017-05-01,2017-05-01 17:00:00,2024-01-02 17:00:00,"44083","Vlaams Gewest","Provincie Oost-Vlaanderen","Deinze",50.971294368,3.51093374400006,"Buiten Kruispunt","Normaal","Droog","binnen bebouwde kom","Dag","Gemeenteweg","Met doden","Vrachtwagen","Voetganger","Met een voetganger","Geen hindernis"
"215","2017","05","21",2017-05-01,2017-05-01 21:00:00,2024-01-02 21:00:00,"43002","Vlaams Gewest","Provincie Oost-Vlaanderen","Assenede",51.2086775490001,3.68201061600007,"Op Kruispunt","Normaal","Droog","buiten bebouwde kom","Nacht, openbare verlichting aanwezig en ontstoken","Gewestweg","Met doden","Lichte vrachtauto","Autobus","Tussen 2 bestuurders: Langs achteren","Geen hindernis"
"216","2017","05","17",2017-05-01,2017-05-01 17:00:00,2024-01-02 17:00:00,"43010","Vlaams Gewest","Provincie Oost-Vlaanderen","Maldegem",51.197796242,3.45698519200005,"Buiten Kruispunt","Normaal","Droog","binnen bebouwde kom","Dag","Gemeenteweg","dodelijk gewonden","personenauto","Fiets","Tss. 2 best.: langs opzij (voor-/achterkant-flank)","Geen hindernis"
"217","2017","05","05",2017-05-01,2017-05-01 05:00:00,2024-01-02 05:00:00,"45035","Vlaams Gewest","Provincie Oost-Vlaanderen","Oudenaarde",50.836301437,3.59909626700005,"Buiten Kruispunt","Normaal","Droog","buiten bebouwde kom","Dageraad - schemering","Gewestweg","Met doden","personenauto","personenauto","Tussen 2 bestuurders: Frontale botsing","Geen hindernis"
"218","2017","05","18",2017-05-01,2017-05-01 18:00:00,2024-01-02 18:00:00,"46025","Vlaams Gewest","Provincie Oost-Vlaanderen","Temse",51.1328781820001,4.14805520500005,"Buiten Kruispunt","Normaal","Droog","buiten bebouwde kom","Dag","Gemeenteweg","Met doden","Motorfiets","personenauto","Tss. 2 best.: langs opzij (voor-/achterkant-flank)","Geen hindernis"
"219","2017","05","14",2017-05-01,2017-05-01 14:00:00,2024-01-02 14:00:00,"41048","Vlaams Gewest","Provincie Oost-Vlaanderen","Ninove",50.829280516,4.04681816400006,"Op Kruispunt","Normaal","Droog","buiten bebouwde kom","Dag","Gewestweg","Met doden","personenauto","Voetganger","Met een voetganger","Geen hindernis"
"220","2017","05","00",2017-05-01,2017-05-01 00:00:00,2024-01-02 00:00:00,"34009","Vlaams Gewest","Provincie West-Vlaanderen","Deerlijk",50.8468491,3.35958293300007,"Buiten Kruispunt","Normaal","Droog","buiten bebouwde kom","Nacht, openbare verlichting aanwezig en ontstoken","Gewestweg","Met doden","personenauto","een weggebruiker tegen een hindernis","Weggebruiker tegen hindernis buiten rijbaan","Andere hindernis"
"221","2017","05","00",2017-05-01,2017-05-01 00:00:00,2024-01-02 00:00:00,"34013","Vlaams Gewest","Provincie West-Vlaanderen","Harelbeke",50.8541247490001,3.33389103600007,"Op Kruispunt","Onbekend","Onbekend","buiten bebouwde kom","Onbekend","Gewestweg","Met doden","personenauto","één bestuurder, geen hindernis","Eén bestuurder, geen hindernis (incl. val)","Geen hindernis"
"222","2017","05","17",2017-05-01,2017-05-01 17:00:00,2024-01-02 17:00:00,"33029","Vlaams Gewest","Provincie West-Vlaanderen","Wervik",50.80160377,3.06182320100004,"Buiten Kruispunt","Normaal","Droog","buiten bebouwde kom","Dag","Gewestweg","Met doden","personenauto","een weggebruiker tegen een hindernis","Weggebruiker tegen hindernis buiten rijbaan","Buiten de rijbaan: Boom"
"223","2017","05","13",2017-05-01,2017-05-01 13:00:00,2024-01-02 13:00:00,"33011","Vlaams Gewest","Provincie West-Vlaanderen","Ieper",50.9041602240001,2.81523394800007,"Buiten Kruispunt","Normaal","Droog","buiten bebouwde kom","Dag","Gemeenteweg","Met doden","Motorfiets","één bestuurder, geen hindernis","Eén bestuurder, geen hindernis (incl. val)","Geen hindernis"
"224","2017","05","09",2017-05-01,2017-05-01 09:00:00,2024-01-02 09:00:00,"23003","Vlaams Gewest","Provincie Vlaams-Brabant","Beersel",50.739628356,4.33879582400004,"Buiten Kruispunt","Normaal","Proper","binnen bebouwde kom","Dag","Gemeenteweg","Met doden","Vrachtwagen","Voetganger","Met een voetganger","Geen hindernis"
"225","2017","06","19",2017-06-01,2017-06-01 19:00:00,2024-01-02 19:00:00,"11002","Vlaams Gewest","Provincie Antwerpen","Antwerpen",51.2035149500001,4.37385336700004,"Buiten Kruispunt","Normaal","Droog","buiten bebouwde kom","Dag","Autosnelweg","dodelijk gewonden","Vrachtwagen","personenauto","Tss. 2 best.: langs opzij (voor-/achterkant-flank)","Geen hindernis"
"226","2017","06","06",2017-06-01,2017-06-01 06:00:00,2024-01-02 06:00:00,"45068","Vlaams Gewest","Provincie Oost-Vlaanderen","Kruisem",50.9083862730001,3.48787820200005,"Buiten Kruispunt","Normaal","Droog","buiten bebouwde kom","Dag","Autosnelweg","Met doden","Lichte vrachtauto","Lichte vrachtauto","Tussen 2 bestuurders: Langs achteren","Geen hindernis"
"227","2017","06","15",2017-06-01,2017-06-01 15:00:00,2024-01-02 15:00:00,"55085","Waals Gewest","Provincie Henegouwen","Seneffe",50.56155298,4.31673824100005,"Buiten Kruispunt","Normaal","Droog","buiten bebouwde kom","Dag","Autosnelweg","Met doden","Lichte vrachtauto","een weggebruiker tegen een hindernis","Weggebruiker tegen hindernis buiten rijbaan","Buiten de rijbaan: Verlichtingspaal"
"228","2017","06","23",2017-06-01,2017-06-01 23:00:00,2024-01-02 23:00:00,"57081","Waals Gewest","Provincie Henegouwen","Doornik",50.621813004,3.42268521500006,"Buiten Kruispunt","Regenval","Nat, plassen","buiten bebouwde kom","Nacht, openbare verlichting aanwezig en ontstoken","Autosnelweg","Met doden","personenauto","een weggebruiker tegen een hindernis","Weggebruiker tegen hindernis buiten rijbaan","Buiten de rijbaan: Verlichtingspaal"
"229","2017","06","05",2017-06-01,2017-06-01 05:00:00,2024-01-02 05:00:00,"64074","Waals Gewest","Provincie Luik","Borgworm",50.7044826760001,5.29372957800007,"Buiten Kruispunt","Normaal","Proper","buiten bebouwde kom","Dag","Autosnelweg","Met doden","personenauto","een weggebruiker tegen een hindernis","Weggebruiker tegen hindernis buiten rijbaan","Buiten de rijbaan: Vangrails niet overgestoken"
"230","2017","06","09",2017-06-01,2017-06-01 09:00:00,2024-01-02 09:00:00,"64074","Waals Gewest","Provincie Luik","Borgworm",50.7068484380001,5.25141397700003,"Buiten Kruispunt","Normaal","Droog+Proper","buiten bebouwde kom","Dag","Autosnelweg","Met doden","personenauto","Vrachtwagen","Tussen 2 bestuurders: Langs achteren","Geen hindernis"
"231","2017","06","15",2017-06-01,2017-06-01 15:00:00,2024-01-02 15:00:00,"25018","Waals Gewest","Provincie Waals-Brabant","Chaumont-Gistoux",50.666259584,4.65636142600005,"Buiten Kruispunt","Normaal","Proper","buiten bebouwde kom","Dag","Gewestweg","dodelijk gewonden","personenauto","personenauto","Tussen 2 bestuurders: Frontale botsing","Geen hindernis"
"232","2017","06","03",2017-06-01,2017-06-01 03:00:00,2024-01-02 03:00:00,"25118","Waals Gewest","Provincie Waals-Brabant","Hélécine",50.7341278040001,5.00690740000005,"Buiten Kruispunt","Normaal","Proper","binnen bebouwde kom","Nacht, openbare verlichting aanwezig en ontstoken","Gewestweg","dodelijk gewonden","personenauto","een weggebruiker tegen een hindernis","Weggebruiker tegen hindernis buiten rijbaan","Buiten de rijbaan: Muur gebouw"
"233","2017","06","03",2017-06-01,2017-06-01 03:00:00,2024-01-02 03:00:00,"62051","Waals Gewest","Provincie Luik","Herstal",NA,NA,"Buiten Kruispunt","Normaal","Droog","binnen bebouwde kom","Nacht, openbare verlichting aanwezig en ontstoken","Gewestweg","Met doden","personenauto","een weggebruiker tegen een hindernis","Weggebruiker tegen hindernis op de rijbaan","Buiten de rijbaan: Verkeerseiland, middenberm"
"234","2017","06","15",2017-06-01,2017-06-01 15:00:00,2024-01-02 15:00:00,"62120","Waals Gewest","Provincie Luik","Flémalle",50.5959212220001,5.46161960300003,"Op Kruispunt","Normaal","Proper","binnen bebouwde kom","Dag","Gewestweg","dodelijk gewonden","Autobus","één bestuurder, geen hindernis","Eén bestuurder, geen hindernis (incl. val)","Geen hindernis"
"235","2017","06","21",2017-06-01,2017-06-01 21:00:00,2024-01-02 21:00:00,"63035","Waals Gewest","Provincie Luik","Herve",50.6819806290001,5.77447474700006,"Buiten Kruispunt","Normaal","Droog","buiten bebouwde kom","Dag","Gewestweg","Met doden","personenauto","een weggebruiker tegen een hindernis","Weggebruiker tegen hindernis buiten rijbaan","Buiten de rijbaan: Boom"
"236","2017","06","23",2017-06-01,2017-06-01 23:00:00,2024-01-02 23:00:00,"61068","Waals Gewest","Provincie Luik","Villers-Le-Bouillet",50.5817817600001,5.25867484900004,"Buiten Kruispunt","Normaal","Droog+Proper","buiten bebouwde kom","Nacht, openbare verlichting aanwezig en ontstoken","Gewestweg","Met doden","personenauto","Fiets","Tussen 2 bestuurders: Langs achteren","Geen hindernis"
"237","2017","06","20",2017-06-01,2017-06-01 20:00:00,2024-01-02 20:00:00,"83031","Waals Gewest","Provincie Luxemburg","La Roche-en-Ardenne",50.151603568,5.51906023800007,"Buiten Kruispunt","Normaal","Droog","buiten bebouwde kom","Dag","Gewestweg","Met doden","personenauto","Motorfiets","Tss. 2 best.: langs opzij (voor-/achterkant-flank)","Geen hindernis"
"238","2017","06","10",2017-06-01,2017-06-01 10:00:00,2024-01-02 10:00:00,"92094","Waals Gewest","Provincie Namen","Namen",50.453069756,4.86083458000007,"Buiten Kruispunt","Normaal","Droog","binnen bebouwde kom","Dag","Gewestweg","Met doden","Fiets","een weggebruiker tegen een hindernis","Weggebruiker tegen hindernis buiten rijbaan","Buiten de rijbaan: Boom"
"239","2017","06","16",2017-06-01,2017-06-01 16:00:00,2024-01-02 16:00:00,"92094","Waals Gewest","Provincie Namen","Namen",50.503943158,4.89710713900007,"Buiten Kruispunt","Normaal","Proper","buiten bebouwde kom","Dag","Gewestweg","Met doden","personenauto","Fiets","Tussen 2 bestuurders: Langs achteren","Geen hindernis"
"240","2017","06","08",2017-06-01,2017-06-01 08:00:00,2024-01-02 08:00:00,"92094","Waals Gewest","Provincie Namen","Namen",50.478867553,4.87961452400003,"Buiten Kruispunt","Onbekend","Onbekend","binnen bebouwde kom","Dag","Gewestweg","Met doden","personenauto","Voetganger","Met een voetganger","Geen hindernis"
"241","2017","06","18",2017-06-01,2017-06-01 18:00:00,2024-01-02 18:00:00,"92142","Waals Gewest","Provincie Namen","Gembloux",50.551894932,4.66669579500007,"Buiten Kruispunt","Normaal","Proper","buiten bebouwde kom","Dag","Gewestweg","Met doden","personenauto","personenauto","Tussen 2 bestuurders: Langs achteren","Geen hindernis"
"242","2017","06","20",2017-06-01,2017-06-01 20:00:00,2024-01-02 20:00:00,"93014","Waals Gewest","Provincie Namen","Couvin",NA,NA,"Buiten Kruispunt","Regenval","Nat, plassen","binnen bebouwde kom","Nacht, openbare verlichting aanwezig en ontstoken","Gewestweg","Met doden","personenauto","één bestuurder, geen hindernis","Eén bestuurder, geen hindernis (incl. val)","Geen hindernis"
"243","2017","06","13",2017-06-01,2017-06-01 13:00:00,2024-01-02 13:00:00,"91005","Waals Gewest","Provincie Namen","Anhée",50.2163720460001,4.83879390300007,"Buiten Kruispunt","Normaal","Droog","buiten bebouwde kom","Dag","Gewestweg","Met doden","personenauto","Vrachtwagen","Tussen 2 bestuurders: Frontale botsing","Geen hindernis"
"244","2017","06","02",2017-06-01,2017-06-01 02:00:00,2024-01-02 02:00:00,"51069","Waals Gewest","Provincie Henegouwen","Lessen",50.720431535,3.83125602200005,"Buiten Kruispunt","Normaal","Proper","buiten bebouwde kom","Nacht, openbare verlichting aanwezig en ontstoken","Gewestweg","Met doden","Vrachtwagen","personenauto","Tussen 2 bestuurders: Frontale botsing","Geen hindernis"
"245","2017","06","03",2017-06-01,2017-06-01 03:00:00,2024-01-02 03:00:00,"53053","Waals Gewest","Provincie Henegouwen","Bergen",50.463862271,4.04518306000006,"Buiten Kruispunt","Normaal","Droog+Proper","binnen bebouwde kom","Nacht, openbare verlichting aanwezig en ontstoken","Gewestweg","Met doden","personenauto","Bromfiets","Tss. 2 best.: langs opzij (voor-/achterkant-flank)","Geen hindernis"
"246","2017","06","07",2017-06-01,2017-06-01 07:00:00,2024-01-02 07:00:00,"58001","Waals Gewest","Provincie Henegouwen","La Louvière",50.5111280670001,4.19273136400005,"Buiten Kruispunt","Normaal","Droog","binnen bebouwde kom","Dag","Gemeenteweg","Met doden","Bromfiets","een weggebruiker tegen een hindernis","Weggebruiker tegen hindernis op de rijbaan","Buiten de rijbaan: Verkeerseiland, middenberm"
"247","2017","06","19",2017-06-01,2017-06-01 19:00:00,2024-01-02 19:00:00,"58002","Waals Gewest","Provincie Henegouwen","Binche",50.429476805,4.18754900800008,"Buiten Kruispunt","Normaal","Droog+Proper","binnen bebouwde kom","Dag","Gewestweg","Met doden","personenauto","Fiets","Tussen 2 bestuurders: Langs achteren","Geen hindernis"
"248","2017","06","00",2017-06-01,2017-06-01 00:00:00,2024-01-02 00:00:00,"56022","Waals Gewest","Provincie Henegouwen","Erquelinnes",50.3097697680001,4.12056595400003,"Buiten Kruispunt","Normaal","Proper","binnen bebouwde kom","Nacht, openbare verlichting aanwezig en ontstoken","Gewestweg","Met doden","personenauto","een weggebruiker tegen een hindernis","Weggebruiker tegen hindernis buiten rijbaan","Buiten de rijbaan: Muur gebouw"
"249","2017","06","22",2017-06-01,2017-06-01 22:00:00,2024-01-02 22:00:00,"55085","Waals Gewest","Provincie Henegouwen","Seneffe",50.524223041,4.24002154200002,"Op Kruispunt","Regenval","Nat, plassen","buiten bebouwde kom","Nacht, openbare verlichting aanwezig en ontstoken","Gemeenteweg","Met doden","personenauto","personenauto","Tss. 2 best.: langs opzij (voor-/achterkant-flank)","Geen hindernis"
"250","2017","06","12",2017-06-01,2017-06-01 12:00:00,2024-01-02 12:00:00,"11002","Vlaams Gewest","Provincie Antwerpen","Antwerpen",51.1830161190001,4.37245964000005,"Buiten Kruispunt","Normaal","Droog","binnen bebouwde kom","Dag","Gewestweg","dodelijk gewonden","Voetganger","Autobus","Met een voetganger","Geen hindernis"
"251","2017","06","07",2017-06-01,2017-06-01 07:00:00,2024-01-02 07:00:00,"11002","Vlaams Gewest","Provincie Antwerpen","Antwerpen",NA,NA,"Buiten Kruispunt","Normaal","Droog","binnen bebouwde kom","Dag","Gemeenteweg","dodelijk gewonden","Fiets","Fiets","Tussen 2 bestuurders: Langs achteren","Geen hindernis"
"252","2017","06","07",2017-06-01,2017-06-01 07:00:00,2024-01-02 07:00:00,"11002","Vlaams Gewest","Provincie Antwerpen","Antwerpen",51.212398163,4.41207099100006,"Buiten Kruispunt","Normaal","Droog","binnen bebouwde kom","Dag","Gemeenteweg","Met doden","personenauto","personenauto","Tss. 2 best.: langs opzij (voor-/achterkant-flank)","Geen hindernis"
"253","2017","06","22",2017-06-01,2017-06-01 22:00:00,2024-01-02 22:00:00,"11050","Vlaams Gewest","Provincie Antwerpen","Wijnegem",51.233428003,4.49673485700004,"Buiten Kruispunt","Normaal","Droog","binnen bebouwde kom","Dageraad - schemering","Gemeenteweg","Met doden","Motorfiets","een weggebruiker tegen een hindernis","Weggebruiker tegen hindernis op de rijbaan","Op de rijbaan: Container"
"254","2017","06","13",2017-06-01,2017-06-01 13:00:00,2024-01-02 13:00:00,"12029","Vlaams Gewest","Provincie Antwerpen","Putte",51.0416880590001,4.64598121500006,"Buiten Kruispunt","Normaal","Droog","buiten bebouwde kom","Dag","Gemeenteweg","dodelijk gewonden","personenauto","Motorfiets","Tussen 2 bestuurders: Frontale botsing","Geen hindernis"
"255","2017","06","11",2017-06-01,2017-06-01 11:00:00,2024-01-02 11:00:00,"12021","Vlaams Gewest","Provincie Antwerpen","Lier",NA,NA,"Buiten Kruispunt","Normaal","Droog","buiten bebouwde kom","Dag","Gemeenteweg","dodelijk gewonden","Fiets","een weggebruiker tegen een hindernis","Weggebruiker tegen hindernis op de rijbaan","Op de rijbaan: Lading"
"256","2017","06","17",2017-06-01,2017-06-01 17:00:00,2024-01-02 17:00:00,"13046","Vlaams Gewest","Provincie Antwerpen","Vosselaar",51.3129161730001,4.89692298000006,"Buiten Kruispunt","Normaal","Droog","binnen bebouwde kom","Dag","Gemeenteweg","Met doden","personenauto","een weggebruiker tegen een hindernis","Weggebruiker tegen hindernis buiten rijbaan","Buiten de rijbaan: Verlichtingspaal"
"257","2017","06","20",2017-06-01,2017-06-01 20:00:00,2024-01-02 20:00:00,"13017","Vlaams Gewest","Provincie Antwerpen","Kasterlee",51.224882984,4.92182077200005,"Op Kruispunt","Normaal","Droog","binnen bebouwde kom","Dag","Gewestweg","Met doden","Motorfiets","personenauto","Tussen 2 bestuurders: Frontale botsing","Geen hindernis"
"258","2017","06","11",2017-06-01,2017-06-01 11:00:00,2024-01-02 11:00:00,"13021","Vlaams Gewest","Provincie Antwerpen","Meerhout",NA,NA,"Op Kruispunt","Normaal","Droog","buiten bebouwde kom","Dag","Gemeenteweg","Met doden","onbekend","onbekend","Geen vermelding van de type aanrijding","Geen vermelding van de type aanrijding"
"259","2017","06","07",2017-06-01,2017-06-01 07:00:00,2024-01-02 07:00:00,"24094","Vlaams Gewest","Provincie Vlaams-Brabant","Rotselaar",50.954339673,4.74900019900002,"Buiten Kruispunt","Normaal","Droog+Proper","binnen bebouwde kom","Dag","Gemeenteweg","Met doden","Vrachtwagen","personenauto","Tussen 2 bestuurders: Frontale botsing","Geen hindernis"
"260","2017","06","11",2017-06-01,2017-06-01 11:00:00,2024-01-02 11:00:00,"44043","Vlaams Gewest","Provincie Oost-Vlaanderen","Merelbeke",51.013162607,3.75217450800005,"Buiten Kruispunt","Normaal","Droog","binnen bebouwde kom","Dag","Gewestweg","dodelijk gewonden","personenauto","Voetganger","Met een voetganger","Geen hindernis"
"261","2017","06","16",2017-06-01,2017-06-01 16:00:00,2024-01-02 16:00:00,"44013","Vlaams Gewest","Provincie Oost-Vlaanderen","Destelbergen",51.0620758480001,3.81891036700006,"Op Kruispunt","Normaal","Droog","binnen bebouwde kom","Dag","Gemeenteweg","dodelijk gewonden","Lichte vrachtauto","Fiets","Tss. 2 best.: langs opzij (voor-/achterkant-flank)","Geen hindernis"
"262","2017","06","13",2017-06-01,2017-06-01 13:00:00,2024-01-02 13:00:00,"44064","Vlaams Gewest","Provincie Oost-Vlaanderen","Sint-Martens-Latem",51.0038275420001,3.62128751600005,"Op Kruispunt","Normaal","Droog","buiten bebouwde kom","Dag","Gewestweg","Met doden","Motorfiets","Vrachtwagen","Tss. 2 best.: langs opzij (voor-/achterkant-flank)","Geen hindernis"
"263","2017","06","20",2017-06-01,2017-06-01 20:00:00,2024-01-02 20:00:00,"44048","Vlaams Gewest","Provincie Oost-Vlaanderen","Nazareth",50.9774772220001,3.61310898800002,"Buiten Kruispunt","Onbekend","Droog","buiten bebouwde kom","Onbekend","Gewestweg","Met doden","personenauto","een weggebruiker tegen een hindernis","Weggebruiker tegen hindernis buiten rijbaan","Buiten de rijbaan: Boom"
"264","2017","06","13",2017-06-01,2017-06-01 13:00:00,2024-01-02 13:00:00,"45065","Vlaams Gewest","Provincie Oost-Vlaanderen","Zwalm",50.8471020200001,3.73778162000002,"Buiten Kruispunt","Normaal","Droog","buiten bebouwde kom","Dag","Gewestweg","dodelijk gewonden","personenauto","een weggebruiker tegen een hindernis","Weggebruiker tegen hindernis buiten rijbaan","Buiten de rijbaan: Boom"
"265","2017","06","19",2017-06-01,2017-06-01 19:00:00,2024-01-02 19:00:00,"42003","Vlaams Gewest","Provincie Oost-Vlaanderen","Berlare",51.040456825,3.94744059400006,"Buiten Kruispunt","Normaal","Droog","binnen bebouwde kom","Dag","Gemeenteweg","dodelijk gewonden","Motorfiets","personenauto","Tussen 2 bestuurders: Frontale botsing","Geen hindernis"
"266","2017","06","19",2017-06-01,2017-06-01 19:00:00,2024-01-02 19:00:00,"31005","Vlaams Gewest","Provincie West-Vlaanderen","Brugge",51.328846137,3.19884604300006,"Op Kruispunt","Normaal","Droog","binnen bebouwde kom","Dag","Gewestweg","dodelijk gewonden","Fiets","een weggebruiker tegen een hindernis","Weggebruiker tegen hindernis op de rijbaan","Tramspoor"
"267","2017","06","16",2017-06-01,2017-06-01 16:00:00,2024-01-02 16:00:00,"31042","Vlaams Gewest","Provincie West-Vlaanderen","Zuienkerke",51.2418336160001,3.15125407900007,"Op Kruispunt","Normaal","Droog","buiten bebouwde kom","Dag","Gewestweg","Met doden","Motorfiets","Fiets","Tussen 2 bestuurders: Frontale botsing","Geen hindernis"
"268","2017","06","11",2017-06-01,2017-06-01 11:00:00,2024-01-02 11:00:00,"31004","Vlaams Gewest","Provincie West-Vlaanderen","Blankenberge",51.3129071970001,3.13704342600005,"Buiten Kruispunt","Normaal","Droog","binnen bebouwde kom","Dag","Gewestweg","dodelijk gewonden","personenauto","Fiets","Tss. 2 best.: langs opzij (voor-/achterkant-flank)","Geen hindernis"
"269","2017","06","18",2017-06-01,2017-06-01 18:00:00,2024-01-02 18:00:00,"38025","Vlaams Gewest","Provincie West-Vlaanderen","Veurne",51.069257656,2.65011948800003,"Buiten Kruispunt","Normaal","Droog","buiten bebouwde kom","Dag","Gewestweg","Met doden","personenauto","Motorfiets","Tussen 2 bestuurders: Frontale botsing","Geen hindernis"
"270","2017","06","17",2017-06-01,2017-06-01 17:00:00,2024-01-02 17:00:00,"38008","Vlaams Gewest","Provincie West-Vlaanderen","De Panne",51.082453194,2.60182212500007,"Buiten Kruispunt","Normaal","Droog","binnen bebouwde kom","Dag","Gewestweg","Met doden","Andere weggebruiker","personenauto","Tss. 2 best.: langs opzij (voor-/achterkant-flank)","Geen hindernis"
"271","2017","06","03",2017-06-01,2017-06-01 03:00:00,2024-01-02 03:00:00,"38008","Vlaams Gewest","Provincie West-Vlaanderen","De Panne",51.0982713660001,2.58323908400007,"Buiten Kruispunt","Normaal","Droog","binnen bebouwde kom","Nacht, openbare verlichting aanwezig en ontstoken","Gewestweg","dodelijk gewonden","Bromfiets","één bestuurder, geen hindernis","Eén bestuurder, geen hindernis (incl. val)","Geen hindernis"
"272","2017","06","14",2017-06-01,2017-06-01 14:00:00,2024-01-02 14:00:00,"33021","Vlaams Gewest","Provincie West-Vlaanderen","Poperinge",50.880551515,2.66762883800004,"Buiten Kruispunt","Normaal","Droog","buiten bebouwde kom","Dag","Gewestweg","Met doden","personenauto","personenauto","Tussen 2 bestuurders: Frontale botsing","Geen hindernis"
"273","2017","06","17",2017-06-01,2017-06-01 17:00:00,2024-01-02 17:00:00,"36012","Vlaams Gewest","Provincie West-Vlaanderen","Moorslede",50.880979999,3.09381981200005,"Buiten Kruispunt","Normaal","Droog","buiten bebouwde kom","Dag","Gemeenteweg","Met doden","personenauto","een weggebruiker tegen een hindernis","Weggebruiker tegen hindernis buiten rijbaan","Buiten de rijbaan: Boom"
"274","2017","06","03",2017-06-01,2017-06-01 03:00:00,2024-01-02 03:00:00,"23077","Vlaams Gewest","Provincie Vlaams-Brabant","Sint-Pieters-Leeuw",50.7982164480001,4.23189972300003,"Buiten Kruispunt","Normaal","Droog","binnen bebouwde kom","Nacht, openbare verlichting aanwezig en ontstoken","Gemeenteweg","Met doden","personenauto","een weggebruiker tegen een hindernis","Weggebruiker tegen hindernis buiten rijbaan","Buiten de rijbaan: Omheining"
"275","2017","07","20",2017-07-01,2017-07-01 20:00:00,2024-01-02 20:00:00,"13040","Vlaams Gewest","Provincie Antwerpen","Turnhout",51.29541865,4.91598474800003,"Buiten Kruispunt","Normaal","Droog","buiten bebouwde kom","Dag","Autosnelweg","Met doden","Motorfiets","personenauto","Tss. 2 best.: langs opzij (voor-/achterkant-flank)","Geen hindernis"
"276","2017","07","14",2017-07-01,2017-07-01 14:00:00,2024-01-02 14:00:00,"11002","Vlaams Gewest","Provincie Antwerpen","Antwerpen",51.2104849680001,4.48240657300005,"Buiten Kruispunt","Normaal","Droog","buiten bebouwde kom","Dag","Autosnelweg","dodelijk gewonden","personenauto","Vrachtwagen","Tussen 2 bestuurders: Langs achteren","Geen hindernis"
"277","2017","08","00",2017-08-01,2017-08-01 00:00:00,2024-01-02 00:00:00,"46014","Vlaams Gewest","Provincie Oost-Vlaanderen","Lokeren",51.074801473,3.98332083200006,"Buiten Kruispunt","Normaal","Droog","buiten bebouwde kom","Nacht, openbare verlichting aanwezig en ontstoken","Autosnelweg","Met doden","Vrachtwagen","personenauto","Kettingbotsing (3 bestuurders of meer)","Geen hindernis"