"","DT_YEAR_COLLISION","DT_MONTH_COLLISION","DT_TIME","YEAR_MONTH_DAY","YEAR_MONTH_DAY_HOUR","TIME_DT","CD_NIS","TX_RGN_COLLISION_NL","TX_PROV_COLLISION_NL","TX_MUNTY_COLLISION_NL","LAT_WGS84","LONG_WGS84","TX_CROSSWAY_NL","TX_WEATHER_NL","TX_ROAD_CONDITION_NL","TX_BUILD_UP_AREA_NL","TX_LIGHT_CONDITION_NL","CD_ROAD_TYPE_NL","TX_CLASS_ACCIDENTS_NL","TX_ROAD_USR_TYPE1_NL","TX_ROAD_USR_TYPE2_NL","TX_COLLISION_TYPE_NL","TX_OBSTACLES_NL"
"278","2017","07","11",2017-07-01,2017-07-01 11:00:00,2024-01-02 11:00:00,"38016","Vlaams Gewest","Provincie West-Vlaanderen","Nieuwpoort",51.121285223,2.77841114400007,"Buiten Kruispunt","Normaal","Nat, plassen","buiten bebouwde kom","Dag","Autosnelweg","dodelijk gewonden","Motorfiets","één bestuurder, geen hindernis","Eén bestuurder, geen hindernis (incl. val)","Geen hindernis"
"279","2017","07","07",2017-07-01,2017-07-01 07:00:00,2024-01-02 07:00:00,"25068","Waals Gewest","Provincie Waals-Brabant","Mont-Saint-Guibert",NA,NA,"Buiten Kruispunt","Normaal","Droog","buiten bebouwde kom","Dag","Gewestweg","Met doden","personenauto","personenauto","Tss. 2 best.: langs opzij (voor-/achterkant-flank)","Geen hindernis"
"280","2017","07","14",2017-07-01,2017-07-01 14:00:00,2024-01-02 14:00:00,"23050","Vlaams Gewest","Provincie Vlaams-Brabant","Meise",50.928851298,4.33531433200005,"Buiten Kruispunt","Normaal","Droog","buiten bebouwde kom","Dag","Autosnelweg","Met doden","Lichte vrachtauto","personenauto","Tussen 2 bestuurders: Langs achteren","Geen hindernis"
"281","2017","07","15",2017-07-01,2017-07-01 15:00:00,2024-01-02 15:00:00,"81015","Waals Gewest","Provincie Luxemburg","Messancy",NA,NA,"Op Kruispunt","Normaal","Droog+Proper","binnen bebouwde kom","Dag","Gemeenteweg","Met doden","personenauto","een weggebruiker tegen een hindernis","Weggebruiker tegen hindernis op de rijbaan","Trein"
"282","2017","07","01",2017-07-01,2017-07-01 01:00:00,2024-01-02 01:00:00,"63035","Waals Gewest","Provincie Luik","Herve",50.6341592910001,5.76815014400006,"Buiten Kruispunt","Normaal","Droog+Proper","buiten bebouwde kom","Nacht, geen openbare verlichting aanwezig","Autosnelweg","Met doden","personenauto","een weggebruiker tegen een hindernis","Weggebruiker tegen hindernis buiten rijbaan","Buiten de rijbaan: Boom"
"283","2017","07","13",2017-07-01,2017-07-01 13:00:00,2024-01-02 13:00:00,"25112","Waals Gewest","Provincie Waals-Brabant","Waver",50.7156691690001,4.60604586900007,"Buiten Kruispunt","Regenval","Nat, plassen","binnen bebouwde kom","Dag","Gemeenteweg","Met doden","Voetganger","Autobus","Met een voetganger","Geen hindernis"
"284","2017","07","20",2017-07-01,2017-07-01 20:00:00,2024-01-02 20:00:00,"25043","Waals Gewest","Provincie Waals-Brabant","Incourt",50.693594982,4.80837340100004,"Buiten Kruispunt","Normaal","Droog","binnen bebouwde kom","Dageraad - schemering","Gewestweg","dodelijk gewonden","personenauto","een weggebruiker tegen een hindernis","Weggebruiker tegen hindernis buiten rijbaan","Buiten de rijbaan: Muur gebouw"
"285","2017","07","02",2017-07-01,2017-07-01 02:00:00,2024-01-02 02:00:00,"25048","Waals Gewest","Provincie Waals-Brabant","Geldenaken",50.7302047920001,4.87857852600007,"Buiten Kruispunt","Regenval","Nat, plassen+Proper","binnen bebouwde kom","Nacht, openbare verlichting aanwezig en ontstoken","Gewestweg","Met doden","personenauto","een weggebruiker tegen een hindernis","Weggebruiker tegen hindernis buiten rijbaan","Buiten de rijbaan: Boom"
"286","2017","07","14",2017-07-01,2017-07-01 14:00:00,2024-01-02 14:00:00,"62063","Waals Gewest","Provincie Luik","Luik",NA,NA,"Buiten Kruispunt","Normaal","Droog","binnen bebouwde kom","Dag","Gemeenteweg","dodelijk gewonden","personenauto","Voetganger","Met een voetganger","Geen hindernis"
"287","2017","07","18",2017-07-01,2017-07-01 18:00:00,2024-01-02 18:00:00,"62108","Waals Gewest","Provincie Luik","Wezet",NA,NA,"Buiten Kruispunt","Normaal","Droog+Proper","buiten bebouwde kom","Dag","Autosnelweg","Met doden","personenauto","een weggebruiker tegen een hindernis","Weggebruiker tegen hindernis buiten rijbaan","Buiten de rijbaan: Muur gebouw"
"288","2017","07","02",2017-07-01,2017-07-01 02:00:00,2024-01-02 02:00:00,"64021","Waals Gewest","Provincie Luik","Crisnée",NA,NA,"Op Kruispunt","Normaal","Droog","buiten bebouwde kom","Nacht, openbare verlichting aanwezig en ontstoken","Gewestweg","Met doden","personenauto","een weggebruiker tegen een hindernis","Weggebruiker tegen hindernis buiten rijbaan","Buiten de rijbaan: Verlichtingspaal"
"289","2017","08","19",2017-08-01,2017-08-01 19:00:00,2024-01-02 19:00:00,"63038","Waals Gewest","Provincie Luik","Jalhay",50.5114872990001,5.90452148100007,"Buiten Kruispunt","Normaal","Proper","buiten bebouwde kom","Dag","Gewestweg","Met doden","Vrachtwagen","Voetganger","Met een voetganger","Geen hindernis"
"290","2017","08","22",2017-08-01,2017-08-01 22:00:00,2024-01-02 22:00:00,"63072","Waals Gewest","Provincie Luik","Spa",50.4938550150001,5.88881945700007,"Buiten Kruispunt","Normaal","Proper","binnen bebouwde kom","Nacht, openbare verlichting aanwezig en ontstoken","Gemeenteweg","dodelijk gewonden","onbekend","onbekend","Geen vermelding van de type aanrijding","Geen vermelding van de type aanrijding"
"291","2017","07","13",2017-07-01,2017-07-01 13:00:00,2024-01-02 13:00:00,"63072","Waals Gewest","Provincie Luik","Spa",50.4597715180001,5.88548015600003,"Buiten Kruispunt","Normaal","Proper","buiten bebouwde kom","Dag","Gemeenteweg","dodelijk gewonden","Fiets","een weggebruiker tegen een hindernis","Weggebruiker tegen hindernis buiten rijbaan","Andere hindernis"
"292","2017","07","16",2017-07-01,2017-07-01 16:00:00,2024-01-02 16:00:00,"63089","Waals Gewest","Provincie Luik","Thimister-Clermont",50.6778943690001,5.84671996900005,"Buiten Kruispunt","Normaal","Droog","buiten bebouwde kom","Dag","Gewestweg","dodelijk gewonden","personenauto","Vrachtwagen","Tussen 2 bestuurders: Frontale botsing","Geen hindernis"
"293","2017","07","14",2017-07-01,2017-07-01 14:00:00,2024-01-02 14:00:00,"63001","Waals Gewest","Provincie Luik","Amel",NA,NA,"Buiten Kruispunt","Normaal","Droog+Proper","buiten bebouwde kom","Dag","Gemeenteweg","dodelijk gewonden","Motorfiets","personenauto","Tussen 2 bestuurders: Frontale botsing","Geen hindernis"
"294","2017","06","15",2017-06-01,2017-06-01 15:00:00,2024-01-02 15:00:00,"63040","Waals Gewest","Provincie Luik","Kelmis",NA,NA,"Buiten Kruispunt","Normaal","Droog+Proper","buiten bebouwde kom","Dag","Gemeenteweg","Met doden","personenauto","een weggebruiker tegen een hindernis","Weggebruiker tegen hindernis buiten rijbaan","Buiten de rijbaan: Gracht"
"295","2017","08","18",2017-08-01,2017-08-01 18:00:00,2024-01-02 18:00:00,"61003","Waals Gewest","Provincie Luik","Amay",50.5371481350001,5.28335150100003,"Buiten Kruispunt","Regenval","Nat, plassen","buiten bebouwde kom","Dag","Gewestweg","Met doden","personenauto","personenauto","Tss. 2 best.: langs opzij (voor-/achterkant-flank)","Geen hindernis"
"296","2017","07","12",2017-07-01,2017-07-01 12:00:00,2024-01-02 12:00:00,"61019","Waals Gewest","Provincie Luik","Ferrières",50.400178103,5.63993791600006,"Buiten Kruispunt","Normaal","Droog+Proper","buiten bebouwde kom","Dag","Gewestweg","Met doden","Vrachtwagen","een weggebruiker tegen een hindernis","Weggebruiker tegen hindernis buiten rijbaan","Buiten de rijbaan: Boom"
"297","2017","07","22",2017-07-01,2017-07-01 22:00:00,2024-01-02 22:00:00,"82032","Waals Gewest","Provincie Luxemburg","Vielsalm",50.2958706370001,5.90406619900006,"Buiten Kruispunt","Normaal","Proper","buiten bebouwde kom","Nacht, geen openbare verlichting aanwezig","Gewestweg","Met doden","Motorfiets","een weggebruiker tegen een hindernis","Weggebruiker tegen hindernis buiten rijbaan","Buiten de rijbaan: Boom"
"298","2017","08","10",2017-08-01,2017-08-01 10:00:00,2024-01-02 10:00:00,"83031","Waals Gewest","Provincie Luxemburg","La Roche-en-Ardenne",50.201089327,5.58527518500006,"Buiten Kruispunt","Normaal","Droog","buiten bebouwde kom","Dag","Gewestweg","Met doden","Lichte vrachtauto","personenauto","Tss. 2 best.: langs opzij (voor-/achterkant-flank)","Geen hindernis"
"299","2017","07","22",2017-07-01,2017-07-01 22:00:00,2024-01-02 22:00:00,"83044","Waals Gewest","Provincie Luxemburg","Rendeux",50.229298827,5.52059998600004,"Buiten Kruispunt","Normaal","Droog+Proper","buiten bebouwde kom","Dag","Gewestweg","dodelijk gewonden","onbekend","onbekend","Tussen 2 bestuurders: Frontale botsing","Geen hindernis"
"300","2017","07","17",2017-07-01,2017-07-01 17:00:00,2024-01-02 17:00:00,"84009","Waals Gewest","Provincie Luxemburg","Bertrix",49.8573047420001,5.24369864500005,"Op Kruispunt","Normaal","Droog+Proper","binnen bebouwde kom","Dag","Gewestweg","dodelijk gewonden","Motorfiets","Andere weggebruiker","Tss. 2 best.: langs opzij (voor-/achterkant-flank)","Geen hindernis"
"301","2017","07","03",2017-07-01,2017-07-01 03:00:00,2024-01-02 03:00:00,"92006","Waals Gewest","Provincie Namen","Assesse",50.3799251550001,5.07039478500008,"Op Kruispunt","Normaal","Droog","buiten bebouwde kom","Nacht, openbare verlichting aanwezig en ontstoken","Gewestweg","Met doden","Lichte vrachtauto","Voetganger","Met een voetganger","Geen hindernis"
"302","2017","07","06",2017-07-01,2017-07-01 06:00:00,2024-01-02 06:00:00,"91013","Waals Gewest","Provincie Namen","Beauraing",50.12204567,4.95390833000005,"Buiten Kruispunt","Normaal","Proper","buiten bebouwde kom","Dageraad - schemering","Gemeenteweg","Met doden","personenauto","een weggebruiker tegen een hindernis","Weggebruiker tegen hindernis buiten rijbaan","Buiten de rijbaan: Gracht"
"303","2017","07","13",2017-07-01,2017-07-01 13:00:00,2024-01-02 13:00:00,"93090","Waals Gewest","Provincie Namen","Viroinval",50.0838262930001,4.54058743800004,"Buiten Kruispunt","Regenval","Nat, plassen","buiten bebouwde kom","Dag","Gewestweg","Met doden","personenauto","personenauto","Tussen 2 bestuurders: Frontale botsing","Geen hindernis"
"304","2017","08","02",2017-08-01,2017-08-01 02:00:00,2024-01-02 02:00:00,"91064","Waals Gewest","Provincie Namen","Havelange",50.3619884390001,5.18557661500006,"Buiten Kruispunt","Normaal","Proper","buiten bebouwde kom","Nacht, openbare verlichting aanwezig en ontstoken","Gewestweg","Met doden","personenauto","een weggebruiker tegen een hindernis","Weggebruiker tegen hindernis buiten rijbaan","Buiten de rijbaan: Boom"
"305","2017","07","04",2017-07-01,2017-07-01 04:00:00,2024-01-02 04:00:00,"91030","Waals Gewest","Provincie Namen","Ciney",50.272831335,5.14471799400008,"Buiten Kruispunt","Normaal","Droog+Proper","buiten bebouwde kom","Dageraad - schemering","Gewestweg","Met doden","personenauto","een weggebruiker tegen een hindernis","Weggebruiker tegen hindernis buiten rijbaan","Buiten de rijbaan: Boom"
"306","2017","08","01",2017-08-01,2017-08-01 01:00:00,2024-01-02 01:00:00,"57097","Waals Gewest","Provincie Henegouwen","Komen-Waasten",50.7570600780001,2.94745265400007,"Buiten Kruispunt","Normaal","Proper","buiten bebouwde kom","Nacht, openbare verlichting aanwezig en ontstoken","Gewestweg","Met doden","personenauto","één bestuurder, geen hindernis","Eén bestuurder, geen hindernis (incl. val)","Geen hindernis"
"307","2017","07","20",2017-07-01,2017-07-01 20:00:00,2024-01-02 20:00:00,"57097","Waals Gewest","Provincie Henegouwen","Komen-Waasten",50.7350273910001,2.93258221600007,"Buiten Kruispunt","Normaal","Droog","binnen bebouwde kom","Dag","Gewestweg","Met doden","personenauto","een weggebruiker tegen een hindernis","Weggebruiker tegen hindernis buiten rijbaan","Buiten de rijbaan: Boom"
"308","2017","07","13",2017-07-01,2017-07-01 13:00:00,2024-01-02 13:00:00,"53084","Waals Gewest","Provincie Henegouwen","Quévy",NA,NA,"Buiten Kruispunt","Normaal","Droog","buiten bebouwde kom","Dag","Gewestweg","dodelijk gewonden","Motorfiets","een weggebruiker tegen een hindernis","Weggebruiker tegen hindernis buiten rijbaan","Buiten de rijbaan: Omheining"
"309","2017","07","21",2017-07-01,2017-07-01 21:00:00,2024-01-02 21:00:00,"55004","Waals Gewest","Provincie Henegouwen","’s Gravenbrakel",50.6090481210001,4.17290875100002,"Buiten Kruispunt","Normaal","Droog+Proper","buiten bebouwde kom","Nacht, geen openbare verlichting aanwezig","Gewestweg","Met doden","personenauto","een weggebruiker tegen een hindernis","Weggebruiker tegen hindernis buiten rijbaan","Buiten de rijbaan: Boom"
"310","2017","07","08",2017-07-01,2017-07-01 08:00:00,2024-01-02 08:00:00,"55040","Waals Gewest","Provincie Henegouwen","Zinnik",50.5536946980001,4.05342054500005,"Buiten Kruispunt","Normaal","Droog","buiten bebouwde kom","Dag","Gewestweg","Met doden","personenauto","een weggebruiker tegen een hindernis","Weggebruiker tegen hindernis buiten rijbaan","Buiten de rijbaan: Boom"
"311","2017","07","05",2017-07-01,2017-07-01 05:00:00,2024-01-02 05:00:00,"55040","Waals Gewest","Provincie Henegouwen","Zinnik",50.5530579850001,4.11747851900003,"Buiten Kruispunt","Normaal","Droog","binnen bebouwde kom","Dag","onbekend","Met doden","personenauto","een weggebruiker tegen een hindernis","Weggebruiker tegen hindernis buiten rijbaan","Buiten de rijbaan: Verlichtingspaal"
"312","2017","07","05",2017-07-01,2017-07-01 05:00:00,2024-01-02 05:00:00,"55004","Waals Gewest","Provincie Henegouwen","’s Gravenbrakel",50.6043100110001,4.13167917500004,"Buiten Kruispunt","Regenval","Nat, plassen","binnen bebouwde kom","Dag","Gewestweg","Met doden","personenauto","een weggebruiker tegen een hindernis","Weggebruiker tegen hindernis buiten rijbaan","Buiten de rijbaan: Muur gebouw"
"313","2017","07","16",2017-07-01,2017-07-01 16:00:00,2024-01-02 16:00:00,"52011","Waals Gewest","Provincie Henegouwen","Charleroi",50.4451410930001,4.42749748200004,"Buiten Kruispunt","Normaal","Droog","binnen bebouwde kom","Dag","Gemeenteweg","Met doden","Lichte vrachtauto","Voetganger","Met een voetganger","Geen hindernis"
"314","2017","07","16",2017-07-01,2017-07-01 16:00:00,2024-01-02 16:00:00,"52011","Waals Gewest","Provincie Henegouwen","Charleroi",50.4548828100001,4.49176985700007,"Buiten Kruispunt","Normaal","Droog","binnen bebouwde kom","Dag","Gemeenteweg","Met doden","Bromfiets","een weggebruiker tegen een hindernis","Weggebruiker tegen hindernis buiten rijbaan","Buiten de rijbaan: Andere paal"
"315","2017","07","03",2017-07-01,2017-07-01 03:00:00,2024-01-02 03:00:00,"56029","Waals Gewest","Provincie Henegouwen","Froidchapelle",NA,NA,"Buiten Kruispunt","Normaal","Droog","buiten bebouwde kom","Nacht, openbare verlichting aanwezig en ontstoken","Gemeenteweg","Met doden","onbekend","onbekend","Andere of onbekend","Geen vermelding van de aanwezigheid van een hindernis"
"316","2017","08","19",2017-08-01,2017-08-01 19:00:00,2024-01-02 19:00:00,"52015","Waals Gewest","Provincie Henegouwen","Courcelles",50.4947176480001,4.31736359100006,"Buiten Kruispunt","Normaal","Proper","binnen bebouwde kom","Dag","Gemeenteweg","Met doden","Motorfiets","een weggebruiker tegen een hindernis","Weggebruiker tegen hindernis buiten rijbaan","Buiten de rijbaan: Muur gebouw"
"317","2017","07","15",2017-07-01,2017-07-01 15:00:00,2024-01-02 15:00:00,"21003","Brussels Hoofdstedelijk Gewest",NA,"Sint-Agatha-Berchem",50.8612622270001,4.30356435400006,"Buiten Kruispunt","Regenval","Nat, plassen","binnen bebouwde kom","Dag","Gewestweg","dodelijk gewonden","personenauto","personenauto","Tussen 2 bestuurders: Langs achteren","Geen hindernis"
"318","2017","08","11",2017-08-01,2017-08-01 11:00:00,2024-01-02 11:00:00,"21013","Brussels Hoofdstedelijk Gewest",NA,"Sint-Gillis",50.8307088110001,4.35624460900004,"Buiten Kruispunt","Normaal","Droog+Proper","binnen bebouwde kom","Dag","Gewestweg","dodelijk gewonden","Bromfiets","Voetganger","Met een voetganger","Geen hindernis"
"319","2017","07","16",2017-07-01,2017-07-01 16:00:00,2024-01-02 16:00:00,"21015","Brussels Hoofdstedelijk Gewest",NA,"Schaarbeek",50.860638598,4.35968394200006,"Buiten Kruispunt","Normaal","Proper","binnen bebouwde kom","Dag","Gewestweg","Met doden","Autobus","Voetganger","Met een voetganger","Geen hindernis"
"320","2017","07","20",2017-07-01,2017-07-01 20:00:00,2024-01-02 20:00:00,"11002","Vlaams Gewest","Provincie Antwerpen","Antwerpen",51.200211252,4.39211032200006,"Op Kruispunt","Normaal","Droog","binnen bebouwde kom","Dageraad - schemering","Gemeenteweg","dodelijk gewonden","personenauto","Bromfiets","Tss. 2 best.: langs opzij (voor-/achterkant-flank)","Geen hindernis"
"321","2017","07","14",2017-07-01,2017-07-01 14:00:00,2024-01-02 14:00:00,"11023","Vlaams Gewest","Provincie Antwerpen","Kapellen (Antwerpen)",51.3142736630001,4.42924993900004,"Op Kruispunt","Normaal","Droog","binnen bebouwde kom","Dag","Gewestweg","Met doden","personenauto","Voetganger","Met een voetganger","Geen hindernis"
"322","2017","07","19",2017-07-01,2017-07-01 19:00:00,2024-01-02 19:00:00,"11029","Vlaams Gewest","Provincie Antwerpen","Mortsel",51.1726704430001,4.44584126700005,"Op Kruispunt","Normaal","Droog","binnen bebouwde kom","Dag","Gewestweg","Met doden","Andere weggebruiker","Voetganger","Met een voetganger","Geen hindernis"
"323","2017","07","17",2017-07-01,2017-07-01 17:00:00,2024-01-02 17:00:00,"13035","Vlaams Gewest","Provincie Antwerpen","Ravels",51.369393179,5.04917954600006,"Buiten Kruispunt","Normaal","Droog","buiten bebouwde kom","Dag","Gewestweg","Met doden","personenauto","een weggebruiker tegen een hindernis","Weggebruiker tegen hindernis buiten rijbaan","Buiten de rijbaan: Boom"
"324","2017","07","17",2017-07-01,2017-07-01 17:00:00,2024-01-02 17:00:00,"73107","Vlaams Gewest","Provincie Limburg","Maasmechelen",NA,NA,"Buiten Kruispunt","Normaal","Droog","buiten bebouwde kom","Dag","Gemeenteweg","Met doden","Vrachtwagen","Bromfiets","Tss. 2 best.: langs opzij (voor-/achterkant-flank)","Geen hindernis"
"325","2017","07","01",2017-07-01,2017-07-01 01:00:00,2024-01-02 01:00:00,"72018","Vlaams Gewest","Provincie Limburg","Kinrooi",51.1430558500001,5.78622838900003,"Op Kruispunt","Normaal","Droog","buiten bebouwde kom","Nacht, openbare verlichting aanwezig en ontstoken","Gewestweg","Met doden","personenauto","een weggebruiker tegen een hindernis","Weggebruiker tegen hindernis buiten rijbaan","Buiten de rijbaan: Muur gebouw"
"326","2017","07","15",2017-07-01,2017-07-01 15:00:00,2024-01-02 15:00:00,"24134","Vlaams Gewest","Provincie Vlaams-Brabant","Scherpenheuvel-Zichem",51.0304910250001,4.97763399000007,"Op Kruispunt","Normaal","Droog","binnen bebouwde kom","Dag","Gewestweg","Met doden","Vrachtwagen","Bromfiets","Tss. 2 best.: langs opzij (voor-/achterkant-flank)","Geen hindernis"
"327","2017","07","19",2017-07-01,2017-07-01 19:00:00,2024-01-02 19:00:00,"23094","Vlaams Gewest","Provincie Vlaams-Brabant","Zaventem",50.862202413,4.48155395200007,"Op Kruispunt","Normaal","Droog","buiten bebouwde kom","Dag","Gemeenteweg","Met doden","personenauto","Motorfiets","Tss. 2 best.: langs opzij (voor-/achterkant-flank)","Geen hindernis"
"328","2017","07","11",2017-07-01,2017-07-01 11:00:00,2024-01-02 11:00:00,"44019","Vlaams Gewest","Provincie Oost-Vlaanderen","Evergem",51.12497061,3.67866280700002,"Buiten Kruispunt","Normaal","Droog","binnen bebouwde kom","Dag","Gewestweg","dodelijk gewonden","Motorfiets","een weggebruiker tegen een hindernis","Weggebruiker tegen hindernis buiten rijbaan","Buiten de rijbaan: Omheining"
"329","2017","07","20",2017-07-01,2017-07-01 20:00:00,2024-01-02 20:00:00,"44084","Vlaams Gewest","Provincie Oost-Vlaanderen","Aalter",51.0921619810001,3.44656012900003,"Buiten Kruispunt","Normaal","Droog","binnen bebouwde kom","Dag","Gewestweg","Met doden","Fiets","één bestuurder, geen hindernis","Eén bestuurder, geen hindernis (incl. val)","Geen hindernis"
"330","2017","07","21",2017-07-01,2017-07-01 21:00:00,2024-01-02 21:00:00,"46013","Vlaams Gewest","Provincie Oost-Vlaanderen","Kruibeke",51.1438339160001,4.29660190900006,"Buiten Kruispunt","Normaal","Droog","binnen bebouwde kom","Nacht, openbare verlichting aanwezig en ontstoken","Gewestweg","Met doden","personenauto","een weggebruiker tegen een hindernis","Weggebruiker tegen hindernis buiten rijbaan","Andere hindernis"
"331","2017","07","20",2017-07-01,2017-07-01 20:00:00,2024-01-02 20:00:00,"41048","Vlaams Gewest","Provincie Oost-Vlaanderen","Ninove",50.855456481,4.05627238500006,"Buiten Kruispunt","Normaal","Droog","binnen bebouwde kom","Dag","Gemeenteweg","dodelijk gewonden","Fiets","één bestuurder, geen hindernis","Eén bestuurder, geen hindernis (incl. val)","Geen hindernis"
"332","2017","07","08",2017-07-01,2017-07-01 08:00:00,2024-01-02 08:00:00,"31005","Vlaams Gewest","Provincie West-Vlaanderen","Brugge",51.1991640850001,3.23050054800007,"Op Kruispunt","Normaal","Nat, plassen","binnen bebouwde kom","Dag","Gewestweg","Met doden","Motorfiets","Vrachtwagen","Tss. 2 best.: langs opzij (voor-/achterkant-flank)","Geen hindernis"
"333","2017","08","18",2017-08-01,2017-08-01 18:00:00,2024-01-02 18:00:00,"34041","Vlaams Gewest","Provincie West-Vlaanderen","Wevelgem",50.835887583,3.16707063000007,"Buiten Kruispunt","Normaal","Droog","binnen bebouwde kom","Dag","Gemeenteweg","dodelijk gewonden","Andere weggebruiker","Motorfiets","Tussen 2 bestuurders: Frontale botsing","Geen hindernis"
"334","2017","07","14",2017-07-01,2017-07-01 14:00:00,2024-01-02 14:00:00,"38025","Vlaams Gewest","Provincie West-Vlaanderen","Veurne",51.0082526460001,2.60166659800006,"Buiten Kruispunt","Normaal","Droog","buiten bebouwde kom","Dag","Gemeenteweg","Met doden","Fiets","één bestuurder, geen hindernis","Eén bestuurder, geen hindernis (incl. val)","Geen hindernis"
"335","2017","07","10",2017-07-01,2017-07-01 10:00:00,2024-01-02 10:00:00,"36019","Vlaams Gewest","Provincie West-Vlaanderen","Staden",50.9423209770001,3.02851914500007,"Op Kruispunt","Normaal","Proper","buiten bebouwde kom","Dag","Gewestweg","Met doden","personenauto","Lichte vrachtauto","Tss. 2 best.: langs opzij (voor-/achterkant-flank)","Geen hindernis"
"336","2017","07","16",2017-07-01,2017-07-01 16:00:00,2024-01-02 16:00:00,"33011","Vlaams Gewest","Provincie West-Vlaanderen","Ieper",50.8365584210001,2.80288685700003,"Buiten Kruispunt","Normaal","Droog","buiten bebouwde kom","Dag","Gemeenteweg","Met doden","Lichte vrachtauto","Motorfiets","Tussen 2 bestuurders: Frontale botsing","Geen hindernis"
"337","2017","07","17",2017-07-01,2017-07-01 17:00:00,2024-01-02 17:00:00,"31005","Vlaams Gewest","Provincie West-Vlaanderen","Brugge",NA,NA,"Buiten Kruispunt","Normaal","Droog","buiten bebouwde kom","Dag","Gewestweg","Met doden","Motorfiets","personenauto","Tss. 2 best.: langs opzij (voor-/achterkant-flank)","Geen hindernis"
"338","2017","08","09",2017-08-01,2017-08-01 09:00:00,2024-01-02 09:00:00,"13031","Vlaams Gewest","Provincie Antwerpen","Oud-Turnhout",51.2939787430001,5.02697708400007,"Buiten Kruispunt","Normaal","Droog","buiten bebouwde kom","Dag","Autosnelweg","Met doden","Lichte vrachtauto","een weggebruiker tegen een hindernis","Weggebruiker tegen hindernis buiten rijbaan","Andere hindernis"
"339","2017","08","10",2017-08-01,2017-08-01 10:00:00,2024-01-02 10:00:00,"34041","Vlaams Gewest","Provincie West-Vlaanderen","Wevelgem",50.8299232570001,3.18502430200004,"Buiten Kruispunt","Normaal","Droog","buiten bebouwde kom","Dag","Autosnelweg","Met doden","Motorfiets","één bestuurder, geen hindernis","Eén bestuurder, geen hindernis (incl. val)","Geen hindernis"
"340","2017","08","11",2017-08-01,2017-08-01 11:00:00,2024-01-02 11:00:00,"34009","Vlaams Gewest","Provincie West-Vlaanderen","Deerlijk",50.8499685310001,3.37781966900008,"Buiten Kruispunt","Normaal","Droog","buiten bebouwde kom","Dag","Autosnelweg","Met doden","Lichte vrachtauto","Vrachtwagen","Tussen 2 bestuurders: Langs achteren","Geen hindernis"
"341","2017","08","04",2017-08-01,2017-08-01 04:00:00,2024-01-02 04:00:00,"24011","Vlaams Gewest","Provincie Vlaams-Brabant","Bierbeek",50.837347246,4.76688243200005,"Buiten Kruispunt","Normaal","Droog","buiten bebouwde kom","Nacht, openbare verlichting aanwezig en ontstoken","Autosnelweg","Met doden","Lichte vrachtauto","een weggebruiker tegen een hindernis","Weggebruiker tegen hindernis buiten rijbaan","Buiten de rijbaan: Vangrails niet overgestoken"
"342","2017","08","11",2017-08-01,2017-08-01 11:00:00,2024-01-02 11:00:00,"53070","Waals Gewest","Provincie Henegouwen","Saint-Ghislain",50.45258284,3.81968384300006,"Buiten Kruispunt","Normaal","Droog","buiten bebouwde kom","Dag","Autosnelweg","Met doden","personenauto","Lichte vrachtauto","Tussen 2 bestuurders: Langs achteren","Geen hindernis"
"343","2017","08","13",2017-08-01,2017-08-01 13:00:00,2024-01-02 13:00:00,"93056","Waals Gewest","Provincie Namen","Philippeville",50.1597394780001,4.51188538900004,"Buiten Kruispunt","Normaal","Droog","buiten bebouwde kom","Dag","Gewestweg","Met doden","personenauto","personenauto","Tussen 2 bestuurders: Langs achteren","Geen hindernis"
"344","2017","08","18",2017-08-01,2017-08-01 18:00:00,2024-01-02 18:00:00,"92094","Waals Gewest","Provincie Namen","Namen",50.517226959,4.86823171000003,"Buiten Kruispunt","Normaal","Droog","buiten bebouwde kom","Dag","Autosnelweg","Met doden","personenauto","een weggebruiker tegen een hindernis","Weggebruiker tegen hindernis buiten rijbaan","Buiten de rijbaan: Vangrails niet overgestoken"
"345","2017","08","02",2017-08-01,2017-08-01 02:00:00,2024-01-02 02:00:00,"64008","Waals Gewest","Provincie Luik","Berloz",50.6994271720001,5.17026474900007,"Buiten Kruispunt","Normaal","Droog+Proper","buiten bebouwde kom","Nacht, geen openbare verlichting aanwezig","Autosnelweg","Met doden","Lichte vrachtauto","Voetganger","Met een voetganger","Geen hindernis"
"346","2017","08","07",2017-08-01,2017-08-01 07:00:00,2024-01-02 07:00:00,"63073","Waals Gewest","Provincie Luik","Stavelot",50.3820898330001,6.00022943300007,"Buiten Kruispunt","Onbekend","Nat, plassen","buiten bebouwde kom","Dag","Autosnelweg","Met doden","Lichte vrachtauto","een weggebruiker tegen een hindernis","Weggebruiker tegen hindernis buiten rijbaan","Buiten de rijbaan: Gracht"