"","DT_YEAR_COLLISION","DT_MONTH_COLLISION","DT_TIME","YEAR_MONTH_DAY","YEAR_MONTH_DAY_HOUR","TIME_DT","CD_NIS","TX_RGN_COLLISION_NL","TX_PROV_COLLISION_NL","TX_MUNTY_COLLISION_NL","LAT_WGS84","LONG_WGS84","TX_CROSSWAY_NL","TX_WEATHER_NL","TX_ROAD_CONDITION_NL","TX_BUILD_UP_AREA_NL","TX_LIGHT_CONDITION_NL","CD_ROAD_TYPE_NL","TX_CLASS_ACCIDENTS_NL","TX_ROAD_USR_TYPE1_NL","TX_ROAD_USR_TYPE2_NL","TX_COLLISION_TYPE_NL","TX_OBSTACLES_NL"
"347","2017","08","01",2017-08-01,2017-08-01 01:00:00,2024-01-02 01:00:00,"62063","Waals Gewest","Provincie Luik","Luik",50.615782557,5.57324828500003,"Buiten Kruispunt","Normaal","Droog","binnen bebouwde kom","Nacht, openbare verlichting aanwezig en ontstoken","Gemeenteweg","Met doden","personenauto","Voetganger","Met een voetganger","Geen hindernis"
"348","2017","08","00",2017-08-01,2017-08-01 00:00:00,2024-01-02 00:00:00,"62120","Waals Gewest","Provincie Luik","Flémalle",NA,NA,"Op Kruispunt","Normaal","Droog","binnen bebouwde kom","Nacht, openbare verlichting aanwezig en ontstoken","Gemeenteweg","dodelijk gewonden","personenauto","personenauto","Tussen 2 bestuurders: Frontale botsing","Geen hindernis"
"349","2017","08","17",2017-08-01,2017-08-01 17:00:00,2024-01-02 17:00:00,"62120","Waals Gewest","Provincie Luik","Flémalle",50.58743008,5.46688055700003,"Buiten Kruispunt","Regenval","Nat, plassen","binnen bebouwde kom","Dag","Gemeenteweg","dodelijk gewonden","personenauto","een weggebruiker tegen een hindernis","Weggebruiker tegen hindernis buiten rijbaan","Andere hindernis"
"350","2017","08","04",2017-08-01,2017-08-01 04:00:00,2024-01-02 04:00:00,"62100","Waals Gewest","Provincie Luik","Sprimont",50.5424285560001,5.65191303700004,"Buiten Kruispunt","Normaal","Proper","buiten bebouwde kom","Nacht, openbare verlichting aanwezig en ontstoken","Gewestweg","Met doden","Lichte vrachtauto","een weggebruiker tegen een hindernis","Weggebruiker tegen hindernis buiten rijbaan","Buiten de rijbaan: Andere paal"
"351","2017","08","16",2017-08-01,2017-08-01 16:00:00,2024-01-02 16:00:00,"62100","Waals Gewest","Provincie Luik","Sprimont",50.5370005390001,5.61909127300004,"Buiten Kruispunt","Normaal","Proper","buiten bebouwde kom","Dag","Gewestweg","dodelijk gewonden","Motorfiets","een weggebruiker tegen een hindernis","Weggebruiker tegen hindernis buiten rijbaan","Andere hindernis"
"352","2017","08","20",2017-08-01,2017-08-01 20:00:00,2024-01-02 20:00:00,"63076","Waals Gewest","Provincie Luik","Theux",50.4903537640001,5.83076805000007,"Buiten Kruispunt","Normaal","Droog+Proper","buiten bebouwde kom","Dag","Gewestweg","Met doden","personenauto","Motorfiets","Tussen 2 bestuurders: Frontale botsing","Geen hindernis"
"353","2017","08","14",2017-08-01,2017-08-01 14:00:00,2024-01-02 14:00:00,"63076","Waals Gewest","Provincie Luik","Theux",NA,NA,"Buiten Kruispunt","Normaal","Proper","binnen bebouwde kom","Dag","Gemeenteweg","Met doden","personenauto","Voetganger","Met een voetganger","Geen hindernis"
"354","2017","08","19",2017-08-01,2017-08-01 19:00:00,2024-01-02 19:00:00,"63004","Waals Gewest","Provincie Luik","Baelen",NA,NA,"Buiten Kruispunt","Normaal","Nat, plassen","buiten bebouwde kom","Dag","Gewestweg","Met doden","personenauto","een weggebruiker tegen een hindernis","Weggebruiker tegen hindernis buiten rijbaan","Buiten de rijbaan: Boom"
"355","2017","08","18",2017-08-01,2017-08-01 18:00:00,2024-01-02 18:00:00,"82032","Waals Gewest","Provincie Luxemburg","Vielsalm",50.250778971,5.76661024200007,"Buiten Kruispunt","Normaal","Droog","buiten bebouwde kom","Dag","Gewestweg","Met doden","personenauto","een weggebruiker tegen een hindernis","Weggebruiker tegen hindernis buiten rijbaan","Buiten de rijbaan: Omheining"
"356","2017","08","10",2017-08-01,2017-08-01 10:00:00,2024-01-02 10:00:00,"82036","Waals Gewest","Provincie Luxemburg","Vaux-sur-Sûre",49.9012062040001,5.53012693900007,"Buiten Kruispunt","Normaal","Droog+Proper","binnen bebouwde kom","Dag","Gewestweg","Met doden","personenauto","een weggebruiker tegen een hindernis","Weggebruiker tegen hindernis buiten rijbaan","Buiten de rijbaan: Muur gebouw"
"357","2017","08","09",2017-08-01,2017-08-01 09:00:00,2024-01-02 09:00:00,"92114","Waals Gewest","Provincie Namen","Sombreffe",50.523470946,4.62770158000006,"Buiten Kruispunt","Regenval","Nat, plassen","buiten bebouwde kom","Dag","Gewestweg","Met doden","personenauto","een weggebruiker tegen een hindernis","Weggebruiker tegen hindernis buiten rijbaan","Buiten de rijbaan: Boom"
"358","2017","08","21",2017-08-01,2017-08-01 21:00:00,2024-01-02 21:00:00,"93022","Waals Gewest","Provincie Namen","Florennes",50.2829247390001,4.55333293400003,"Op Kruispunt","Regenval","Nat, plassen","buiten bebouwde kom","Nacht, openbare verlichting aanwezig en ontstoken","Gewestweg","Met doden","personenauto","een weggebruiker tegen een hindernis","Weggebruiker tegen hindernis buiten rijbaan","Buiten de rijbaan: Muur gebouw"
"359","2017","08","09",2017-08-01,2017-08-01 09:00:00,2024-01-02 09:00:00,"93090","Waals Gewest","Provincie Namen","Viroinval",50.0884352240001,4.59711641200005,"Buiten Kruispunt","Normaal","Droog","buiten bebouwde kom","Dag","Gemeenteweg","dodelijk gewonden","Fiets","een weggebruiker tegen een hindernis","Weggebruiker tegen hindernis buiten rijbaan","Buiten de rijbaan: Boom"
"360","2017","08","17",2017-08-01,2017-08-01 17:00:00,2024-01-02 17:00:00,"91005","Waals Gewest","Provincie Namen","Anhée",50.3007375230001,4.77744345000002,"Buiten Kruispunt","Normaal","Droog","buiten bebouwde kom","Dag","Gewestweg","Met doden","Motorfiets","één bestuurder, geen hindernis","Eén bestuurder, geen hindernis (incl. val)","Geen hindernis"
"361","2017","08","00",2017-08-01,2017-08-01 00:00:00,2024-01-02 00:00:00,"11022","Vlaams Gewest","Provincie Antwerpen","Kalmthout",51.3756621590001,4.50624484700006,"Buiten Kruispunt","Normaal","Droog","buiten bebouwde kom","Nacht, openbare verlichting aanwezig en ontstoken","Gewestweg","Met doden","personenauto","Lichte vrachtauto","Tussen 2 bestuurders: Frontale botsing","Geen hindernis"
"362","2017","08","04",2017-08-01,2017-08-01 04:00:00,2024-01-02 04:00:00,"11039","Vlaams Gewest","Provincie Antwerpen","Schilde",51.250638967,4.56897572700006,"Buiten Kruispunt","Normaal","Droog","buiten bebouwde kom","Nacht, openbare verlichting aanwezig en ontstoken","Gewestweg","Met doden","personenauto","een weggebruiker tegen een hindernis","Weggebruiker tegen hindernis buiten rijbaan","Buiten de rijbaan: Boom"
"363","2017","08","08",2017-08-01,2017-08-01 08:00:00,2024-01-02 08:00:00,"11057","Vlaams Gewest","Provincie Antwerpen","Malle",51.297147082,4.68997222300004,"Op Kruispunt","Normaal","Droog","binnen bebouwde kom","Dag","Gewestweg","Met doden","Vrachtwagen","Voetganger","Met een voetganger","Geen hindernis"
"364","2017","08","13",2017-08-01,2017-08-01 13:00:00,2024-01-02 13:00:00,"12029","Vlaams Gewest","Provincie Antwerpen","Putte",51.038124843,4.57716190400004,"Op Kruispunt","Normaal","Droog","buiten bebouwde kom","Dag","Gewestweg","Met doden","personenauto","Fiets","Tussen 2 bestuurders: Langs achteren","Geen hindernis"
"365","2017","08","13",2017-08-01,2017-08-01 13:00:00,2024-01-02 13:00:00,"13016","Vlaams Gewest","Provincie Antwerpen","Hulshout",51.060094979,4.83438327000005,"Buiten Kruispunt","Normaal","Droog","binnen bebouwde kom","Dag","Gewestweg","Met doden","personenauto","personenauto","Tss. 2 best.: langs opzij (voor-/achterkant-flank)","Geen hindernis"
"366","2017","08","21",2017-08-01,2017-08-01 21:00:00,2024-01-02 21:00:00,"13025","Vlaams Gewest","Provincie Antwerpen","Mol",51.243472775,5.18666727000004,"Buiten Kruispunt","Normaal","Droog","buiten bebouwde kom","Nacht, geen openbare verlichting aanwezig","Gewestweg","Met doden","Bromfiets","een weggebruiker tegen een hindernis","Weggebruiker tegen hindernis buiten rijbaan","Buiten de rijbaan: Boom"
"367","2017","08","14",2017-08-01,2017-08-01 14:00:00,2024-01-02 14:00:00,"73083","Vlaams Gewest","Provincie Limburg","Tongeren",NA,NA,"Buiten Kruispunt","Normaal","Droog","buiten bebouwde kom","Dag","Gemeenteweg","dodelijk gewonden","onbekend","onbekend","Andere of onbekend","Geen vermelding van de aanwezigheid van een hindernis"
"368","2017","08","13",2017-08-01,2017-08-01 13:00:00,2024-01-02 13:00:00,"72003","Vlaams Gewest","Provincie Limburg","Bocholt",51.189838637,5.49562487700007,"Op Kruispunt","Normaal","Droog","buiten bebouwde kom","Dag","Gewestweg","dodelijk gewonden","personenauto","Fiets","Tussen 2 bestuurders: Frontale botsing","Geen hindernis"
"369","2017","08","13",2017-08-01,2017-08-01 13:00:00,2024-01-02 13:00:00,"23103","Vlaams Gewest","Provincie Vlaams-Brabant","Wezembeek-Oppem",50.84996067,4.48239250400007,"Op Kruispunt","Regenval","Nat, plassen","buiten bebouwde kom","Dag","Gewestweg","dodelijk gewonden","Motorfiets","Voetganger","Met een voetganger","Geen hindernis"
"370","2017","08","12",2017-08-01,2017-08-01 12:00:00,2024-01-02 12:00:00,"23101","Vlaams Gewest","Provincie Vlaams-Brabant","Sint-Genesius-Rode",50.7188923,4.35158141900007,"Op Kruispunt","Normaal","Droog","binnen bebouwde kom","Dag","Gemeenteweg","Met doden","personenauto","één bestuurder, geen hindernis","Eén bestuurder, geen hindernis (incl. val)","Geen hindernis"
"371","2017","08","15",2017-08-01,2017-08-01 15:00:00,2024-01-02 15:00:00,"44064","Vlaams Gewest","Provincie Oost-Vlaanderen","Sint-Martens-Latem",51.003838466,3.64693226300005,"Op Kruispunt","Normaal","Nat, plassen","buiten bebouwde kom","Dag","Gemeenteweg","dodelijk gewonden","personenauto","Fiets","Tss. 2 best.: langs opzij (voor-/achterkant-flank)","Geen hindernis"
"372","2017","08","02",2017-08-01,2017-08-01 02:00:00,2024-01-02 02:00:00,"35011","Vlaams Gewest","Provincie West-Vlaanderen","Middelkerke",NA,NA,"Buiten Kruispunt","Normaal","Droog","buiten bebouwde kom","Nacht, geen openbare verlichting aanwezig","Gemeenteweg","dodelijk gewonden","Fiets","één bestuurder, geen hindernis","Eén bestuurder, geen hindernis (incl. val)","Geen hindernis"
"373","2017","11","01",2017-11-01,2017-11-01 01:00:00,2024-01-02 01:00:00,"13031","Vlaams Gewest","Provincie Antwerpen","Oud-Turnhout",51.2939787430001,5.02697708400007,"Buiten Kruispunt","Regenval","Nat, plassen","buiten bebouwde kom","Nacht, geen openbare verlichting aanwezig","Autosnelweg","dodelijk gewonden","personenauto","een weggebruiker tegen een hindernis","Weggebruiker tegen hindernis buiten rijbaan","Buiten de rijbaan: Andere paal"
"374","2017","10","23",2017-10-01,2017-10-01 23:00:00,2024-01-02 23:00:00,"13049","Vlaams Gewest","Provincie Antwerpen","Westerlo",51.1403030910001,4.91040301800007,"Buiten Kruispunt","Regenval","Nat, plassen","buiten bebouwde kom","Nacht, geen openbare verlichting aanwezig","Autosnelweg","Met doden","personenauto","een weggebruiker tegen een hindernis","Weggebruiker tegen hindernis buiten rijbaan","Buiten de rijbaan: Vangrails niet overgestoken"
"375","2017","09","17",2017-09-01,2017-09-01 17:00:00,2024-01-02 17:00:00,"11009","Vlaams Gewest","Provincie Antwerpen","Brecht",51.3501184190001,4.62651612100007,"Buiten Kruispunt","Normaal","Droog+Proper","buiten bebouwde kom","Dag","Autosnelweg","Met doden","personenauto","personenauto","Tussen 2 bestuurders: Frontale botsing","Geen hindernis"
"376","2017","09","07",2017-09-01,2017-09-01 07:00:00,2024-01-02 07:00:00,"11054","Vlaams Gewest","Provincie Antwerpen","Zandhoven",51.224634,4.64965211800006,"Buiten Kruispunt","Normaal","Droog","buiten bebouwde kom","Dag","Autosnelweg","Met doden","Lichte vrachtauto","Vrachtwagen","Tussen 2 bestuurders: Langs achteren","Geen hindernis"
"377","2017","10","23",2017-10-01,2017-10-01 23:00:00,2024-01-02 23:00:00,"44021","Vlaams Gewest","Provincie Oost-Vlaanderen","Gent",51.014000213,3.72860427100005,"Buiten Kruispunt","Normaal","Droog","buiten bebouwde kom","Nacht, openbare verlichting aanwezig en ontstoken","Autosnelweg","Met doden","personenauto","een weggebruiker tegen een hindernis","Weggebruiker tegen hindernis buiten rijbaan","Buiten de rijbaan: Verlichtingspaal"
"378","2017","09","02",2017-09-01,2017-09-01 02:00:00,2024-01-02 02:00:00,"31012","Vlaams Gewest","Provincie West-Vlaanderen","Jabbeke",51.191732587,3.08761506300004,"Buiten Kruispunt","Normaal","Droog+Proper","buiten bebouwde kom","Nacht, openbare verlichting aanwezig en ontstoken","Autosnelweg","Met doden","Vrachtwagen","personenauto","Tussen 2 bestuurders: Langs achteren","Geen hindernis"
"379","2017","10","14",2017-10-01,2017-10-01 14:00:00,2024-01-02 14:00:00,"34022","Vlaams Gewest","Provincie West-Vlaanderen","Kortrijk",50.805336342,3.26463896400003,"Buiten Kruispunt","Normaal","Droog","buiten bebouwde kom","Dag","Autosnelweg","Met doden","Vrachtwagen","Vrachtwagen","Tussen 2 bestuurders: Langs achteren","Geen hindernis"
"380","2017","10","17",2017-10-01,2017-10-01 17:00:00,2024-01-02 17:00:00,"25031","Waals Gewest","Provincie Waals-Brabant","Genepiën",50.6177649110001,4.42495366900005,"Buiten Kruispunt","Normaal","Droog","buiten bebouwde kom","Dag","Gewestweg","Met doden","Lichte vrachtauto","Andere weggebruiker","Tussen 2 bestuurders: Langs achteren","Geen hindernis"
"381","2017","10","12",2017-10-01,2017-10-01 12:00:00,2024-01-02 12:00:00,"23027","Vlaams Gewest","Provincie Vlaams-Brabant","Halle (Halle-Vilvoorde)",50.724073838,4.20928052100004,"Buiten Kruispunt","Normaal","Nat, plassen","buiten bebouwde kom","Dag","Autosnelweg","Met doden","Motorfiets","een weggebruiker tegen een hindernis","Weggebruiker tegen hindernis buiten rijbaan","Buiten de rijbaan: Boom"
"382","2017","09","23",2017-09-01,2017-09-01 23:00:00,2024-01-02 23:00:00,"21007","Brussels Hoofdstedelijk Gewest",NA,"Vorst (Brussel-Hoofdstad)",50.7999258770001,4.30704662800002,"Buiten Kruispunt","Regenval","Nat, plassen","buiten bebouwde kom","Nacht, openbare verlichting aanwezig en ontstoken","Autosnelweg","Met doden","Lichte vrachtauto","een weggebruiker tegen een hindernis","Weggebruiker tegen hindernis buiten rijbaan","Buiten de rijbaan: Vangrails niet overgestoken"
"383","2017","10","20",2017-10-01,2017-10-01 20:00:00,2024-01-02 20:00:00,"52010","Waals Gewest","Provincie Henegouwen","Chapelle-lez-Herlaimont",50.441238464,4.27877810700005,"Buiten Kruispunt","Normaal","Droog+Proper","buiten bebouwde kom","Nacht, openbare verlichting aanwezig en ontstoken","Gewestweg","Met doden","personenauto","Motorfiets","Tussen 2 bestuurders: Langs achteren","Geen hindernis"
"384","2017","10","08",2017-10-01,2017-10-01 08:00:00,2024-01-02 08:00:00,"52055","Waals Gewest","Provincie Henegouwen","Pont-à-Celles",50.542943021,4.37361761300002,"Buiten Kruispunt","Normaal","Nat, plassen","buiten bebouwde kom","Dag","Autosnelweg","dodelijk gewonden","Vrachtwagen","Voetganger","Met een voetganger","Geen hindernis"
"385","2017","10","11",2017-10-01,2017-10-01 11:00:00,2024-01-02 11:00:00,"53053","Waals Gewest","Provincie Henegouwen","Bergen",50.4887043470001,4.01313079000005,"Buiten Kruispunt","Normaal","Droog","buiten bebouwde kom","Dag","Autosnelweg","Met doden","personenauto","personenauto","Tussen 2 bestuurders: Langs achteren","Geen hindernis"
"386","2017","10","17",2017-10-01,2017-10-01 17:00:00,2024-01-02 17:00:00,"51009","Waals Gewest","Provincie Henegouwen","Bernissart",NA,NA,"Op Kruispunt","Normaal","Proper","buiten bebouwde kom","Dag","Gewestweg","Met doden","personenauto","personenauto","Tss. 2 best.: langs opzij (voor-/achterkant-flank)","Geen hindernis"
"387","2017","09","19",2017-09-01,2017-09-01 19:00:00,2024-01-02 19:00:00,"57003","Waals Gewest","Provincie Henegouwen","Antoing",50.568608784,3.46500534400008,"Buiten Kruispunt","Regenval","Nat, plassen","buiten bebouwde kom","Dageraad - schemering","Gewestweg","Met doden","personenauto","een weggebruiker tegen een hindernis","Weggebruiker tegen hindernis buiten rijbaan","Buiten de rijbaan: Boom"
"388","2017","09","15",2017-09-01,2017-09-01 15:00:00,2024-01-02 15:00:00,"36015","Vlaams Gewest","Provincie West-Vlaanderen","Roeselare",NA,NA,"Op Kruispunt","Normaal","Droog","binnen bebouwde kom","Dag","Gemeenteweg","Met doden","Voetganger","Andere weggebruiker","Met een voetganger","Geen hindernis"
"389","2017","09","17",2017-09-01,2017-09-01 17:00:00,2024-01-02 17:00:00,"11002","Vlaams Gewest","Provincie Antwerpen","Antwerpen",NA,NA,"Op Kruispunt","Normaal","Droog","buiten bebouwde kom","Dag","Gewestweg","Met doden","Andere weggebruiker","Voetganger","Met een voetganger","Geen hindernis"
"390","2017","09","04",2017-09-01,2017-09-01 04:00:00,2024-01-02 04:00:00,"92006","Waals Gewest","Provincie Namen","Assesse",50.3870727020001,4.99061825000007,"Buiten Kruispunt","Normaal","Proper","buiten bebouwde kom","Nacht, openbare verlichting aanwezig en ontstoken","Gewestweg","Met doden","personenauto","een weggebruiker tegen een hindernis","Weggebruiker tegen hindernis buiten rijbaan","Buiten de rijbaan: Andere paal"
"391","2017","11","17",2017-11-01,2017-11-01 17:00:00,2024-01-02 17:00:00,"92114","Waals Gewest","Provincie Namen","Sombreffe",50.4910425360001,4.61677044300006,"Buiten Kruispunt","Normaal","Nat, plassen","buiten bebouwde kom","Dag","Autosnelweg","Met doden","personenauto","personenauto","Tussen 2 bestuurders: Langs achteren","Geen hindernis"
"392","2017","10","14",2017-10-01,2017-10-01 14:00:00,2024-01-02 14:00:00,"93014","Waals Gewest","Provincie Namen","Couvin",50.095856563,4.50795938900006,"Buiten Kruispunt","Regenval","Nat, plassen","buiten bebouwde kom","Dag","Gewestweg","Met doden","personenauto","een weggebruiker tegen een hindernis","Weggebruiker tegen hindernis buiten rijbaan","Buiten de rijbaan: Verlichtingspaal"
"393","2017","10","21",2017-10-01,2017-10-01 21:00:00,2024-01-02 21:00:00,"62032","Waals Gewest","Provincie Luik","Esneux",50.5708543740001,5.60434821500007,"Buiten Kruispunt","Regenval","Nat, plassen","buiten bebouwde kom","Nacht, openbare verlichting aanwezig en ontstoken","Autosnelweg","Met doden","onbekend","onbekend","Geen vermelding van de type aanrijding","Geen vermelding van de type aanrijding"
"394","2017","10","22",2017-10-01,2017-10-01 22:00:00,2024-01-02 22:00:00,"62118","Waals Gewest","Provincie Luik","Grâce-Hollogne",50.6466246840001,5.47179541800006,"Buiten Kruispunt","Normaal","Droog+Proper","buiten bebouwde kom","Nacht, openbare verlichting aanwezig en ontstoken","Autosnelweg","Met doden","personenauto","Vrachtwagen","Tussen 2 bestuurders: Frontale botsing","Geen hindernis"
"395","2017","09","14",2017-09-01,2017-09-01 14:00:00,2024-01-02 14:00:00,"62022","Waals Gewest","Provincie Luik","Chaudfontaine",50.5839209590001,5.59556259200002,"Buiten Kruispunt","Regenval","Nat, plassen","buiten bebouwde kom","Dag","Autosnelweg","Met doden","onbekend","een weggebruiker tegen een hindernis","Weggebruiker tegen hindernis buiten rijbaan","Buiten de rijbaan: Boom"
"396","2017","10","07",2017-10-01,2017-10-01 07:00:00,2024-01-02 07:00:00,"63079","Waals Gewest","Provincie Luik","Verviers",50.5947334900001,5.84439117400007,"Buiten Kruispunt","Regenval","Nat, plassen","buiten bebouwde kom","Nacht, openbare verlichting aanwezig en ontstoken","Autosnelweg","Met doden","personenauto","een weggebruiker tegen een hindernis","Weggebruiker tegen hindernis buiten rijbaan","Buiten de rijbaan: Vangrails niet overgestoken"
"397","2017","09","21",2017-09-01,2017-09-01 21:00:00,2024-01-02 21:00:00,"25110","Waals Gewest","Provincie Waals-Brabant","Waterloo",50.680416074,4.41192963900005,"Op Kruispunt","Normaal","Proper","buiten bebouwde kom","Nacht, geen openbare verlichting aanwezig","Gewestweg","Met doden","personenauto","personenauto","Tss. 2 best.: langs opzij (voor-/achterkant-flank)","Geen hindernis"
"398","2017","10","14",2017-10-01,2017-10-01 14:00:00,2024-01-02 14:00:00,"62063","Waals Gewest","Provincie Luik","Luik",50.6091085910001,5.61420114400005,"Op Kruispunt","Normaal","Droog","binnen bebouwde kom","Dag","Gewestweg","Met doden","Motorfiets","personenauto","Tss. 2 best.: langs opzij (voor-/achterkant-flank)","Geen hindernis"
"399","2017","10","16",2017-10-01,2017-10-01 16:00:00,2024-01-02 16:00:00,"62063","Waals Gewest","Provincie Luik","Luik",50.681185849,5.55261075100003,"Op Kruispunt","Normaal","Droog","binnen bebouwde kom","Dag","Gemeenteweg","dodelijk gewonden","personenauto","Fiets","Tss. 2 best.: langs opzij (voor-/achterkant-flank)","Geen hindernis"
"400","2017","10","16",2017-10-01,2017-10-01 16:00:00,2024-01-02 16:00:00,"62027","Waals Gewest","Provincie Luik","Dalhem",NA,NA,"Buiten Kruispunt","Regenval","Nat, plassen","binnen bebouwde kom","Dag","Gemeenteweg","Met doden","personenauto","een weggebruiker tegen een hindernis","Weggebruiker tegen hindernis buiten rijbaan","Buiten de rijbaan: Boom"
"401","2017","11","16",2017-11-01,2017-11-01 16:00:00,2024-01-02 16:00:00,"62100","Waals Gewest","Provincie Luik","Sprimont",50.5289836270001,5.71974034100003,"Buiten Kruispunt","Normaal","Droog","buiten bebouwde kom","Dag","Gewestweg","Met doden","Lichte vrachtauto","personenauto","Tussen 2 bestuurders: Frontale botsing","Geen hindernis"
"402","2017","09","11",2017-09-01,2017-09-01 11:00:00,2024-01-02 11:00:00,"62009","Waals Gewest","Provincie Luik","Aywaille",50.5081553860001,5.72801081000006,"Buiten Kruispunt","Normaal","Droog","buiten bebouwde kom","Dag","Gewestweg","Met doden","personenauto","een weggebruiker tegen een hindernis","Weggebruiker tegen hindernis buiten rijbaan","Buiten de rijbaan: Boom"
"403","2017","09","13",2017-09-01,2017-09-01 13:00:00,2024-01-02 13:00:00,"62022","Waals Gewest","Provincie Luik","Chaudfontaine",50.5980983630001,5.63123108300005,"Buiten Kruispunt","Normaal","Proper","binnen bebouwde kom","Dag","Gewestweg","Met doden","Motorfiets","personenauto","Tussen 2 bestuurders: Langs achteren","Geen hindernis"
"404","2017","10","07",2017-10-01,2017-10-01 07:00:00,2024-01-02 07:00:00,"64074","Waals Gewest","Provincie Luik","Borgworm",50.699114105,5.25675530300003,"Buiten Kruispunt","Normaal","Proper","binnen bebouwde kom","Dageraad - schemering","Gemeenteweg","dodelijk gewonden","personenauto","een weggebruiker tegen een hindernis","Weggebruiker tegen hindernis buiten rijbaan","Buiten de rijbaan: Andere paal"
"405","2017","10","11",2017-10-01,2017-10-01 11:00:00,2024-01-02 11:00:00,"63023","Waals Gewest","Provincie Luik","Eupen",50.6273172370001,6.03227621900004,"Buiten Kruispunt","Normaal","Droog","binnen bebouwde kom","Dag","Gewestweg","dodelijk gewonden","personenauto","personenauto","Kettingbotsing (3 bestuurders of meer)","Geen hindernis"
"406","2017","09","23",2017-09-01,2017-09-01 23:00:00,2024-01-02 23:00:00,"61068","Waals Gewest","Provincie Luik","Villers-Le-Bouillet",50.5807357850001,5.27035846600006,"Op Kruispunt","Normaal","Proper","buiten bebouwde kom","Nacht, openbare verlichting aanwezig en ontstoken","Gewestweg","dodelijk gewonden","personenauto","een weggebruiker tegen een hindernis","Weggebruiker tegen hindernis op de rijbaan","Buiten de rijbaan: Verkeerseiland, middenberm"
"407","2017","10","19",2017-10-01,2017-10-01 19:00:00,2024-01-02 19:00:00,"83049","Waals Gewest","Provincie Luxemburg","Tenneville",50.0924537820001,5.50886864100005,"Buiten Kruispunt","Normaal","Droog","binnen bebouwde kom","Nacht, openbare verlichting aanwezig en ontstoken","Gewestweg","dodelijk gewonden","personenauto","Voetganger","Met een voetganger","Geen hindernis"
"408","2017","09","14",2017-09-01,2017-09-01 14:00:00,2024-01-02 14:00:00,"84043","Waals Gewest","Provincie Luxemburg","Neufchâteau (Neufchâteau)",49.8428895770001,5.39582169200003,"Op Kruispunt","Normaal","Proper","buiten bebouwde kom","Dag","Gewestweg","Met doden","personenauto","personenauto","Tss. 2 best.: langs opzij (voor-/achterkant-flank)","Geen hindernis"
"409","2017","10","20",2017-10-01,2017-10-01 20:00:00,2024-01-02 20:00:00,"84059","Waals Gewest","Provincie Luxemburg","Saint-Hubert",50.031982999,5.38577832200002,"Buiten Kruispunt","Normaal","Proper","buiten bebouwde kom","Nacht, openbare verlichting aanwezig en ontstoken","Gewestweg","Met doden","personenauto","een weggebruiker tegen een hindernis","Weggebruiker tegen hindernis buiten rijbaan","Buiten de rijbaan: Vangrails overschreden"
"410","2017","09","18",2017-09-01,2017-09-01 18:00:00,2024-01-02 18:00:00,"84035","Waals Gewest","Provincie Luxemburg","Libin",49.9615100940001,5.27986619500007,"Buiten Kruispunt","Normaal","Proper","buiten bebouwde kom","Dag","Gewestweg","Met doden","personenauto","een weggebruiker tegen een hindernis","Weggebruiker tegen hindernis buiten rijbaan","Buiten de rijbaan: Boom"
"411","2017","10","03",2017-10-01,2017-10-01 03:00:00,2024-01-02 03:00:00,"84029","Waals Gewest","Provincie Luxemburg","Herbeumont",49.8177162790001,5.30410872900006,"Buiten Kruispunt","Regenval","Nat, plassen+Vuil (zand, grint, bladeren,...)","buiten bebouwde kom","Nacht, geen openbare verlichting aanwezig","Gewestweg","Met doden","personenauto","een weggebruiker tegen een hindernis","Weggebruiker tegen hindernis buiten rijbaan","Buiten de rijbaan: Boom"
"412","2017","09","18",2017-09-01,2017-09-01 18:00:00,2024-01-02 18:00:00,"84009","Waals Gewest","Provincie Luxemburg","Bertrix",49.8546945320001,5.25839218200002,"Op Kruispunt","Onbekend","Nat, plassen","binnen bebouwde kom","Dag","Gemeenteweg","Met doden","personenauto","Voetganger","Met een voetganger","Geen hindernis"
"413","2017","09","13",2017-09-01,2017-09-01 13:00:00,2024-01-02 13:00:00,"92094","Waals Gewest","Provincie Namen","Namen",50.4643199920001,4.89458612300007,"Buiten Kruispunt","Normaal","Droog","binnen bebouwde kom","Dag","Gewestweg","Met doden","Vrachtwagen","Voetganger","Met een voetganger","Geen hindernis"
"414","2017","09","07",2017-09-01,2017-09-01 07:00:00,2024-01-02 07:00:00,"92094","Waals Gewest","Provincie Namen","Namen",50.4922243980001,4.81208219500007,"Op Kruispunt","Normaal","Droog","buiten bebouwde kom","Dag","Gewestweg","Met doden","Motorfiets","personenauto","Tss. 2 best.: langs opzij (voor-/achterkant-flank)","Geen hindernis"