"","DT_YEAR_COLLISION","DT_MONTH_COLLISION","DT_TIME","YEAR_MONTH_DAY","YEAR_MONTH_DAY_HOUR","TIME_DT","CD_NIS","TX_RGN_COLLISION_NL","TX_PROV_COLLISION_NL","TX_MUNTY_COLLISION_NL","LAT_WGS84","LONG_WGS84","TX_CROSSWAY_NL","TX_WEATHER_NL","TX_ROAD_CONDITION_NL","TX_BUILD_UP_AREA_NL","TX_LIGHT_CONDITION_NL","CD_ROAD_TYPE_NL","TX_CLASS_ACCIDENTS_NL","TX_ROAD_USR_TYPE1_NL","TX_ROAD_USR_TYPE2_NL","TX_COLLISION_TYPE_NL","TX_OBSTACLES_NL"
"415","2017","09","22",2017-09-01,2017-09-01 22:00:00,2024-01-02 22:00:00,"92142","Waals Gewest","Provincie Namen","Gembloux",50.5612545180001,4.68268297100008,"Buiten Kruispunt","Normaal","Droog+Proper","binnen bebouwde kom","Nacht, openbare verlichting aanwezig en ontstoken","Gewestweg","Met doden","personenauto","Voetganger","Met een voetganger","Geen hindernis"
"416","2017","10","23",2017-10-01,2017-10-01 23:00:00,2024-01-02 23:00:00,"92035","Waals Gewest","Provincie Namen","Eghezée",50.58545895,4.91179807000003,"Buiten Kruispunt","Normaal","Droog+Proper","binnen bebouwde kom","Nacht, openbare verlichting aanwezig en ontstoken","Gewestweg","Met doden","personenauto","Lichte vrachtauto","Tss. 2 best.: langs opzij (voor-/achterkant-flank)","Geen hindernis"
"417","2017","09","17",2017-09-01,2017-09-01 17:00:00,2024-01-02 17:00:00,"92035","Waals Gewest","Provincie Namen","Eghezée",50.575553541,4.88548082600005,"Buiten Kruispunt","Normaal","Droog+Proper","buiten bebouwde kom","Dag","Gewestweg","Met doden","personenauto","personenauto","Tss. 2 best.: langs opzij (voor-/achterkant-flank)","Geen hindernis"
"418","2017","10","23",2017-10-01,2017-10-01 23:00:00,2024-01-02 23:00:00,"92054","Waals Gewest","Provincie Namen","Gesves",50.3992116100001,5.03848970600006,"Buiten Kruispunt","Normaal","Nat, plassen","buiten bebouwde kom","Nacht, openbare verlichting aanwezig en ontstoken","Gewestweg","Met doden","personenauto","een weggebruiker tegen een hindernis","Weggebruiker tegen hindernis buiten rijbaan","Buiten de rijbaan: Boom"
"419","2017","10","02",2017-10-01,2017-10-01 02:00:00,2024-01-02 02:00:00,"92054","Waals Gewest","Provincie Namen","Gesves",50.442462714,5.01193725600007,"Buiten Kruispunt","Normaal","Droog","buiten bebouwde kom","Nacht, geen openbare verlichting aanwezig","Gewestweg","Met doden","Lichte vrachtauto","een weggebruiker tegen een hindernis","Weggebruiker tegen hindernis buiten rijbaan","Andere hindernis"
"420","2017","10","02",2017-10-01,2017-10-01 02:00:00,2024-01-02 02:00:00,"92087","Waals Gewest","Provincie Namen","Mettet",50.3444736920001,4.74677150400004,"Buiten Kruispunt","Regenval","Nat, plassen","binnen bebouwde kom","Nacht, openbare verlichting aanwezig en ontstoken","Gewestweg","Met doden","personenauto","een weggebruiker tegen een hindernis","Weggebruiker tegen hindernis buiten rijbaan","Buiten de rijbaan: Andere paal"
"421","2017","09","21",2017-09-01,2017-09-01 21:00:00,2024-01-02 21:00:00,"92048","Waals Gewest","Provincie Namen","Fosses-la-Ville",50.3650618390001,4.66745508100007,"Buiten Kruispunt","Normaal","Proper","buiten bebouwde kom","Nacht, geen openbare verlichting aanwezig","Gewestweg","Met doden","personenauto","Voetganger","Met een voetganger","Geen hindernis"
"422","2017","10","19",2017-10-01,2017-10-01 19:00:00,2024-01-02 19:00:00,"93022","Waals Gewest","Provincie Namen","Florennes",NA,NA,"Buiten Kruispunt","Normaal","Nat, plassen","buiten bebouwde kom","Nacht, geen openbare verlichting aanwezig","Gewestweg","Met doden","personenauto","een weggebruiker tegen een hindernis","Weggebruiker tegen hindernis buiten rijbaan","Buiten de rijbaan: Boom"
"423","2017","10","17",2017-10-01,2017-10-01 17:00:00,2024-01-02 17:00:00,"91064","Waals Gewest","Provincie Namen","Havelange",50.3760277590001,5.22020248100006,"Buiten Kruispunt","Normaal","Proper","buiten bebouwde kom","Dag","Gewestweg","Met doden","personenauto","een weggebruiker tegen een hindernis","Weggebruiker tegen hindernis buiten rijbaan","Buiten de rijbaan: Boom"
"424","2017","09","22",2017-09-01,2017-09-01 22:00:00,2024-01-02 22:00:00,"91059","Waals Gewest","Provincie Namen","Hamois",50.3556628900001,5.17223660900004,"Buiten Kruispunt","Normaal","Proper","buiten bebouwde kom","Nacht, openbare verlichting aanwezig en ontstoken","Gewestweg","Met doden","personenauto","Andere weggebruiker","Tussen 2 bestuurders: Frontale botsing","Geen hindernis"
"425","2017","09","00",2017-09-01,2017-09-01 00:00:00,2024-01-02 00:00:00,"91030","Waals Gewest","Provincie Namen","Ciney",NA,NA,"Buiten Kruispunt","Normaal","Proper","binnen bebouwde kom","Nacht, geen openbare verlichting aanwezig","Gemeenteweg","Met doden","personenauto","Voetganger","Met een voetganger","Geen hindernis"
"426","2017","09","19",2017-09-01,2017-09-01 19:00:00,2024-01-02 19:00:00,"93010","Waals Gewest","Provincie Namen","Cerfontaine",50.168697308,4.40390432000004,"Op Kruispunt","Normaal","Droog+Proper","binnen bebouwde kom","Dag","Gemeenteweg","Met doden","personenauto","één bestuurder, geen hindernis","Eén bestuurder, geen hindernis (incl. val)","Geen hindernis"
"427","2017","09","17",2017-09-01,2017-09-01 17:00:00,2024-01-02 17:00:00,"57081","Waals Gewest","Provincie Henegouwen","Doornik",50.589298055,3.42234273500003,"Buiten Kruispunt","Regenval","Nat, plassen","binnen bebouwde kom","Nacht, openbare verlichting aanwezig en ontstoken","Gewestweg","Met doden","personenauto","een weggebruiker tegen een hindernis","Weggebruiker tegen hindernis buiten rijbaan","Buiten de rijbaan: Boom"
"428","2017","09","19",2017-09-01,2017-09-01 19:00:00,2024-01-02 19:00:00,"57096","Waals Gewest","Provincie Henegouwen","Moeskroen",50.7428828640001,3.23019851600003,"Buiten Kruispunt","Normaal","Proper","binnen bebouwde kom","Dag","Gemeenteweg","Met doden","personenauto","personenauto","Tussen 2 bestuurders: Frontale botsing","Geen hindernis"
"429","2017","09","19",2017-09-01,2017-09-01 19:00:00,2024-01-02 19:00:00,"51008","Waals Gewest","Provincie Henegouwen","Beloeil",50.4994989900001,3.70688369400006,"Buiten Kruispunt","Normaal","Nat, plassen","buiten bebouwde kom","Dageraad - schemering","Gewestweg","Met doden","personenauto","personenauto","Tss. 2 best.: langs opzij (voor-/achterkant-flank)","Geen hindernis"
"430","2017","09","23",2017-09-01,2017-09-01 23:00:00,2024-01-02 23:00:00,"57094","Waals Gewest","Provincie Henegouwen","Leuze-en-Hainaut",50.6011549460001,3.60843838800003,"Buiten Kruispunt","Normaal","Droog","buiten bebouwde kom","Nacht, openbare verlichting aanwezig en ontstoken","Gewestweg","dodelijk gewonden","personenauto","Vrachtwagen","Tussen 2 bestuurders: Frontale botsing","Geen hindernis"
"431","2017","10","20",2017-10-01,2017-10-01 20:00:00,2024-01-02 20:00:00,"57064","Waals Gewest","Provincie Henegouwen","Péruwelz",50.4938136750001,3.59143398400005,"Buiten Kruispunt","Normaal","Proper","binnen bebouwde kom","Nacht, openbare verlichting aanwezig en ontstoken","Gemeenteweg","Met doden","Bromfiets","een weggebruiker tegen een hindernis","Weggebruiker tegen hindernis op de rijbaan","Buiten de rijbaan: Verkeerseiland, middenberm"
"432","2017","09","17",2017-09-01,2017-09-01 17:00:00,2024-01-02 17:00:00,"53053","Waals Gewest","Provincie Henegouwen","Bergen",50.4507049650001,3.95418081500003,"Buiten Kruispunt","Normaal","Droog","binnen bebouwde kom","Dag","Gemeenteweg","Met doden","Motorfiets","één bestuurder, geen hindernis","Eén bestuurder, geen hindernis (incl. val)","Geen hindernis"
"433","2017","10","07",2017-10-01,2017-10-01 07:00:00,2024-01-02 07:00:00,"51014","Waals Gewest","Provincie Henegouwen","Chièvres",NA,NA,"Buiten Kruispunt","Regenval","Nat, plassen","buiten bebouwde kom","Nacht, openbare verlichting aanwezig en ontstoken","Gemeenteweg","Met doden","Lichte vrachtauto","Voetganger","Met een voetganger","Geen hindernis"
"434","2017","09","11",2017-09-01,2017-09-01 11:00:00,2024-01-02 11:00:00,"53070","Waals Gewest","Provincie Henegouwen","Saint-Ghislain",50.4766334340001,3.82310653800005,"Buiten Kruispunt","Normaal","Droog","buiten bebouwde kom","Dag","Gewestweg","Met doden","personenauto","Fiets","Tussen 2 bestuurders: Langs achteren","Geen hindernis"
"435","2017","10","18",2017-10-01,2017-10-01 18:00:00,2024-01-02 18:00:00,"53039","Waals Gewest","Provincie Henegouwen","Hensies",50.4195543050001,3.74613866400006,"Op Kruispunt","Normaal","Droog","buiten bebouwde kom","Nacht, openbare verlichting aanwezig en ontstoken","Gewestweg","Met doden","onbekend","onbekend","Geen vermelding van de type aanrijding","Geen vermelding van de type aanrijding"
"436","2017","10","21",2017-10-01,2017-10-01 21:00:00,2024-01-02 21:00:00,"52018","Waals Gewest","Provincie Henegouwen","Farciennes",50.426993424,4.54933047700007,"Buiten Kruispunt","Normaal","Droog","binnen bebouwde kom","Nacht, openbare verlichting aanwezig en ontstoken","Gewestweg","dodelijk gewonden","Bromfiets","personenauto","Tussen 2 bestuurders: Frontale botsing","Geen hindernis"
"437","2017","09","06",2017-09-01,2017-09-01 06:00:00,2024-01-02 06:00:00,"58002","Waals Gewest","Provincie Henegouwen","Binche",50.435793678,4.15097256900003,"Buiten Kruispunt","Normaal","Nat, plassen+Proper","binnen bebouwde kom","Dageraad - schemering","onbekend","dodelijk gewonden","personenauto","Voetganger","Met een voetganger","Geen hindernis"
"438","2017","09","13",2017-09-01,2017-09-01 13:00:00,2024-01-02 13:00:00,"56022","Waals Gewest","Provincie Henegouwen","Erquelinnes",50.298867488,4.15832055000004,"Buiten Kruispunt","Regenval","Nat, plassen","binnen bebouwde kom","Dag","Gemeenteweg","dodelijk gewonden","Motorfiets","personenauto","Tussen 2 bestuurders: Frontale botsing","Geen hindernis"
"439","2017","09","14",2017-09-01,2017-09-01 14:00:00,2024-01-02 14:00:00,"56016","Waals Gewest","Provincie Henegouwen","Chimay",50.0618238160001,4.26506163400006,"Buiten Kruispunt","Regenval","Nat, plassen","buiten bebouwde kom","Dag","Gewestweg","Met doden","personenauto","een weggebruiker tegen een hindernis","Weggebruiker tegen hindernis buiten rijbaan","Buiten de rijbaan: Muur gebouw"
"440","2017","09","17",2017-09-01,2017-09-01 17:00:00,2024-01-02 17:00:00,"52025","Waals Gewest","Provincie Henegouwen","Gerpinnes",50.357619228,4.51967875700007,"Buiten Kruispunt","Regenval+Sterke wind, rukwind","Nat, plassen","binnen bebouwde kom","Dag","Gemeenteweg","Met doden","Bromfiets","een weggebruiker tegen een hindernis","Weggebruiker tegen hindernis op de rijbaan","Verkeersdrempel,ezelsrug,put,uitholling,straatgoot"
"441","2017","10","20",2017-10-01,2017-10-01 20:00:00,2024-01-02 20:00:00,"21004","Brussels Hoofdstedelijk Gewest",NA,"Brussel",50.8613953880001,4.35602757300006,"Op Kruispunt","Normaal","Droog","binnen bebouwde kom","Nacht, openbare verlichting aanwezig en ontstoken","Gewestweg","dodelijk gewonden","personenauto","personenauto","Tss. 2 best.: langs opzij (voor-/achterkant-flank)","Geen hindernis"
"442","2017","09","19",2017-09-01,2017-09-01 19:00:00,2024-01-02 19:00:00,"21004","Brussels Hoofdstedelijk Gewest",NA,"Brussel",NA,NA,"Buiten Kruispunt","Normaal","Droog+Proper","binnen bebouwde kom","Nacht, openbare verlichting aanwezig en ontstoken","Gemeenteweg","dodelijk gewonden","Voetganger","personenauto","Met een voetganger","Geen hindernis"
"443","2017","09","05",2017-09-01,2017-09-01 05:00:00,2024-01-02 05:00:00,"21004","Brussels Hoofdstedelijk Gewest",NA,"Brussel",NA,NA,"Buiten Kruispunt","Normaal","Droog","binnen bebouwde kom","Nacht, openbare verlichting aanwezig en ontstoken","onbekend","Met doden","personenauto","een weggebruiker tegen een hindernis","Weggebruiker tegen hindernis buiten rijbaan","Andere hindernis"
"444","2017","09","17",2017-09-01,2017-09-01 17:00:00,2024-01-02 17:00:00,"21016","Brussels Hoofdstedelijk Gewest",NA,"Ukkel",50.8079590150001,4.37071478600006,"Buiten Kruispunt","Normaal","Proper","binnen bebouwde kom","Dag","Gewestweg","Met doden","Motorfiets","personenauto","Tss. 2 best.: langs opzij (voor-/achterkant-flank)","Geen hindernis"
"445","2017","10","15",2017-10-01,2017-10-01 15:00:00,2024-01-02 15:00:00,"21006","Brussels Hoofdstedelijk Gewest",NA,"Evere",50.8711257470001,4.39989940100003,"Op Kruispunt","Normaal","Droog","binnen bebouwde kom","Dag","Gemeenteweg","Met doden","Vrachtwagen","Voetganger","Met een voetganger","Geen hindernis"
"446","2017","10","08",2017-10-01,2017-10-01 08:00:00,2024-01-02 08:00:00,"11002","Vlaams Gewest","Provincie Antwerpen","Antwerpen",51.2272914540001,4.41823927700005,"Op Kruispunt","Normaal","Nat, plassen","binnen bebouwde kom","Dag","Gemeenteweg","dodelijk gewonden","Fiets","Vrachtwagen","Tussen 2 bestuurders: Frontale botsing","Geen hindernis"
"447","2017","10","08",2017-10-01,2017-10-01 08:00:00,2024-01-02 08:00:00,"11002","Vlaams Gewest","Provincie Antwerpen","Antwerpen",51.2106236280001,4.42193140200004,"Op Kruispunt","Normaal","Droog","binnen bebouwde kom","Dag","Gewestweg","Met doden","Vrachtwagen","Fiets","Tss. 2 best.: langs opzij (voor-/achterkant-flank)","Geen hindernis"
"448","2017","10","07",2017-10-01,2017-10-01 07:00:00,2024-01-02 07:00:00,"11002","Vlaams Gewest","Provincie Antwerpen","Antwerpen",NA,NA,"Op Kruispunt","Normaal","Droog","binnen bebouwde kom","Nacht, openbare verlichting aanwezig en ontstoken","Gewestweg","Met doden","personenauto","Fiets","Tussen 2 bestuurders: Langs achteren","Geen hindernis"
"449","2017","10","06",2017-10-01,2017-10-01 06:00:00,2024-01-02 06:00:00,"11002","Vlaams Gewest","Provincie Antwerpen","Antwerpen",51.2606866520001,4.42221223700005,"Buiten Kruispunt","Regenval","Nat, plassen","binnen bebouwde kom","Nacht, openbare verlichting aanwezig en ontstoken","Gemeenteweg","Met doden","Lichte vrachtauto","Voetganger","Met een voetganger","Geen hindernis"
"450","2017","10","19",2017-10-01,2017-10-01 19:00:00,2024-01-02 19:00:00,"11002","Vlaams Gewest","Provincie Antwerpen","Antwerpen",51.2201443710001,4.41766802400002,"Op Kruispunt","Normaal","Droog","binnen bebouwde kom","Nacht, openbare verlichting aanwezig en ontstoken","Gewestweg","dodelijk gewonden","personenauto","Voetganger","Met een voetganger","Geen hindernis"
"451","2017","10","16",2017-10-01,2017-10-01 16:00:00,2024-01-02 16:00:00,"11002","Vlaams Gewest","Provincie Antwerpen","Antwerpen",51.1856844270001,4.35632215300006,"Buiten Kruispunt","Normaal","Droog","binnen bebouwde kom","Dag","Gemeenteweg","dodelijk gewonden","Fiets","Fiets","Tussen 2 bestuurders: Frontale botsing","Geen hindernis"
"452","2017","09","03",2017-09-01,2017-09-01 03:00:00,2024-01-02 03:00:00,"11050","Vlaams Gewest","Provincie Antwerpen","Wijnegem",51.2344302180001,4.52001796100006,"Buiten Kruispunt","Normaal","Droog","buiten bebouwde kom","Nacht, openbare verlichting aanwezig en ontstoken","Gewestweg","Met doden","personenauto","een weggebruiker tegen een hindernis","Weggebruiker tegen hindernis buiten rijbaan","Buiten de rijbaan: Boom"
"453","2017","09","15",2017-09-01,2017-09-01 15:00:00,2024-01-02 15:00:00,"11057","Vlaams Gewest","Provincie Antwerpen","Malle",51.302235814,4.73439005200004,"Op Kruispunt","Normaal","Nat, plassen","binnen bebouwde kom","Dag","Gewestweg","Met doden","Vrachtwagen","Voetganger","Met een voetganger","Geen hindernis"
"454","2017","09","16",2017-09-01,2017-09-01 16:00:00,2024-01-02 16:00:00,"11009","Vlaams Gewest","Provincie Antwerpen","Brecht",NA,NA,"Buiten Kruispunt","Sterke wind, rukwind","Nat, plassen","buiten bebouwde kom","Dag","Gewestweg","Met doden","personenauto","een weggebruiker tegen een hindernis","Weggebruiker tegen hindernis buiten rijbaan","Buiten de rijbaan: Verlichtingspaal"
"455","2017","09","18",2017-09-01,2017-09-01 18:00:00,2024-01-02 18:00:00,"12007","Vlaams Gewest","Provincie Antwerpen","Bornem",51.11254704,4.22052266400004,"Buiten Kruispunt","Normaal","Droog","buiten bebouwde kom","Dag","Gewestweg","Met doden","Motorfiets","Vrachtwagen","Tss. 2 best.: langs opzij (voor-/achterkant-flank)","Geen hindernis"
"456","2017","09","11",2017-09-01,2017-09-01 11:00:00,2024-01-02 11:00:00,"12021","Vlaams Gewest","Provincie Antwerpen","Lier",51.151328952,4.52907343600003,"Buiten Kruispunt","Regenval","Nat, plassen","buiten bebouwde kom","Dag","Gewestweg","Met doden","Motorfiets","Vrachtwagen","Tussen 2 bestuurders: Langs achteren","Geen hindernis"
"457","2017","09","04",2017-09-01,2017-09-01 04:00:00,2024-01-02 04:00:00,"13046","Vlaams Gewest","Provincie Antwerpen","Vosselaar",NA,NA,"Buiten Kruispunt","Regenval","Nat, plassen","buiten bebouwde kom","Nacht, geen openbare verlichting aanwezig","Gemeenteweg","Met doden","Fiets","personenauto","Tussen 2 bestuurders: Langs achteren","Geen hindernis"
"458","2017","09","13",2017-09-01,2017-09-01 13:00:00,2024-01-02 13:00:00,"13040","Vlaams Gewest","Provincie Antwerpen","Turnhout",51.324796543,4.92513729400002,"Buiten Kruispunt","Normaal","Droog","binnen bebouwde kom","Dag","Gemeenteweg","Met doden","personenauto","Voetganger","Met een voetganger","Geen hindernis"
"459","2017","10","19",2017-10-01,2017-10-01 19:00:00,2024-01-02 19:00:00,"13004","Vlaams Gewest","Provincie Antwerpen","Beerse",51.3276764920001,4.85371606000007,"Buiten Kruispunt","Normaal","Droog","buiten bebouwde kom","Nacht, openbare verlichting aanwezig en ontstoken","Gemeenteweg","Met doden","personenauto","een weggebruiker tegen een hindernis","Weggebruiker tegen hindernis buiten rijbaan","Buiten de rijbaan: Boom"
"460","2017","10","16",2017-10-01,2017-10-01 16:00:00,2024-01-02 16:00:00,"13008","Vlaams Gewest","Provincie Antwerpen","Geel",51.1679733870001,4.97043712900006,"Op Kruispunt","Normaal","Droog","binnen bebouwde kom","Dag","Gemeenteweg","Met doden","personenauto","Motorfiets","Tss. 2 best.: langs opzij (voor-/achterkant-flank)","Geen hindernis"
"461","2017","09","05",2017-09-01,2017-09-01 05:00:00,2024-01-02 05:00:00,"13035","Vlaams Gewest","Provincie Antwerpen","Ravels",51.3759837970001,5.03945897700004,"Buiten Kruispunt","Normaal","Droog","buiten bebouwde kom","Nacht, geen openbare verlichting aanwezig","Gewestweg","Met doden","personenauto","een weggebruiker tegen een hindernis","Weggebruiker tegen hindernis buiten rijbaan","Buiten de rijbaan: Vangrails niet overgestoken"
"462","2017","09","23",2017-09-01,2017-09-01 23:00:00,2024-01-02 23:00:00,"13035","Vlaams Gewest","Provincie Antwerpen","Ravels",NA,NA,"Buiten Kruispunt","Normaal","Droog","buiten bebouwde kom","Nacht, geen openbare verlichting aanwezig","Gewestweg","Met doden","onbekend","onbekend","Geen vermelding van de type aanrijding","Geen vermelding van de type aanrijding"
"463","2017","09","13",2017-09-01,2017-09-01 13:00:00,2024-01-02 13:00:00,"13025","Vlaams Gewest","Provincie Antwerpen","Mol",51.203819551,5.10941449700005,"Buiten Kruispunt","Normaal","Droog","binnen bebouwde kom","Dag","Gemeenteweg","Met doden","onbekend","onbekend","Andere of onbekend","Geen vermelding van de aanwezigheid van een hindernis"
"464","2017","09","18",2017-09-01,2017-09-01 18:00:00,2024-01-02 18:00:00,"13003","Vlaams Gewest","Provincie Antwerpen","Balen",NA,NA,"Op Kruispunt","Normaal","Droog","buiten bebouwde kom","Dag","Gemeenteweg","dodelijk gewonden","personenauto","Fiets","Tss. 2 best.: langs opzij (voor-/achterkant-flank)","Geen hindernis"
"465","2017","11","10",2017-11-01,2017-11-01 10:00:00,2024-01-02 10:00:00,"71053","Vlaams Gewest","Provincie Limburg","Sint-Truiden",NA,NA,"Buiten Kruispunt","Normaal","Droog","binnen bebouwde kom","Dag","Gewestweg","Met doden","Voetganger","Andere weggebruiker","Met een voetganger","Geen hindernis"
"466","2017","09","14",2017-09-01,2017-09-01 14:00:00,2024-01-02 14:00:00,"72004","Vlaams Gewest","Provincie Limburg","Bree",51.142194782,5.59521178300002,"Op Kruispunt","Normaal","Droog","binnen bebouwde kom","Dag","Gewestweg","dodelijk gewonden","personenauto","Fiets","Tss. 2 best.: langs opzij (voor-/achterkant-flank)","Geen hindernis"
"467","2017","10","09",2017-10-01,2017-10-01 09:00:00,2024-01-02 09:00:00,"24059","Vlaams Gewest","Provincie Vlaams-Brabant","Landen",50.7667733590001,5.04295584300007,"Buiten Kruispunt","Normaal","Droog","binnen bebouwde kom","Dag","Gemeenteweg","Met doden","Bromfiets","één bestuurder, geen hindernis","Eén bestuurder, geen hindernis (incl. val)","Geen hindernis"
"468","2017","10","16",2017-10-01,2017-10-01 16:00:00,2024-01-02 16:00:00,"24107","Vlaams Gewest","Provincie Vlaams-Brabant","Tienen",50.7990924150001,4.97144924400004,"Op Kruispunt","Normaal","Droog","buiten bebouwde kom","Dag","Gewestweg","Met doden","personenauto","Fiets","Tss. 2 best.: langs opzij (voor-/achterkant-flank)","Geen hindernis"
"469","2017","10","15",2017-10-01,2017-10-01 15:00:00,2024-01-02 15:00:00,"23094","Vlaams Gewest","Provincie Vlaams-Brabant","Zaventem",NA,NA,"Buiten Kruispunt","Normaal","Droog","buiten bebouwde kom","Dag","Gewestweg","Met doden","Vrachtwagen","een weggebruiker tegen een hindernis","Weggebruiker tegen hindernis buiten rijbaan","Buiten de rijbaan: Vangrails overschreden"
"470","2017","10","12",2017-10-01,2017-10-01 12:00:00,2024-01-02 12:00:00,"44064","Vlaams Gewest","Provincie Oost-Vlaanderen","Sint-Martens-Latem",51.006281453,3.60147369600003,"Buiten Kruispunt","Normaal","Droog","buiten bebouwde kom","Dag","Gewestweg","dodelijk gewonden","personenauto","Voetganger","Met een voetganger","Geen hindernis"
"471","2017","09","03",2017-09-01,2017-09-01 03:00:00,2024-01-02 03:00:00,"44019","Vlaams Gewest","Provincie Oost-Vlaanderen","Evergem",51.1645523110001,3.73792351300006,"Buiten Kruispunt","Normaal","Droog","buiten bebouwde kom","Nacht, openbare verlichting aanwezig en ontstoken","Gemeenteweg","Met doden","personenauto","Voetganger","Met een voetganger","Geen hindernis"
"472","2017","10","07",2017-10-01,2017-10-01 07:00:00,2024-01-02 07:00:00,"43002","Vlaams Gewest","Provincie Oost-Vlaanderen","Assenede",51.216310337,3.67796931500004,"Op Kruispunt","Normaal","Droog","buiten bebouwde kom","Nacht, openbare verlichting aanwezig en ontstoken","Gemeenteweg","Met doden","personenauto","een weggebruiker tegen een hindernis","Weggebruiker tegen hindernis buiten rijbaan","Buiten de rijbaan: Boom"
"473","2017","10","03",2017-10-01,2017-10-01 03:00:00,2024-01-02 03:00:00,"44085","Vlaams Gewest","Provincie Oost-Vlaanderen","Lievegem",51.0921157930001,3.62857315700006,"Buiten Kruispunt","Normaal","Nat, plassen+Proper","buiten bebouwde kom","Nacht, openbare verlichting aanwezig en ontstoken","Gemeenteweg","Met doden","personenauto","Voetganger","Met een voetganger","Geen hindernis"
"474","2017","10","21",2017-10-01,2017-10-01 21:00:00,2024-01-02 21:00:00,"45035","Vlaams Gewest","Provincie Oost-Vlaanderen","Oudenaarde",50.8233567170001,3.60368958800007,"Op Kruispunt","Normaal","Nat, plassen","buiten bebouwde kom","Nacht, openbare verlichting aanwezig en ontstoken","Gewestweg","Met doden","personenauto","een weggebruiker tegen een hindernis","Weggebruiker tegen hindernis buiten rijbaan","Buiten de rijbaan: Gracht"
"475","2017","10","23",2017-10-01,2017-10-01 23:00:00,2024-01-02 23:00:00,"46014","Vlaams Gewest","Provincie Oost-Vlaanderen","Lokeren",51.1043251900001,3.99003197800005,"Buiten Kruispunt","Normaal","Droog","binnen bebouwde kom","Nacht, openbare verlichting aanwezig en ontstoken","Gemeenteweg","Met doden","personenauto","een weggebruiker tegen een hindernis","Weggebruiker tegen hindernis buiten rijbaan","Buiten de rijbaan: Muur gebouw"
"476","2017","09","21",2017-09-01,2017-09-01 21:00:00,2024-01-02 21:00:00,"42011","Vlaams Gewest","Provincie Oost-Vlaanderen","Lebbeke",NA,NA,"Buiten Kruispunt","Normaal","Droog","buiten bebouwde kom","Nacht, openbare verlichting aanwezig en ontstoken","Gemeenteweg","Met doden","personenauto","Voetganger","Met een voetganger","Geen hindernis"
"477","2017","10","20",2017-10-01,2017-10-01 20:00:00,2024-01-02 20:00:00,"42026","Vlaams Gewest","Provincie Oost-Vlaanderen","Wichelen",51.013997756,3.93059092700003,"Buiten Kruispunt","Normaal","Droog","buiten bebouwde kom","Nacht, geen openbare verlichting aanwezig","Gemeenteweg","dodelijk gewonden","Fiets","een weggebruiker tegen een hindernis","Weggebruiker tegen hindernis op de rijbaan","Op de rijbaan: Lading"
"478","2017","10","07",2017-10-01,2017-10-01 07:00:00,2024-01-02 07:00:00,"31042","Vlaams Gewest","Provincie West-Vlaanderen","Zuienkerke",NA,NA,"Buiten Kruispunt","Normaal","Vuil (zand, grint, bladeren,...)","buiten bebouwde kom","Dageraad - schemering","Gewestweg","Met doden","personenauto","een weggebruiker tegen een hindernis","Weggebruiker tegen hindernis buiten rijbaan","Buiten de rijbaan: Verlichtingspaal"
"479","2017","10","13",2017-10-01,2017-10-01 13:00:00,2024-01-02 13:00:00,"35013","Vlaams Gewest","Provincie West-Vlaanderen","Oostende",51.2309155900001,2.91948388400004,"Op Kruispunt","Normaal","Droog","binnen bebouwde kom","Dag","Gemeenteweg","dodelijk gewonden","Lichte vrachtauto","Voetganger","Met een voetganger","Geen hindernis"
"480","2017","10","16",2017-10-01,2017-10-01 16:00:00,2024-01-02 16:00:00,"37007","Vlaams Gewest","Provincie West-Vlaanderen","Meulebeke",50.952827374,3.34475088800002,"Op Kruispunt","Normaal","Droog+Proper","buiten bebouwde kom","Dag","Gewestweg","dodelijk gewonden","personenauto","Motorfiets","Tss. 2 best.: langs opzij (voor-/achterkant-flank)","Geen hindernis"
"481","2017","10","00",2017-10-01,2017-10-01 00:00:00,2024-01-02 00:00:00,"34040","Vlaams Gewest","Provincie West-Vlaanderen","Waregem",50.8686003110001,3.40674202300005,"Buiten Kruispunt","Normaal","Droog","buiten bebouwde kom","Nacht, openbare verlichting aanwezig en ontstoken","Gemeenteweg","dodelijk gewonden","Fiets","één bestuurder, geen hindernis","Eén bestuurder, geen hindernis (incl. val)","Geen hindernis"
"482","2017","11","07",2017-11-01,2017-11-01 07:00:00,2024-01-02 07:00:00,"32006","Vlaams Gewest","Provincie West-Vlaanderen","Houthulst",50.9644615220001,2.93401203600007,"Buiten Kruispunt","Onbekend","Ijzel, sneeuw","buiten bebouwde kom","Dageraad - schemering","Gemeenteweg","Met doden","personenauto","een weggebruiker tegen een hindernis","Weggebruiker tegen hindernis buiten rijbaan","Buiten de rijbaan: Boom"
"483","2017","09","10",2017-09-01,2017-09-01 10:00:00,2024-01-02 10:00:00,"32003","Vlaams Gewest","Provincie West-Vlaanderen","Diksmuide",51.0909868960001,2.78133318400006,"Op Kruispunt","Normaal","Droog","buiten bebouwde kom","Dag","Gewestweg","dodelijk gewonden","Motorfiets","personenauto","Tss. 2 best.: langs opzij (voor-/achterkant-flank)","Geen hindernis"