"","DT_YEAR_COLLISION","DT_MONTH_COLLISION","DT_TIME","YEAR_MONTH_DAY","YEAR_MONTH_DAY_HOUR","TIME_DT","CD_NIS","TX_RGN_COLLISION_NL","TX_PROV_COLLISION_NL","TX_MUNTY_COLLISION_NL","LAT_WGS84","LONG_WGS84","TX_CROSSWAY_NL","TX_WEATHER_NL","TX_ROAD_CONDITION_NL","TX_BUILD_UP_AREA_NL","TX_LIGHT_CONDITION_NL","CD_ROAD_TYPE_NL","TX_CLASS_ACCIDENTS_NL","TX_ROAD_USR_TYPE1_NL","TX_ROAD_USR_TYPE2_NL","TX_COLLISION_TYPE_NL","TX_OBSTACLES_NL"
"484","2017","10","13",2017-10-01,2017-10-01 13:00:00,2024-01-02 13:00:00,"32011","Vlaams Gewest","Provincie West-Vlaanderen","Kortemark",51.035592335,3.03780261700007,"Op Kruispunt","Normaal","Droog","binnen bebouwde kom","Dag","Gemeenteweg","Met doden","Vrachtwagen","personenauto","Tss. 2 best.: langs opzij (voor-/achterkant-flank)","Geen hindernis"
"485","2017","10","13",2017-10-01,2017-10-01 13:00:00,2024-01-02 13:00:00,"38008","Vlaams Gewest","Provincie West-Vlaanderen","De Panne",51.0963885460001,2.58727183400004,"Buiten Kruispunt","Normaal","Droog","binnen bebouwde kom","Dag","Gemeenteweg","Met doden","Vrachtwagen","Voetganger","Met een voetganger","Geen hindernis"
"486","2017","10","02",2017-10-01,2017-10-01 02:00:00,2024-01-02 02:00:00,"36019","Vlaams Gewest","Provincie West-Vlaanderen","Staden",50.958570213,3.05265300000002,"Buiten Kruispunt","Normaal","Droog","buiten bebouwde kom","Nacht, openbare verlichting aanwezig en ontstoken","Gewestweg","Met doden","personenauto","Vrachtwagen","Tussen 2 bestuurders: Frontale botsing","Geen hindernis"
"487","2017","10","12",2017-10-01,2017-10-01 12:00:00,2024-01-02 12:00:00,"46003","Vlaams Gewest","Provincie Oost-Vlaanderen","Beveren (Sint-Niklaas)",NA,NA,"Buiten Kruispunt","Normaal","Droog","buiten bebouwde kom","Dag","Gemeenteweg","dodelijk gewonden","Fiets","personenauto","Tss. 2 best.: langs opzij (voor-/achterkant-flank)","Geen hindernis"
"488","2017","09","02",2017-09-01,2017-09-01 02:00:00,2024-01-02 02:00:00,"23077","Vlaams Gewest","Provincie Vlaams-Brabant","Sint-Pieters-Leeuw",NA,NA,"Buiten Kruispunt","Normaal","Nat, plassen","buiten bebouwde kom","Nacht, geen openbare verlichting aanwezig","Gemeenteweg","dodelijk gewonden","Motorfiets","personenauto","Tss. 2 best.: langs opzij (voor-/achterkant-flank)","Geen hindernis"
"489","2017","09","05",2017-09-01,2017-09-01 05:00:00,2024-01-02 05:00:00,"12025","Vlaams Gewest","Provincie Antwerpen","Mechelen",51.0497252320001,4.46652128400007,"Op Kruispunt","Regenval","Nat, plassen","buiten bebouwde kom","Nacht, openbare verlichting aanwezig en ontstoken","Gewestweg","Met doden","Vrachtwagen","personenauto","Tss. 2 best.: langs opzij (voor-/achterkant-flank)","Geen hindernis"
"490","2017","10","17",2017-10-01,2017-10-01 17:00:00,2024-01-02 17:00:00,"12025","Vlaams Gewest","Provincie Antwerpen","Mechelen",51.0497252320001,4.46652128400007,"Op Kruispunt","Normaal","Droog","buiten bebouwde kom","Dag","Gewestweg","dodelijk gewonden","Lichte vrachtauto","Voetganger","Met een voetganger","Geen hindernis"
"491","2017","10","09",2017-10-01,2017-10-01 09:00:00,2024-01-02 09:00:00,"71022","Vlaams Gewest","Provincie Limburg","Hasselt",50.906064234,5.34789800400006,"Op Kruispunt","Normaal","Droog","binnen bebouwde kom","Dag","Gemeenteweg","dodelijk gewonden","personenauto","Fiets","Tussen 2 bestuurders: Frontale botsing","Geen hindernis"
"492","2017","09","15",2017-09-01,2017-09-01 15:00:00,2024-01-02 15:00:00,"71022","Vlaams Gewest","Provincie Limburg","Hasselt",50.9748747150001,5.28239062100005,"Op Kruispunt","Normaal","Droog","buiten bebouwde kom","Dag","Gewestweg","Met doden","personenauto","Fiets","Tss. 2 best.: langs opzij (voor-/achterkant-flank)","Geen hindernis"
"493","2017","10","10",2017-10-01,2017-10-01 10:00:00,2024-01-02 10:00:00,"71011","Vlaams Gewest","Provincie Limburg","Diepenbeek",50.9348339920001,5.43851338100006,"Buiten Kruispunt","Normaal","Nat, plassen","buiten bebouwde kom","Dag","Gewestweg","Met doden","personenauto","een weggebruiker tegen een hindernis","Weggebruiker tegen hindernis buiten rijbaan","Buiten de rijbaan: Boom"
"494","2017","11","19",2017-11-01,2017-11-01 19:00:00,2024-01-02 19:00:00,"46003","Vlaams Gewest","Provincie Oost-Vlaanderen","Beveren (Sint-Niklaas)",51.2419556,4.26136773100006,"Buiten Kruispunt","Normaal","Droog","buiten bebouwde kom","Nacht, openb. verlicht. aanw., maar niet ontstoken","Autosnelweg","Met doden","Vrachtwagen","Vrachtwagen","Kettingbotsing (3 bestuurders of meer)","Geen hindernis"
"495","2017","11","08",2017-11-01,2017-11-01 08:00:00,2024-01-02 08:00:00,"11009","Vlaams Gewest","Provincie Antwerpen","Brecht",51.3283659670001,4.59674901300002,"Buiten Kruispunt","Regenval","Nat, plassen","buiten bebouwde kom","Dageraad - schemering","Autosnelweg","Met doden","Vrachtwagen","Vrachtwagen","Tussen 2 bestuurders: Langs achteren","Geen hindernis"
"496","2017","11","02",2017-11-01,2017-11-01 02:00:00,2024-01-02 02:00:00,"71022","Vlaams Gewest","Provincie Limburg","Hasselt",50.957592441,5.26919479400004,"Buiten Kruispunt","Regenval","Nat, plassen","buiten bebouwde kom","Onbekend","Autosnelweg","Met doden","personenauto","Voetganger","Met een voetganger","Geen hindernis"
"497","2017","11","18",2017-11-01,2017-11-01 18:00:00,2024-01-02 18:00:00,"46021","Vlaams Gewest","Provincie Oost-Vlaanderen","Sint-Niklaas (Sint-Niklaas)",51.137841887,4.15436723900007,"Buiten Kruispunt","Normaal","Nat, plassen","buiten bebouwde kom","Nacht, openbare verlichting aanwezig en ontstoken","Autosnelweg","Met doden","Vrachtwagen","Lichte vrachtauto","Kettingbotsing (3 bestuurders of meer)","Geen hindernis"
"498","2017","11","04",2017-11-01,2017-11-01 04:00:00,2024-01-02 04:00:00,"41002","Vlaams Gewest","Provincie Oost-Vlaanderen","Aalst (Aalst)",50.9117989160001,4.05996170900005,"Buiten Kruispunt","Normaal","Nat, plassen","buiten bebouwde kom","Nacht, geen openbare verlichting aanwezig","Autosnelweg","Met doden","personenauto","Lichte vrachtauto","Tussen 2 bestuurders: Frontale botsing","Geen hindernis"
"499","2017","11","01",2017-11-01,2017-11-01 01:00:00,2024-01-02 01:00:00,"34022","Vlaams Gewest","Provincie West-Vlaanderen","Kortrijk",NA,NA,"Buiten Kruispunt","Normaal","Nat, plassen","buiten bebouwde kom","Nacht, openbare verlichting aanwezig en ontstoken","Autosnelweg","Met doden","personenauto","een weggebruiker tegen een hindernis","Weggebruiker tegen hindernis buiten rijbaan","Buiten de rijbaan: Andere paal"
"500","2017","11","23",2017-11-01,2017-11-01 23:00:00,2024-01-02 23:00:00,"24041","Vlaams Gewest","Provincie Vlaams-Brabant","Hoegaarden",NA,NA,"Buiten Kruispunt","Normaal","Droog","buiten bebouwde kom","Nacht, geen openbare verlichting aanwezig","Gemeenteweg","Met doden","personenauto","Vrachtwagen","Tussen 2 bestuurders: Langs achteren","Geen hindernis"
"501","2017","11","18",2017-11-01,2017-11-01 18:00:00,2024-01-02 18:00:00,"52010","Waals Gewest","Provincie Henegouwen","Chapelle-lez-Herlaimont",50.482214164,4.27138916600006,"Op Kruispunt","Normaal","Droog","buiten bebouwde kom","Nacht, openbare verlichting aanwezig en ontstoken","Gewestweg","Met doden","personenauto","Motorfiets","Tussen 2 bestuurders: Frontale botsing","Geen hindernis"
"502","2017","11","06",2017-11-01,2017-11-01 06:00:00,2024-01-02 06:00:00,"51004","Waals Gewest","Provincie Henegouwen","Aat",50.652273635,3.69807028300005,"Buiten Kruispunt","Regenval","Nat, plassen","buiten bebouwde kom","Nacht, geen openbare verlichting aanwezig","Autosnelweg","Met doden","personenauto","Vrachtwagen","Tss. 2 best.: langs opzij (voor-/achterkant-flank)","Geen hindernis"
"503","2017","11","05",2017-11-01,2017-11-01 05:00:00,2024-01-02 05:00:00,"57081","Waals Gewest","Provincie Henegouwen","Doornik",50.664569354,3.28770444400004,"Buiten Kruispunt","Normaal","Droog","buiten bebouwde kom","Nacht, openb. verlicht. aanw., maar niet ontstoken","Autosnelweg","dodelijk gewonden","personenauto","een weggebruiker tegen een hindernis","Weggebruiker tegen hindernis buiten rijbaan","Buiten de rijbaan: Gracht"
"504","2017","11","15",2017-11-01,2017-11-01 15:00:00,2024-01-02 15:00:00,"57081","Waals Gewest","Provincie Henegouwen","Doornik",50.637676427,3.30542515900004,"Buiten Kruispunt","Normaal","Proper","buiten bebouwde kom","Dag","Autosnelweg","Met doden","Vrachtwagen","Vrachtwagen","Tussen 2 bestuurders: Langs achteren","Geen hindernis"
"505","2017","11","10",2017-11-01,2017-11-01 10:00:00,2024-01-02 10:00:00,"33011","Vlaams Gewest","Provincie West-Vlaanderen","Ieper",50.8336879780001,2.90612968700003,"Buiten Kruispunt","Normaal","Proper","binnen bebouwde kom","Dag","onbekend","Met doden","personenauto","Andere weggebruiker","Tussen 2 bestuurders: Frontale botsing","Geen hindernis"
"506","2017","11","17",2017-11-01,2017-11-01 17:00:00,2024-01-02 17:00:00,"91030","Waals Gewest","Provincie Namen","Ciney",50.2789615820001,5.06644712000002,"Buiten Kruispunt","Normaal","Proper","buiten bebouwde kom","Dageraad - schemering","Gewestweg","Met doden","personenauto","personenauto","Tussen 2 bestuurders: Frontale botsing","Geen hindernis"
"507","2017","11","10",2017-11-01,2017-11-01 10:00:00,2024-01-02 10:00:00,"62011","Waals Gewest","Provincie Luik","Bitsingen",50.7604550790001,5.56930753100005,"Buiten Kruispunt","Normaal","Nat, plassen","buiten bebouwde kom","Dag","Autosnelweg","Met doden","Vrachtwagen","Vrachtwagen","Tussen 2 bestuurders: Langs achteren","Geen hindernis"
"508","2017","11","09",2017-11-01,2017-11-01 09:00:00,2024-01-02 09:00:00,"62063","Waals Gewest","Provincie Luik","Luik",50.65584105,5.64629721100005,"Buiten Kruispunt","Normaal","Proper","buiten bebouwde kom","Dag","Autosnelweg","Met doden","personenauto","een weggebruiker tegen een hindernis","Weggebruiker tegen hindernis buiten rijbaan","Buiten de rijbaan: Vangrails niet overgestoken"
"509","2017","11","18",2017-11-01,2017-11-01 18:00:00,2024-01-02 18:00:00,"25112","Waals Gewest","Provincie Waals-Brabant","Waver",50.713191238,4.60848422600003,"Buiten Kruispunt","Onbekend","Nat, plassen","binnen bebouwde kom","Nacht, openbare verlichting aanwezig en ontstoken","Gewestweg","Met doden","personenauto","Voetganger","Met een voetganger","Geen hindernis"
"510","2017","11","16",2017-11-01,2017-11-01 16:00:00,2024-01-02 16:00:00,"25110","Waals Gewest","Provincie Waals-Brabant","Waterloo",50.705417836,4.40175578400004,"Buiten Kruispunt","Normaal","Nat, plassen","binnen bebouwde kom","Dag","Gewestweg","Met doden","Motorfiets","Vrachtwagen","Tss. 2 best.: langs opzij (voor-/achterkant-flank)","Geen hindernis"
"511","2017","11","19",2017-11-01,2017-11-01 19:00:00,2024-01-02 19:00:00,"62003","Waals Gewest","Provincie Luik","Ans",50.667998229,5.50736189200006,"Op Kruispunt","Normaal","Droog","binnen bebouwde kom","Onbekend","Gemeenteweg","Met doden","personenauto","personenauto","Tss. 2 best.: langs opzij (voor-/achterkant-flank)","Geen hindernis"
"512","2017","11","15",2017-11-01,2017-11-01 15:00:00,2024-01-02 15:00:00,"63045","Waals Gewest","Provincie Luik","Lierneux",50.3015100040001,5.78674395400003,"Op Kruispunt","Normaal","Proper","buiten bebouwde kom","Dag","Gewestweg","Met doden","personenauto","Lichte vrachtauto","Tss. 2 best.: langs opzij (voor-/achterkant-flank)","Geen hindernis"
"513","2017","11","07",2017-11-01,2017-11-01 07:00:00,2024-01-02 07:00:00,"63073","Waals Gewest","Provincie Luik","Stavelot",50.3937685540001,5.92643350100008,"Buiten Kruispunt","Regenval","Nat, plassen","binnen bebouwde kom","Dageraad - schemering","Gewestweg","dodelijk gewonden","personenauto","Voetganger","Met een voetganger","Geen hindernis"
"514","2017","11","14",2017-11-01,2017-11-01 14:00:00,2024-01-02 14:00:00,"61024","Waals Gewest","Provincie Luik","Hamoir",50.445815214,5.54124203000003,"Buiten Kruispunt","Normaal","Nat, plassen","buiten bebouwde kom","Dag","Gewestweg","Met doden","personenauto","personenauto","Tussen 2 bestuurders: Frontale botsing","Geen hindernis"
"515","2017","11","15",2017-11-01,2017-11-01 15:00:00,2024-01-02 15:00:00,"83034","Waals Gewest","Provincie Luxemburg","Marche-en-Famenne",50.2282289500001,5.34225388900006,"Buiten Kruispunt","Regenval","Nat, plassen","binnen bebouwde kom","Dag","Gewestweg","Met doden","personenauto","een weggebruiker tegen een hindernis","Weggebruiker tegen hindernis buiten rijbaan","Buiten de rijbaan: Boom"
"516","2017","11","19",2017-11-01,2017-11-01 19:00:00,2024-01-02 19:00:00,"84009","Waals Gewest","Provincie Luxemburg","Bertrix",49.8336172680001,5.23943311900007,"Buiten Kruispunt","Mist (zichtbaarheid minder dan 100m)","Nat, plassen","buiten bebouwde kom","Nacht, geen openbare verlichting aanwezig","Gemeenteweg","Met doden","personenauto","een weggebruiker tegen een hindernis","Weggebruiker tegen hindernis buiten rijbaan","Buiten de rijbaan: Boom"
"517","2017","11","02",2017-11-01,2017-11-01 02:00:00,2024-01-02 02:00:00,"91142","Waals Gewest","Provincie Namen","Hastière",50.201184106,4.85653077700005,"Buiten Kruispunt","Normaal","Droog+Proper","binnen bebouwde kom","Nacht, openbare verlichting aanwezig en ontstoken","Gewestweg","Met doden","personenauto","een weggebruiker tegen een hindernis","Weggebruiker tegen hindernis buiten rijbaan","Buiten de rijbaan: Vangrails overschreden"
"518","2017","11","16",2017-11-01,2017-11-01 16:00:00,2024-01-02 16:00:00,"91030","Waals Gewest","Provincie Namen","Ciney",NA,NA,"Buiten Kruispunt","Onbekend","Nat, plassen","binnen bebouwde kom","Nacht, geen openbare verlichting aanwezig","Gemeenteweg","Met doden","personenauto","een weggebruiker tegen een hindernis","Weggebruiker tegen hindernis buiten rijbaan","Buiten de rijbaan: Boom"
"519","2017","11","04",2017-11-01,2017-11-01 04:00:00,2024-01-02 04:00:00,"57003","Waals Gewest","Provincie Henegouwen","Antoing",50.568642809,3.42089319500008,"Buiten Kruispunt","Normaal","Nat, plassen","buiten bebouwde kom","Nacht, openbare verlichting aanwezig en ontstoken","Gewestweg","Met doden","personenauto","een weggebruiker tegen een hindernis","Weggebruiker tegen hindernis buiten rijbaan","Buiten de rijbaan: Boom"
"520","2017","11","07",2017-11-01,2017-11-01 07:00:00,2024-01-02 07:00:00,"57081","Waals Gewest","Provincie Henegouwen","Doornik",50.59583704,3.50793151800002,"Buiten Kruispunt","Normaal","Droog","buiten bebouwde kom","Dag","Gewestweg","Met doden","personenauto","een weggebruiker tegen een hindernis","Weggebruiker tegen hindernis buiten rijbaan","Buiten de rijbaan: Omheining"
"521","2017","11","15",2017-11-01,2017-11-01 15:00:00,2024-01-02 15:00:00,"57062","Waals Gewest","Provincie Henegouwen","Pecq",NA,NA,"Buiten Kruispunt","Regenval","Nat, plassen","buiten bebouwde kom","Dag","Gemeenteweg","Met doden","personenauto","Voetganger","Met een voetganger","Geen hindernis"
"522","2017","11","20",2017-11-01,2017-11-01 20:00:00,2024-01-02 20:00:00,"51004","Waals Gewest","Provincie Henegouwen","Aat",50.6452490460001,3.84158021700006,"Op Kruispunt","Normaal","Droog+Proper","buiten bebouwde kom","Nacht, openbare verlichting aanwezig en ontstoken","Gewestweg","Met doden","personenauto","Motorfiets","Tussen 2 bestuurders: Frontale botsing","Geen hindernis"
"523","2017","11","12",2017-11-01,2017-11-01 12:00:00,2024-01-02 12:00:00,"53070","Waals Gewest","Provincie Henegouwen","Saint-Ghislain",NA,NA,"Buiten Kruispunt","Normaal","Proper","buiten bebouwde kom","Dag","Gewestweg","Met doden","personenauto","personenauto","Tussen 2 bestuurders: Frontale botsing","Geen hindernis"
"524","2017","11","17",2017-11-01,2017-11-01 17:00:00,2024-01-02 17:00:00,"53065","Waals Gewest","Provincie Henegouwen","Quaregnon",50.449764573,3.86878875500003,"Buiten Kruispunt","Normaal","Proper","binnen bebouwde kom","Dageraad - schemering","Gewestweg","Met doden","personenauto","Voetganger","Met een voetganger","Geen hindernis"
"525","2017","11","09",2017-11-01,2017-11-01 09:00:00,2024-01-02 09:00:00,"58002","Waals Gewest","Provincie Henegouwen","Binche",NA,NA,"Buiten Kruispunt","Normaal","Nat, plassen","binnen bebouwde kom","Dag","onbekend","Met doden","personenauto","Voetganger","Met een voetganger","Geen hindernis"
"526","2017","12","09",2017-12-01,2017-12-01 09:00:00,2024-01-02 09:00:00,"56022","Waals Gewest","Provincie Henegouwen","Erquelinnes",50.2843974520001,4.18568926100005,"Buiten Kruispunt","Regenval","Nat, plassen+Ijzel of sneeuw","buiten bebouwde kom","Dag","Gewestweg","dodelijk gewonden","personenauto","een weggebruiker tegen een hindernis","Weggebruiker tegen hindernis buiten rijbaan","Buiten de rijbaan: Boom"
"527","2017","11","19",2017-11-01,2017-11-01 19:00:00,2024-01-02 19:00:00,"52021","Waals Gewest","Provincie Henegouwen","Fleurus",NA,NA,"Buiten Kruispunt","Normaal","Nat, plassen","buiten bebouwde kom","Nacht, geen openbare verlichting aanwezig","Gewestweg","dodelijk gewonden","personenauto","een weggebruiker tegen een hindernis","Weggebruiker tegen hindernis buiten rijbaan","Buiten de rijbaan: Boom"
"528","2017","11","17",2017-11-01,2017-11-01 17:00:00,2024-01-02 17:00:00,"21004","Brussels Hoofdstedelijk Gewest",NA,"Brussel",50.851404598,4.33988246800004,"Buiten Kruispunt","Regenval","Nat, plassen","binnen bebouwde kom","Nacht, openbare verlichting aanwezig en ontstoken","Gewestweg","Met doden","Andere weggebruiker","Voetganger","Met een voetganger","Geen hindernis"
"529","2017","11","23",2017-11-01,2017-11-01 23:00:00,2024-01-02 23:00:00,"21015","Brussels Hoofdstedelijk Gewest",NA,"Schaarbeek",50.8633985210001,4.37300903700003,"Buiten Kruispunt","Normaal","Proper","binnen bebouwde kom","Nacht, openbare verlichting aanwezig en ontstoken","Gewestweg","Met doden","personenauto","Voetganger","Met een voetganger","Geen hindernis"
"530","2017","11","18",2017-11-01,2017-11-01 18:00:00,2024-01-02 18:00:00,"21015","Brussels Hoofdstedelijk Gewest",NA,"Schaarbeek",50.860447003,4.37813838700004,"Op Kruispunt","Onbekend","Proper","binnen bebouwde kom","Nacht, openbare verlichting aanwezig en ontstoken","Gemeenteweg","dodelijk gewonden","personenauto","Voetganger","Met een voetganger","Geen hindernis"
"531","2017","11","11",2017-11-01,2017-11-01 11:00:00,2024-01-02 11:00:00,"11008","Vlaams Gewest","Provincie Antwerpen","Brasschaat",NA,NA,"Buiten Kruispunt","Normaal","Nat, plassen","buiten bebouwde kom","Dag","Gewestweg","dodelijk gewonden","personenauto","Voetganger","Met een voetganger","Geen hindernis"
"532","2017","11","19",2017-11-01,2017-11-01 19:00:00,2024-01-02 19:00:00,"72020","Vlaams Gewest","Provincie Limburg","Lommel",51.2339480800001,5.30736700300002,"Op Kruispunt","Normaal","Nat, plassen","binnen bebouwde kom","Nacht, openbare verlichting aanwezig en ontstoken","Gemeenteweg","Met doden","Vrachtwagen","Fiets","Tss. 2 best.: langs opzij (voor-/achterkant-flank)","Geen hindernis"
"533","2017","11","00",2017-11-01,2017-11-01 00:00:00,2024-01-02 00:00:00,"72030","Vlaams Gewest","Provincie Limburg","Peer",51.181951428,5.45538879700007,"Buiten Kruispunt","Normaal","Droog","buiten bebouwde kom","Nacht, geen openbare verlichting aanwezig","Gewestweg","Met doden","Lichte vrachtauto","een weggebruiker tegen een hindernis","Weggebruiker tegen hindernis buiten rijbaan","Buiten de rijbaan: Boom"
"534","2017","11","11",2017-11-01,2017-11-01 11:00:00,2024-01-02 11:00:00,"73009","Vlaams Gewest","Provincie Limburg","Borgloon",50.804510512,5.34304634900008,"Buiten Kruispunt","Normaal","Droog","binnen bebouwde kom","Dag","Gemeenteweg","dodelijk gewonden","personenauto","Fiets","Tussen 2 bestuurders: Langs achteren","Geen hindernis"
"535","2017","11","21",2017-11-01,2017-11-01 21:00:00,2024-01-02 21:00:00,"24066","Vlaams Gewest","Provincie Vlaams-Brabant","Lubbeek",50.861185677,4.89436297900005,"Buiten Kruispunt","Regenval","Vuil (zand, grint, bladeren,...)","buiten bebouwde kom","Nacht, openbare verlichting aanwezig en ontstoken","Gewestweg","Met doden","Motorfiets","een weggebruiker tegen een hindernis","Weggebruiker tegen hindernis buiten rijbaan","Buiten de rijbaan: Boom"
"536","2017","11","16",2017-11-01,2017-11-01 16:00:00,2024-01-02 16:00:00,"23060","Vlaams Gewest","Provincie Vlaams-Brabant","Opwijk",50.9720328130001,4.18911162900002,"Buiten Kruispunt","Normaal","Droog","binnen bebouwde kom","Nacht, openbare verlichting aanwezig en ontstoken","Gemeenteweg","dodelijk gewonden","personenauto","een weggebruiker tegen een hindernis","Weggebruiker tegen hindernis buiten rijbaan","Buiten de rijbaan: Boom"
"537","2017","11","21",2017-11-01,2017-11-01 21:00:00,2024-01-02 21:00:00,"23081","Vlaams Gewest","Provincie Vlaams-Brabant","Steenokkerzeel",50.910037258,4.47767196300003,"Op Kruispunt","Normaal","Nat, plassen","buiten bebouwde kom","Nacht, openbare verlichting aanwezig en ontstoken","Gewestweg","Met doden","Lichte vrachtauto","Motorfiets","Tss. 2 best.: langs opzij (voor-/achterkant-flank)","Geen hindernis"
"538","2017","11","07",2017-11-01,2017-11-01 07:00:00,2024-01-02 07:00:00,"43010","Vlaams Gewest","Provincie Oost-Vlaanderen","Maldegem",51.2211393420001,3.41089829500004,"Op Kruispunt","Normaal","Nat, plassen+Proper","buiten bebouwde kom","Nacht, openbare verlichting aanwezig en ontstoken","Gewestweg","Met doden","Vrachtwagen","personenauto","Tss. 2 best.: langs opzij (voor-/achterkant-flank)","Geen hindernis"
"539","2017","11","22",2017-11-01,2017-11-01 22:00:00,2024-01-02 22:00:00,"41027","Vlaams Gewest","Provincie Oost-Vlaanderen","Herzele",50.9090366290001,3.90641672900006,"Buiten Kruispunt","Normaal","Droog","buiten bebouwde kom","Nacht, openbare verlichting aanwezig en ontstoken","onbekend","Met doden","Vrachtwagen","personenauto","Tussen 2 bestuurders: Langs achteren","Geen hindernis"
"540","2017","11","10",2017-11-01,2017-11-01 10:00:00,2024-01-02 10:00:00,"41002","Vlaams Gewest","Provincie Oost-Vlaanderen","Aalst (Aalst)",50.9365397130001,4.01640053700004,"Op Kruispunt","Normaal","Droog","binnen bebouwde kom","Dag","Gewestweg","Met doden","personenauto","een weggebruiker tegen een hindernis","Weggebruiker tegen hindernis buiten rijbaan","Buiten de rijbaan: Omheining"
"541","2017","11","21",2017-11-01,2017-11-01 21:00:00,2024-01-02 21:00:00,"31003","Vlaams Gewest","Provincie West-Vlaanderen","Beernem",51.1642910360001,3.29584913800005,"Buiten Kruispunt","Hagelbui","Ijzel, sneeuw","buiten bebouwde kom","Nacht, geen openbare verlichting aanwezig","Gemeenteweg","Met doden","personenauto","een weggebruiker tegen een hindernis","Weggebruiker tegen hindernis buiten rijbaan","Buiten de rijbaan: Boom"
"542","2017","11","02",2017-11-01,2017-11-01 02:00:00,2024-01-02 02:00:00,"34025","Vlaams Gewest","Provincie West-Vlaanderen","Lendelede",50.8820094770001,3.22787638900007,"Buiten Kruispunt","Normaal","Nat, plassen","buiten bebouwde kom","Nacht, openbare verlichting aanwezig en ontstoken","Gemeenteweg","Met doden","Motorfiets","een weggebruiker tegen een hindernis","Weggebruiker tegen hindernis buiten rijbaan","Buiten de rijbaan: Gracht"
"543","2017","11","13",2017-11-01,2017-11-01 13:00:00,2024-01-02 13:00:00,"34043","Vlaams Gewest","Provincie West-Vlaanderen","Spiere-Helkijn",50.7237502200001,3.34438449500004,"Buiten Kruispunt","Normaal","Proper","buiten bebouwde kom","Dag","Gewestweg","dodelijk gewonden","Motorfiets","Motorfiets","Tss. 2 best.: langs opzij (voor-/achterkant-flank)","Geen hindernis"
"544","2017","11","17",2017-11-01,2017-11-01 17:00:00,2024-01-02 17:00:00,"46020","Vlaams Gewest","Provincie Oost-Vlaanderen","Sint-Gillis-Waas",51.1911349150001,4.10233108300002,"Buiten Kruispunt","Normaal","Nat, plassen","binnen bebouwde kom","Nacht, openbare verlichting aanwezig en ontstoken","Gewestweg","Met doden","personenauto","Voetganger","Met een voetganger","Geen hindernis"
"545","2017","11","05",2017-11-01,2017-11-01 05:00:00,2024-01-02 05:00:00,"71022","Vlaams Gewest","Provincie Limburg","Hasselt",50.9075463630001,5.31679037600003,"Buiten Kruispunt","Normaal","Nat, plassen","buiten bebouwde kom","Nacht, openbare verlichting aanwezig en ontstoken","Gewestweg","dodelijk gewonden","personenauto","een weggebruiker tegen een hindernis","Weggebruiker tegen hindernis buiten rijbaan","Buiten de rijbaan: Andere paal"
"546","2017","12","07",2017-12-01,2017-12-01 07:00:00,2024-01-02 07:00:00,"36011","Vlaams Gewest","Provincie West-Vlaanderen","Lichtervelde",51.0658341480001,3.15537441600003,"Buiten Kruispunt","Regenval","Nat, plassen","buiten bebouwde kom","Nacht, geen openbare verlichting aanwezig","Autosnelweg","dodelijk gewonden","personenauto","een weggebruiker tegen een hindernis","Weggebruiker tegen hindernis buiten rijbaan","Buiten de rijbaan: Gracht"
"547","2017","12","07",2017-12-01,2017-12-01 07:00:00,2024-01-02 07:00:00,"23027","Vlaams Gewest","Provincie Vlaams-Brabant","Halle (Halle-Vilvoorde)",50.6955742490001,4.29104902300003,"Buiten Kruispunt","Normaal","Nat, plassen","buiten bebouwde kom","Nacht, geen openbare verlichting aanwezig","Autosnelweg","Met doden","personenauto","personenauto","Tussen 2 bestuurders: Frontale botsing","Geen hindernis"
"548","2017","12","04",2017-12-01,2017-12-01 04:00:00,2024-01-02 04:00:00,"23088","Vlaams Gewest","Provincie Vlaams-Brabant","Vilvoorde",50.913338132,4.38651498900003,"Buiten Kruispunt","Regenval","Nat, plassen","buiten bebouwde kom","Nacht, openbare verlichting aanwezig en ontstoken","Autosnelweg","Met doden","personenauto","Vrachtwagen","Tussen 2 bestuurders: Langs achteren","Geen hindernis"
"549","2017","12","07",2017-12-01,2017-12-01 07:00:00,2024-01-02 07:00:00,"51065","Waals Gewest","Provincie Henegouwen","Frasnes-lez-Anvaing",50.6621031940001,3.57397957600006,"Buiten Kruispunt","Normaal","Proper","buiten bebouwde kom","Nacht, geen openbare verlichting aanwezig","Autosnelweg","Met doden","personenauto","een weggebruiker tegen een hindernis","Weggebruiker tegen hindernis buiten rijbaan","Buiten de rijbaan: Boom"
"550","2017","12","12",2017-12-01,2017-12-01 12:00:00,2024-01-02 12:00:00,"93088","Waals Gewest","Provincie Namen","Walcourt",50.241449436,4.51303888400003,"Buiten Kruispunt","Regenval","Nat, plassen","buiten bebouwde kom","Dag","Gewestweg","Met doden","Lichte vrachtauto","een weggebruiker tegen een hindernis","Weggebruiker tegen hindernis buiten rijbaan","Buiten de rijbaan: Vangrails overschreden"