"","DT_YEAR_COLLISION","DT_MONTH_COLLISION","DT_TIME","YEAR_MONTH_DAY","YEAR_MONTH_DAY_HOUR","TIME_DT","CD_NIS","TX_RGN_COLLISION_NL","TX_PROV_COLLISION_NL","TX_MUNTY_COLLISION_NL","LAT_WGS84","LONG_WGS84","TX_CROSSWAY_NL","TX_WEATHER_NL","TX_ROAD_CONDITION_NL","TX_BUILD_UP_AREA_NL","TX_LIGHT_CONDITION_NL","CD_ROAD_TYPE_NL","TX_CLASS_ACCIDENTS_NL","TX_ROAD_USR_TYPE1_NL","TX_ROAD_USR_TYPE2_NL","TX_COLLISION_TYPE_NL","TX_OBSTACLES_NL"
"551","2017","12","00",2017-12-01,2017-12-01 00:00:00,2024-01-02 00:00:00,"63004","Waals Gewest","Provincie Luik","Baelen",50.6466952280001,5.98185338400003,"Buiten Kruispunt","Onbekend","Nat, plassen","buiten bebouwde kom","Nacht, openbare verlichting aanwezig en ontstoken","Autosnelweg","Met doden","Motorfiets","een weggebruiker tegen een hindernis","Weggebruiker tegen hindernis buiten rijbaan","Buiten de rijbaan: Vangrails overschreden"
"552","2017","12","18",2017-12-01,2017-12-01 18:00:00,2024-01-02 18:00:00,"63073","Waals Gewest","Provincie Luik","Stavelot",50.477277321,5.96613975800005,"Buiten Kruispunt","Normaal","Droog+Proper","buiten bebouwde kom","Nacht, openbare verlichting aanwezig en ontstoken","Autosnelweg","Met doden","personenauto","Vrachtwagen","Tussen 2 bestuurders: Langs achteren","Geen hindernis"
"553","2017","12","21",2017-12-01,2017-12-01 21:00:00,2024-01-02 21:00:00,"25031","Waals Gewest","Provincie Waals-Brabant","Genepiën",50.5829644230001,4.41172024400004,"Buiten Kruispunt","Normaal","Proper","binnen bebouwde kom","Nacht, openbare verlichting aanwezig en ontstoken","Gewestweg","Met doden","personenauto","een weggebruiker tegen een hindernis","Weggebruiker tegen hindernis buiten rijbaan","Buiten de rijbaan: Muur gebouw"
"554","2017","12","12",2017-12-01,2017-12-01 12:00:00,2024-01-02 12:00:00,"62063","Waals Gewest","Provincie Luik","Luik",50.6531038580001,5.61082301300007,"Buiten Kruispunt","Normaal","Droog","binnen bebouwde kom","Dag","Gemeenteweg","Met doden","personenauto","één bestuurder, geen hindernis","Eén bestuurder, geen hindernis (incl. val)","Geen hindernis"
"555","2017","12","10",2017-12-01,2017-12-01 10:00:00,2024-01-02 10:00:00,"63079","Waals Gewest","Provincie Luik","Verviers",50.5963078980001,5.85165884600002,"Buiten Kruispunt","Regenval","Nat, plassen","binnen bebouwde kom","Dag","Gewestweg","dodelijk gewonden","personenauto","Voetganger","Met een voetganger","Geen hindernis"
"556","2017","12","17",2017-12-01,2017-12-01 17:00:00,2024-01-02 17:00:00,"63073","Waals Gewest","Provincie Luik","Stavelot",50.4467470370001,5.94333042300002,"Buiten Kruispunt","Regenval","Onbekend","buiten bebouwde kom","Nacht, geen openbare verlichting aanwezig","Gewestweg","dodelijk gewonden","Bromfiets","personenauto","Tussen 2 bestuurders: Flank tegen flank","Geen hindernis"
"557","2017","12","19",2017-12-01,2017-12-01 19:00:00,2024-01-02 19:00:00,"64034","Waals Gewest","Provincie Luik","Hannuit",50.6734410880001,5.03298307200004,"Buiten Kruispunt","Regenval","Nat, plassen","binnen bebouwde kom","Nacht, openbare verlichting aanwezig en ontstoken","Gewestweg","dodelijk gewonden","personenauto","een weggebruiker tegen een hindernis","Weggebruiker tegen hindernis buiten rijbaan","Buiten de rijbaan: Verkeerseiland, middenberm"
"558","2017","12","15",2017-12-01,2017-12-01 15:00:00,2024-01-02 15:00:00,"61068","Waals Gewest","Provincie Luik","Villers-Le-Bouillet",50.596241745,5.20117012500003,"Buiten Kruispunt","Regenval","Nat, plassen","buiten bebouwde kom","Dag","Gewestweg","dodelijk gewonden","personenauto","Lichte vrachtauto","Tss. 2 best.: langs opzij (voor-/achterkant-flank)","Geen hindernis"
"559","2017","12","00",2017-12-01,2017-12-01 00:00:00,2024-01-02 00:00:00,"61024","Waals Gewest","Provincie Luik","Hamoir",50.4479478430001,5.54953273700005,"Buiten Kruispunt","Regenval","Nat, plassen","buiten bebouwde kom","Nacht, openbare verlichting aanwezig en ontstoken","Gewestweg","Met doden","personenauto","Vrachtwagen","Tussen 2 bestuurders: Langs achteren","Geen hindernis"
"560","2017","12","14",2017-12-01,2017-12-01 14:00:00,2024-01-02 14:00:00,"83055","Waals Gewest","Provincie Luxemburg","Manhay",50.3559218030001,5.66976394700004,"Buiten Kruispunt","Mist (zichtbaarheid minder dan 100m)","Nat, plassen","buiten bebouwde kom","Dag","Gewestweg","dodelijk gewonden","personenauto","een weggebruiker tegen een hindernis","Weggebruiker tegen hindernis buiten rijbaan","Buiten de rijbaan: Boom"
"561","2017","12","00",2017-12-01,2017-12-01 00:00:00,2024-01-02 00:00:00,"92094","Waals Gewest","Provincie Namen","Namen",50.4870671950001,4.75548466800007,"Buiten Kruispunt","Regenval","Nat, plassen","buiten bebouwde kom","Nacht, openbare verlichting aanwezig en ontstoken","Gewestweg","Met doden","personenauto","een weggebruiker tegen een hindernis","Weggebruiker tegen hindernis buiten rijbaan","Buiten de rijbaan: Boom"
"562","2017","12","16",2017-12-01,2017-12-01 16:00:00,2024-01-02 16:00:00,"92094","Waals Gewest","Provincie Namen","Namen",50.420183057,4.87755937200006,"Buiten Kruispunt","Regenval","Nat, plassen","binnen bebouwde kom","Nacht, openbare verlichting aanwezig en ontstoken","Gewestweg","Met doden","personenauto","Voetganger","Met een voetganger","Geen hindernis"
"563","2017","12","12",2017-12-01,2017-12-01 12:00:00,2024-01-02 12:00:00,"51068","Waals Gewest","Provincie Henegouwen","Opzullik",50.6626749980001,3.91183857100003,"Buiten Kruispunt","Normaal","Proper","binnen bebouwde kom","Dag","Gewestweg","Met doden","personenauto","één bestuurder, geen hindernis","Eén bestuurder, geen hindernis (incl. val)","Geen hindernis"
"564","2017","12","04",2017-12-01,2017-12-01 04:00:00,2024-01-02 04:00:00,"55040","Waals Gewest","Provincie Henegouwen","Zinnik",50.5979557700001,4.03393117300004,"Buiten Kruispunt","Sterke wind, rukwind","Nat, plassen","buiten bebouwde kom","Nacht, openbare verlichting aanwezig en ontstoken","Gewestweg","Met doden","personenauto","een weggebruiker tegen een hindernis","Weggebruiker tegen hindernis buiten rijbaan","Buiten de rijbaan: Boom"
"565","2017","12","17",2017-12-01,2017-12-01 17:00:00,2024-01-02 17:00:00,"21004","Brussels Hoofdstedelijk Gewest",NA,"Brussel",50.867418829,4.35963135700007,"Buiten Kruispunt","Normaal","Droog","binnen bebouwde kom","Nacht, openbare verlichting aanwezig en ontstoken","Gemeenteweg","dodelijk gewonden","Lichte vrachtauto","Voetganger","Met een voetganger","Geen hindernis"
"566","2017","12","20",2017-12-01,2017-12-01 20:00:00,2024-01-02 20:00:00,"21004","Brussels Hoofdstedelijk Gewest",NA,"Brussel",50.8676011260001,4.35735762100006,"Op Kruispunt","Regenval","Nat, plassen","binnen bebouwde kom","Nacht, openbare verlichting aanwezig en ontstoken","Gewestweg","Met doden","Motorfiets","personenauto","Tussen 2 bestuurders: Langs achteren","Geen hindernis"
"567","2017","12","04",2017-12-01,2017-12-01 04:00:00,2024-01-02 04:00:00,"21005","Brussels Hoofdstedelijk Gewest",NA,"Etterbeek",50.8320990920001,4.38757250600003,"Op Kruispunt","Normaal","Nat, plassen","binnen bebouwde kom","Nacht, openbare verlichting aanwezig en ontstoken","Gewestweg","Met doden","personenauto","personenauto","Tss. 2 best.: langs opzij (voor-/achterkant-flank)","Geen hindernis"
"568","2017","12","06",2017-12-01,2017-12-01 06:00:00,2024-01-02 06:00:00,"11002","Vlaams Gewest","Provincie Antwerpen","Antwerpen",NA,NA,"Buiten Kruispunt","Regenval","Nat, plassen","buiten bebouwde kom","Nacht, openbare verlichting aanwezig en ontstoken","onbekend","dodelijk gewonden","Voetganger","Lichte vrachtauto","Met een voetganger","Geen hindernis"
"569","2017","12","15",2017-12-01,2017-12-01 15:00:00,2024-01-02 15:00:00,"72042","Vlaams Gewest","Provincie Limburg","Oudsbergen",51.0809252020001,5.56730726900003,"Op Kruispunt","Normaal","Droog","buiten bebouwde kom","Dag","Gemeenteweg","Met doden","Voetganger","personenauto","Met een voetganger","Geen hindernis"
"570","2017","12","07",2017-12-01,2017-12-01 07:00:00,2024-01-02 07:00:00,"24020","Vlaams Gewest","Provincie Vlaams-Brabant","Diest",NA,NA,"Buiten Kruispunt","Regenval","Nat, plassen","buiten bebouwde kom","Nacht, openbare verlichting aanwezig en ontstoken","Gewestweg","dodelijk gewonden","Fiets","Voetganger","Met een voetganger","Geen hindernis"
"571","2017","12","13",2017-12-01,2017-12-01 13:00:00,2024-01-02 13:00:00,"23103","Vlaams Gewest","Provincie Vlaams-Brabant","Wezembeek-Oppem",50.84996067,4.48239250400007,"Op Kruispunt","Normaal","Nat, plassen","buiten bebouwde kom","Dag","Gewestweg","dodelijk gewonden","Fiets","personenauto","Tussen 2 bestuurders: Flank tegen flank","Geen hindernis"
"572","2017","12","23",2017-12-01,2017-12-01 23:00:00,2024-01-02 23:00:00,"23104","Vlaams Gewest","Provincie Vlaams-Brabant","Lennik",50.8018165230001,4.17253514400005,"Buiten Kruispunt","Normaal","Droog","binnen bebouwde kom","Nacht, openbare verlichting aanwezig en ontstoken","Gemeenteweg","Met doden","personenauto","Vrachtwagen","Tss. 2 best.: langs opzij (voor-/achterkant-flank)","Geen hindernis"
"573","2017","12","10",2017-12-01,2017-12-01 10:00:00,2024-01-02 10:00:00,"23002","Vlaams Gewest","Provincie Vlaams-Brabant","Asse",50.9102888260001,4.19415783600004,"Buiten Kruispunt","Regenval","Nat, plassen","binnen bebouwde kom","Dag","Gewestweg","Met doden","Vrachtwagen","Voetganger","Met een voetganger","Geen hindernis"
"574","2017","12","22",2017-12-01,2017-12-01 22:00:00,2024-01-02 22:00:00,"23047","Vlaams Gewest","Provincie Vlaams-Brabant","Machelen (Halle-Vilvoorde)",50.896487403,4.43399249000004,"Op Kruispunt","Normaal","Nat, plassen","buiten bebouwde kom","Nacht, openbare verlichting aanwezig en ontstoken","Gewestweg","Met doden","personenauto","een weggebruiker tegen een hindernis","Weggebruiker tegen hindernis buiten rijbaan","Buiten de rijbaan: Andere paal"
"575","2017","12","08",2017-12-01,2017-12-01 08:00:00,2024-01-02 08:00:00,"45065","Vlaams Gewest","Provincie Oost-Vlaanderen","Zwalm",50.860509709,3.73700053900006,"Buiten Kruispunt","Normaal","Droog","buiten bebouwde kom","Dag","Gewestweg","dodelijk gewonden","Fiets","Fiets","Tss. 2 best.: langs opzij (voor-/achterkant-flank)","Geen hindernis"
"576","2017","12","08",2017-12-01,2017-12-01 08:00:00,2024-01-02 08:00:00,"45041","Vlaams Gewest","Provincie Oost-Vlaanderen","Ronse",50.752758289,3.60266603800005,"Buiten Kruispunt","Normaal","Nat, plassen","binnen bebouwde kom","Dag","Gemeenteweg","Met doden","personenauto","personenauto","Tussen 2 bestuurders: Flank tegen flank","Geen hindernis"
"577","2017","12","09",2017-12-01,2017-12-01 09:00:00,2024-01-02 09:00:00,"31003","Vlaams Gewest","Provincie West-Vlaanderen","Beernem",51.113788303,3.35582203200005,"Buiten Kruispunt","Onbekend","Onbekend","buiten bebouwde kom","Dag","Gemeenteweg","Met doden","Fiets","Lichte vrachtauto","Tussen 2 bestuurders: Langs achteren","Geen hindernis"
"578","2017","12","20",2017-12-01,2017-12-01 20:00:00,2024-01-02 20:00:00,"34027","Vlaams Gewest","Provincie West-Vlaanderen","Menen",50.7876188710001,3.12724414900004,"Op Kruispunt","Regenval","Nat, plassen","buiten bebouwde kom","Nacht, openbare verlichting aanwezig en ontstoken","Gewestweg","Met doden","personenauto","personenauto","Tss. 2 best.: langs opzij (voor-/achterkant-flank)","Geen hindernis"
"579","2017","12","06",2017-12-01,2017-12-01 06:00:00,2024-01-02 06:00:00,"32006","Vlaams Gewest","Provincie West-Vlaanderen","Houthulst",50.9569258010001,2.86624921300006,"Buiten Kruispunt","Normaal","Nat, plassen","buiten bebouwde kom","Nacht, openbare verlichting aanwezig en ontstoken","Gewestweg","Met doden","Lichte vrachtauto","Vrachtwagen","Tussen 2 bestuurders: Frontale botsing","Geen hindernis"
"580","2017","12","23",2017-12-01,2017-12-01 23:00:00,2024-01-02 23:00:00,"33011","Vlaams Gewest","Provincie West-Vlaanderen","Ieper",50.8456770510001,2.81537792100005,"Buiten Kruispunt","Onbekend","Onbekend","buiten bebouwde kom","Onbekend","Gemeenteweg","Met doden","personenauto","een weggebruiker tegen een hindernis","Weggebruiker tegen hindernis buiten rijbaan","Buiten de rijbaan: Gracht"
"581","2017","12","14",2017-12-01,2017-12-01 14:00:00,2024-01-02 14:00:00,"33037","Vlaams Gewest","Provincie West-Vlaanderen","Zonnebeke",50.845707932,3.02083440900003,"Buiten Kruispunt","Regenval","Nat, plassen","binnen bebouwde kom","Dag","Gewestweg","Met doden","personenauto","Lichte vrachtauto","Tussen 2 bestuurders: Frontale botsing","Geen hindernis"
"582","2017","12","12",2017-12-01,2017-12-01 12:00:00,2024-01-02 12:00:00,"44021","Vlaams Gewest","Provincie Oost-Vlaanderen","Gent",51.1135463110001,3.74942754000006,"Op Kruispunt","Normaal","Nat, plassen","buiten bebouwde kom","Dag","Gemeenteweg","Met doden","Fiets","personenauto","Tss. 2 best.: langs opzij (voor-/achterkant-flank)","Geen hindernis"
"583","2017","08","08",2017-08-01,2017-08-01 08:00:00,2024-01-02 08:00:00,"92003","Waals Gewest","Provincie Namen","Andenne",NA,NA,"Buiten Kruispunt","Onbekend","Onbekend","onbekend","Onbekend","onbekend","Met doden","onbekend","onbekend","Geen vermelding van de type aanrijding","Geen vermelding van de type aanrijding"
"584","2018","01","04",2018-01-01,2018-01-01 04:00:00,2024-01-02 04:00:00,"13010","Vlaams Gewest","Provincie Antwerpen","Grobbendonk",51.1800179680001,4.70852861800006,"Buiten Kruispunt","Normaal","Droog","buiten bebouwde kom","Nacht, openb. verlicht. aanw., maar niet ontstoken","Autosnelweg","Met doden","Lichte vrachtauto","personenauto","Tussen 2 bestuurders: Langs achteren","Geen hindernis"
"585","2018","01","21",2018-01-01,2018-01-01 21:00:00,2024-01-02 21:00:00,"44021","Vlaams Gewest","Provincie Oost-Vlaanderen","Gent",NA,NA,"Buiten Kruispunt","Normaal","Droog","buiten bebouwde kom","Nacht, openbare verlichting aanwezig en ontstoken","Autosnelweg","Met doden","personenauto","een weggebruiker tegen een hindernis","Weggebruiker tegen hindernis buiten rijbaan","Buiten de rijbaan: Muur gebouw"
"586","2018","01","22",2018-01-01,2018-01-01 22:00:00,2024-01-02 22:00:00,"31012","Vlaams Gewest","Provincie West-Vlaanderen","Jabbeke",51.182865146,3.11723676300005,"Buiten Kruispunt","Normaal","Droog","buiten bebouwde kom","Nacht, openbare verlichting aanwezig en ontstoken","Autosnelweg","Met doden","personenauto","Voetganger","Met een voetganger","Geen hindernis"
"587","2018","01","01",2018-01-01,2018-01-01 01:00:00,2024-01-02 01:00:00,"23077","Vlaams Gewest","Provincie Vlaams-Brabant","Sint-Pieters-Leeuw",50.7746843730001,4.29817447100004,"Buiten Kruispunt","Normaal","Droog","buiten bebouwde kom","Nacht, openbare verlichting aanwezig en ontstoken","Autosnelweg","Met doden","personenauto","personenauto","Tussen 2 bestuurders: Frontale botsing","Geen hindernis"
"588","2018","01","17",2018-01-01,2018-01-01 17:00:00,2024-01-02 17:00:00,"58001","Waals Gewest","Provincie Henegouwen","La Louvière",50.5231192900001,4.19156943900003,"Buiten Kruispunt","Normaal","Droog+Proper","buiten bebouwde kom","Nacht, openbare verlichting aanwezig en ontstoken","Autosnelweg","Met doden","Lichte vrachtauto","een weggebruiker tegen een hindernis","Weggebruiker tegen hindernis buiten rijbaan","Buiten de rijbaan: Boom"
"589","2018","01","07",2018-01-01,2018-01-01 07:00:00,2024-01-02 07:00:00,"25112","Waals Gewest","Provincie Waals-Brabant","Waver",50.691056782,4.57468279900007,"Op Kruispunt","Normaal","Proper","binnen bebouwde kom","Dageraad - schemering","Gewestweg","Met doden","personenauto","Voetganger","Met een voetganger","Geen hindernis"
"590","2018","01","10",2018-01-01,2018-01-01 10:00:00,2024-01-02 10:00:00,"25037","Waals Gewest","Provincie Waals-Brabant","Graven",50.7408882390001,4.73463341500008,"Buiten Kruispunt","Sterke wind, rukwind","Nat, plassen+Vuil (zand, grint, bladeren,...)","buiten bebouwde kom","Dag","Gewestweg","Met doden","personenauto","een weggebruiker tegen een hindernis","Weggebruiker tegen hindernis op de rijbaan","Op de rijbaan: Lading"
"591","2018","01","15",2018-01-01,2018-01-01 15:00:00,2024-01-02 15:00:00,"62119","Waals Gewest","Provincie Luik","Blegny",50.647270631,5.68199572600003,"Op Kruispunt","Regenval","Nat, plassen","binnen bebouwde kom","Dag","Gemeenteweg","Met doden","personenauto","Voetganger","Met een voetganger","Geen hindernis"
"592","2018","01","18",2018-01-01,2018-01-01 18:00:00,2024-01-02 18:00:00,"62100","Waals Gewest","Provincie Luik","Sprimont",50.537076072,5.65339524700005,"Buiten Kruispunt","Regenval","Nat, plassen","buiten bebouwde kom","Nacht, openbare verlichting aanwezig en ontstoken","Gewestweg","Met doden","personenauto","Voetganger","Met een voetganger","Geen hindernis"
"593","2018","01","08",2018-01-01,2018-01-01 08:00:00,2024-01-02 08:00:00,"64074","Waals Gewest","Provincie Luik","Borgworm",NA,NA,"Buiten Kruispunt","Normaal","Proper","binnen bebouwde kom","Dag","Gemeenteweg","dodelijk gewonden","personenauto","personenauto","Kettingbotsing (3 bestuurders of meer)","Geen hindernis"
"594","2018","01","19",2018-01-01,2018-01-01 19:00:00,2024-01-02 19:00:00,"63020","Waals Gewest","Provincie Luik","Dison",50.6016958340001,5.86389696600003,"Buiten Kruispunt","Normaal","Nat, plassen","binnen bebouwde kom","Nacht, openbare verlichting aanwezig en ontstoken","Gemeenteweg","dodelijk gewonden","personenauto","Voetganger","Met een voetganger","Geen hindernis"
"595","2018","01","19",2018-01-01,2018-01-01 19:00:00,2024-01-02 19:00:00,"61012","Waals Gewest","Provincie Luik","Clavier",50.410569767,5.34277352600003,"Buiten Kruispunt","Normaal","Proper","buiten bebouwde kom","Nacht, openbare verlichting aanwezig en ontstoken","Gewestweg","Met doden","personenauto","een weggebruiker tegen een hindernis","Weggebruiker tegen hindernis buiten rijbaan","Buiten de rijbaan: Verkeerseiland, middenberm"
"596","2018","01","07",2018-01-01,2018-01-01 07:00:00,2024-01-02 07:00:00,"81001","Waals Gewest","Provincie Luxemburg","Aarlen",49.678676023,5.82150125000004,"Buiten Kruispunt","Regenval","Nat, plassen","binnen bebouwde kom","Nacht, openbare verlichting aanwezig en ontstoken","Gewestweg","dodelijk gewonden","personenauto","Voetganger","Met een voetganger","Geen hindernis"
"597","2018","01","15",2018-01-01,2018-01-01 15:00:00,2024-01-02 15:00:00,"83012","Waals Gewest","Provincie Luxemburg","Durbuy",50.348751947,5.44981658300003,"Buiten Kruispunt","Normaal","Droog","buiten bebouwde kom","Dag","Gewestweg","dodelijk gewonden","personenauto","een weggebruiker tegen een hindernis","Weggebruiker tegen hindernis buiten rijbaan","Andere hindernis"
"598","2018","01","02",2018-01-01,2018-01-01 02:00:00,2024-01-02 02:00:00,"92094","Waals Gewest","Provincie Namen","Namen",50.456339117,4.87188838800006,"Op Kruispunt","Normaal","Droog+Proper","binnen bebouwde kom","Nacht, openbare verlichting aanwezig en ontstoken","Gewestweg","Met doden","personenauto","Voetganger","Met een voetganger","Geen hindernis"
"599","2018","01","09",2018-01-01,2018-01-01 09:00:00,2024-01-02 09:00:00,"93022","Waals Gewest","Provincie Namen","Florennes",50.225208975,4.65532847600002,"Buiten Kruispunt","Normaal","Droog+Proper","buiten bebouwde kom","Dag","Gewestweg","Met doden","personenauto","Vrachtwagen","Tussen 2 bestuurders: Frontale botsing","Geen hindernis"
"600","2018","01","02",2018-01-01,2018-01-01 02:00:00,2024-01-02 02:00:00,"91013","Waals Gewest","Provincie Namen","Beauraing",50.125895115,5.00241683000007,"Buiten Kruispunt","Sterke wind, rukwind","Nat, plassen","buiten bebouwde kom","Nacht, geen openbare verlichting aanwezig","Gewestweg","Met doden","personenauto","een weggebruiker tegen een hindernis","Weggebruiker tegen hindernis buiten rijbaan","Buiten de rijbaan: Boom"
"601","2018","01","16",2018-01-01,2018-01-01 16:00:00,2024-01-02 16:00:00,"93056","Waals Gewest","Provincie Namen","Philippeville",NA,NA,"Buiten Kruispunt","Normaal","Droog+Proper","buiten bebouwde kom","Dag","Gemeenteweg","Met doden","Motorfiets","een weggebruiker tegen een hindernis","Weggebruiker tegen hindernis buiten rijbaan","Buiten de rijbaan: Boom"
"602","2018","01","17",2018-01-01,2018-01-01 17:00:00,2024-01-02 17:00:00,"51004","Waals Gewest","Provincie Henegouwen","Aat",50.6185534730001,3.70687320700006,"Op Kruispunt","Normaal","Proper","buiten bebouwde kom","Onbekend","Gewestweg","Met doden","personenauto","personenauto","Tss. 2 best.: langs opzij (voor-/achterkant-flank)","Geen hindernis"
"603","2018","01","07",2018-01-01,2018-01-01 07:00:00,2024-01-02 07:00:00,"51069","Waals Gewest","Provincie Henegouwen","Lessen",50.7182091450001,3.78992451600004,"Buiten Kruispunt","Normaal","Droog","buiten bebouwde kom","Nacht, openbare verlichting aanwezig en ontstoken","Gewestweg","Met doden","personenauto","personenauto","Tss. 2 best.: langs opzij (voor-/achterkant-flank)","Geen hindernis"
"604","2018","01","07",2018-01-01,2018-01-01 07:00:00,2024-01-02 07:00:00,"55035","Waals Gewest","Provincie Henegouwen","Le Roeulx",NA,NA,"Buiten Kruispunt","Sterke wind, rukwind","Proper","binnen bebouwde kom","Nacht, openbare verlichting aanwezig en ontstoken","Gemeenteweg","Met doden","Vrachtwagen","een weggebruiker tegen een hindernis","Weggebruiker tegen hindernis buiten rijbaan","Buiten de rijbaan: Vangrails overschreden"
"605","2018","01","17",2018-01-01,2018-01-01 17:00:00,2024-01-02 17:00:00,"56022","Waals Gewest","Provincie Henegouwen","Erquelinnes",50.3153497440001,4.10547587200006,"Buiten Kruispunt","Regenval+Sterke wind, rukwind","Nat, plassen","binnen bebouwde kom","Nacht, openbare verlichting aanwezig en ontstoken","Gemeenteweg","Met doden","personenauto","één bestuurder, geen hindernis","Eén bestuurder, geen hindernis (incl. val)","Geen hindernis"
"606","2018","01","08",2018-01-01,2018-01-01 08:00:00,2024-01-02 08:00:00,"21001","Brussels Hoofdstedelijk Gewest",NA,"Anderlecht",50.824148527,4.29588286100005,"Buiten Kruispunt","Normaal","Nat, plassen","binnen bebouwde kom","Dag","Gewestweg","dodelijk gewonden","onbekend","onbekend","Geen vermelding van de type aanrijding","Geen vermelding van de type aanrijding"
"607","2018","01","12",2018-01-01,2018-01-01 12:00:00,2024-01-02 12:00:00,"13021","Vlaams Gewest","Provincie Antwerpen","Meerhout",51.1365294660001,5.04474583400003,"Buiten Kruispunt","Normaal","Nat, plassen","binnen bebouwde kom","Dag","Gemeenteweg","Met doden","personenauto","Voetganger","Met een voetganger","Geen hindernis"
"608","2018","01","13",2018-01-01,2018-01-01 13:00:00,2024-01-02 13:00:00,"72043","Vlaams Gewest","Provincie Limburg","Pelt",51.207422713,5.42765270600006,"Op Kruispunt","Normaal","Droog","buiten bebouwde kom","Dag","Gewestweg","Met doden","Lichte vrachtauto","Fiets","Tussen 2 bestuurders: Frontale botsing","Geen hindernis"
"609","2018","02","05",2018-02-01,2018-02-01 05:00:00,2024-01-02 05:00:00,"72030","Vlaams Gewest","Provincie Limburg","Peer",51.1778434400001,5.47001818400002,"Buiten Kruispunt","Normaal","Droog","buiten bebouwde kom","Nacht, geen openbare verlichting aanwezig","Gewestweg","Met doden","personenauto","een weggebruiker tegen een hindernis","Weggebruiker tegen hindernis buiten rijbaan","Buiten de rijbaan: Boom"
"610","2018","01","10",2018-01-01,2018-01-01 10:00:00,2024-01-02 10:00:00,"72039","Vlaams Gewest","Provincie Limburg","Houthalen-Helchteren",51.04460807,5.38006067200007,"Op Kruispunt","Normaal","Droog","buiten bebouwde kom","Dag","Gewestweg","dodelijk gewonden","personenauto","personenauto","Tss. 2 best.: langs opzij (voor-/achterkant-flank)","Geen hindernis"
"611","2018","01","19",2018-01-01,2018-01-01 19:00:00,2024-01-02 19:00:00,"43018","Vlaams Gewest","Provincie Oost-Vlaanderen","Zelzate",51.1960340110001,3.80047622500007,"Buiten Kruispunt","Normaal","Droog","buiten bebouwde kom","Nacht, openbare verlichting aanwezig en ontstoken","Gewestweg","Met doden","Vrachtwagen","personenauto","Tussen 2 bestuurders: Langs achteren","Geen hindernis"
"612","2018","01","07",2018-01-01,2018-01-01 07:00:00,2024-01-02 07:00:00,"45035","Vlaams Gewest","Provincie Oost-Vlaanderen","Oudenaarde",NA,NA,"Buiten Kruispunt","Normaal","Droog","buiten bebouwde kom","Nacht, openbare verlichting aanwezig en ontstoken","Gemeenteweg","Met doden","personenauto","een weggebruiker tegen een hindernis","Weggebruiker tegen hindernis buiten rijbaan","Buiten de rijbaan: Vangrails overschreden"
"613","2018","01","19",2018-01-01,2018-01-01 19:00:00,2024-01-02 19:00:00,"42006","Vlaams Gewest","Provincie Oost-Vlaanderen","Dendermonde",51.0168758840001,4.13410757500003,"Buiten Kruispunt","Normaal","Droog","buiten bebouwde kom","Nacht, geen openbare verlichting aanwezig","Gewestweg","Met doden","personenauto","Autobus","Tussen 2 bestuurders: Frontale botsing","Geen hindernis"
"614","2018","01","10",2018-01-01,2018-01-01 10:00:00,2024-01-02 10:00:00,"31043","Vlaams Gewest","Provincie West-Vlaanderen","Knokke-Heist",51.3035254060001,3.26481852500007,"Buiten Kruispunt","Mist (zichtbaarheid minder dan 100m)","Droog","buiten bebouwde kom","Dag","Gewestweg","Met doden","Andere weggebruiker","één bestuurder, geen hindernis","Eén bestuurder, geen hindernis (incl. val)","Geen hindernis"
"615","2018","01","11",2018-01-01,2018-01-01 11:00:00,2024-01-02 11:00:00,"31043","Vlaams Gewest","Provincie West-Vlaanderen","Knokke-Heist",51.355074293,3.30196198200002,"Buiten Kruispunt","Normaal","Droog","binnen bebouwde kom","Dag","Gemeenteweg","dodelijk gewonden","personenauto","een weggebruiker tegen een hindernis","Weggebruiker tegen hindernis op de rijbaan","Op de rijbaan: Werken (signal., aarde, toestel,…)"
"616","2018","01","18",2018-01-01,2018-01-01 18:00:00,2024-01-02 18:00:00,"35013","Vlaams Gewest","Provincie West-Vlaanderen","Oostende",51.2099590460001,2.93025939800003,"Op Kruispunt","Mist (zichtbaarheid minder dan 100m)","Nat, plassen","binnen bebouwde kom","Nacht, openbare verlichting aanwezig en ontstoken","Gemeenteweg","dodelijk gewonden","Lichte vrachtauto","Fiets","Tss. 2 best.: langs opzij (voor-/achterkant-flank)","Geen hindernis"
"617","2018","01","18",2018-01-01,2018-01-01 18:00:00,2024-01-02 18:00:00,"36007","Vlaams Gewest","Provincie West-Vlaanderen","Ingelmunster",50.935423616,3.26791925000003,"Buiten Kruispunt","Regenval","Nat, plassen","buiten bebouwde kom","Nacht, openbare verlichting aanwezig en ontstoken","Gewestweg","Met doden","Fiets","een weggebruiker tegen een hindernis","Weggebruiker tegen hindernis buiten rijbaan","Andere hindernis"