"","DT_YEAR_COLLISION","DT_MONTH_COLLISION","DT_TIME","YEAR_MONTH_DAY","YEAR_MONTH_DAY_HOUR","TIME_DT","CD_NIS","TX_RGN_COLLISION_NL","TX_PROV_COLLISION_NL","TX_MUNTY_COLLISION_NL","LAT_WGS84","LONG_WGS84","TX_CROSSWAY_NL","TX_WEATHER_NL","TX_ROAD_CONDITION_NL","TX_BUILD_UP_AREA_NL","TX_LIGHT_CONDITION_NL","CD_ROAD_TYPE_NL","TX_CLASS_ACCIDENTS_NL","TX_ROAD_USR_TYPE1_NL","TX_ROAD_USR_TYPE2_NL","TX_COLLISION_TYPE_NL","TX_OBSTACLES_NL"
"618","2018","01","15",2018-01-01,2018-01-01 15:00:00,2024-01-02 15:00:00,"34041","Vlaams Gewest","Provincie West-Vlaanderen","Wevelgem",50.8137764840001,3.20007841400008,"Buiten Kruispunt","Normaal","Droog","buiten bebouwde kom","Dag","Gewestweg","dodelijk gewonden","Vrachtwagen","Fiets","Tussen 2 bestuurders: Flank tegen flank","Geen hindernis"
"619","2018","02","16",2018-02-01,2018-02-01 16:00:00,2024-01-02 16:00:00,"11009","Vlaams Gewest","Provincie Antwerpen","Brecht",51.3144061620001,4.56858451100004,"Buiten Kruispunt","Normaal","Droog","buiten bebouwde kom","Dag","Autosnelweg","Met doden","Vrachtwagen","Vrachtwagen","Kettingbotsing (3 bestuurders of meer)","Geen hindernis"
"620","2018","02","05",2018-02-01,2018-02-01 05:00:00,2024-01-02 05:00:00,"71057","Vlaams Gewest","Provincie Limburg","Tessenderlo",51.067284998,5.15204653400002,"Buiten Kruispunt","Regenval","Nat, plassen","buiten bebouwde kom","Nacht, openb. verlicht. aanw., maar niet ontstoken","Autosnelweg","Met doden","personenauto","Vrachtwagen","Tussen 2 bestuurders: Langs achteren","Geen hindernis"
"621","2018","02","09",2018-02-01,2018-02-01 09:00:00,2024-01-02 09:00:00,"46003","Vlaams Gewest","Provincie Oost-Vlaanderen","Beveren (Sint-Niklaas)",51.237566079,4.18207189100002,"Buiten Kruispunt","Andere (dikke rook,...)","Droog","buiten bebouwde kom","Dag","Autosnelweg","Met doden","Vrachtwagen","een weggebruiker tegen een hindernis","Weggebruiker tegen hindernis buiten rijbaan","Buiten de rijbaan: Vangrails niet overgestoken"
"622","2018","02","04",2018-02-01,2018-02-01 04:00:00,2024-01-02 04:00:00,"24008","Vlaams Gewest","Provincie Vlaams-Brabant","Bekkevoort",50.9566187460001,4.94032839700003,"Buiten Kruispunt","Normaal","Droog","buiten bebouwde kom","Nacht, openb. verlicht. aanw., maar niet ontstoken","Autosnelweg","dodelijk gewonden","Lichte vrachtauto","Vrachtwagen","Tussen 2 bestuurders: Langs achteren","Geen hindernis"
"623","2018","02","07",2018-02-01,2018-02-01 07:00:00,2024-01-02 07:00:00,"84075","Waals Gewest","Provincie Luxemburg","Wellin",50.094977639,5.13281802100005,"Buiten Kruispunt","Normaal","Droog","buiten bebouwde kom","Dag","Autosnelweg","Met doden","personenauto","een weggebruiker tegen een hindernis","Weggebruiker tegen hindernis buiten rijbaan","Buiten de rijbaan: Andere paal"
"624","2018","02","11",2018-02-01,2018-02-01 11:00:00,2024-01-02 11:00:00,"62003","Waals Gewest","Provincie Luik","Ans",50.6612292550001,5.48665994700002,"Buiten Kruispunt","Normaal","Droog","buiten bebouwde kom","Dag","Autosnelweg","Met doden","Vrachtwagen","personenauto","Kettingbotsing (3 bestuurders of meer)","Geen hindernis"
"625","2018","02","21",2018-02-01,2018-02-01 21:00:00,2024-01-02 21:00:00,"25124","Waals Gewest","Provincie Waals-Brabant","Walhain",50.6201516420001,4.66121003200004,"Buiten Kruispunt","Normaal","Droog","buiten bebouwde kom","Nacht, openbare verlichting aanwezig en ontstoken","Gewestweg","Met doden","Voetganger","Andere weggebruiker","Met een voetganger","Geen hindernis"
"626","2018","02","18",2018-02-01,2018-02-01 18:00:00,2024-01-02 18:00:00,"63075","Waals Gewest","Provincie Luik","Stoumont",NA,NA,"Buiten Kruispunt","Onbekend","Onbekend","buiten bebouwde kom","Onbekend","Gemeenteweg","dodelijk gewonden","onbekend","een weggebruiker tegen een hindernis","Weggebruiker tegen hindernis buiten rijbaan","Buiten de rijbaan: Boom"
"627","2018","02","22",2018-02-01,2018-02-01 22:00:00,2024-01-02 22:00:00,"63023","Waals Gewest","Provincie Luik","Eupen",NA,NA,"Op Kruispunt","Normaal","Droog","buiten bebouwde kom","Nacht, geen openbare verlichting aanwezig","Gemeenteweg","Met doden","Andere weggebruiker","personenauto","Tss. 2 best.: langs opzij (voor-/achterkant-flank)","Geen hindernis"
"628","2018","02","15",2018-02-01,2018-02-01 15:00:00,2024-01-02 15:00:00,"61080","Waals Gewest","Provincie Luik","Engis",NA,NA,"Buiten Kruispunt","Normaal","Proper","buiten bebouwde kom","Dag","Gewestweg","Met doden","personenauto","personenauto","Tussen 2 bestuurders: Frontale botsing","Geen hindernis"
"629","2018","02","16",2018-02-01,2018-02-01 16:00:00,2024-01-02 16:00:00,"81004","Waals Gewest","Provincie Luxemburg","Aubange",NA,NA,"Buiten Kruispunt","Normaal","Nat, plassen","buiten bebouwde kom","Dag","onbekend","dodelijk gewonden","Motorfiets","personenauto","Tussen 2 bestuurders: Langs achteren","Geen hindernis"
"630","2018","02","13",2018-02-01,2018-02-01 13:00:00,2024-01-02 13:00:00,"84043","Waals Gewest","Provincie Luxemburg","Neufchâteau (Neufchâteau)",NA,NA,"Buiten Kruispunt","Sneeuwval","Nat, plassen","buiten bebouwde kom","Dag","Gemeenteweg","dodelijk gewonden","personenauto","een weggebruiker tegen een hindernis","Weggebruiker tegen hindernis buiten rijbaan","Buiten de rijbaan: Boom"
"631","2018","02","12",2018-02-01,2018-02-01 12:00:00,2024-01-02 12:00:00,"58001","Waals Gewest","Provincie Henegouwen","La Louvière",50.4763184460001,4.18143472100007,"Op Kruispunt","Sneeuwval","Nat, plassen+Proper","binnen bebouwde kom","Dag","Gewestweg","Met doden","Vrachtwagen","Voetganger","Met een voetganger","Geen hindernis"
"632","2018","02","19",2018-02-01,2018-02-01 19:00:00,2024-01-02 19:00:00,"55050","Waals Gewest","Provincie Henegouwen","Ecaussinnes",NA,NA,"Op Kruispunt","Onbekend","Nat, plassen","buiten bebouwde kom","Nacht, geen openbare verlichting aanwezig","Gewestweg","Met doden","personenauto","personenauto","Tss. 2 best.: langs opzij (voor-/achterkant-flank)","Geen hindernis"
"633","2018","02","18",2018-02-01,2018-02-01 18:00:00,2024-01-02 18:00:00,"52074","Waals Gewest","Provincie Henegouwen","Aiseau-Presles",50.4108082290001,4.54669265700005,"Buiten Kruispunt","Regenval","Nat, plassen","binnen bebouwde kom","Nacht, openbare verlichting aanwezig en ontstoken","Gemeenteweg","dodelijk gewonden","personenauto","Voetganger","Met een voetganger","Geen hindernis"
"634","2018","02","21",2018-02-01,2018-02-01 21:00:00,2024-01-02 21:00:00,"52012","Waals Gewest","Provincie Henegouwen","Châtelet",50.4016997620001,4.51050850500008,"Buiten Kruispunt","Sneeuwval","Ijzel, sneeuw","binnen bebouwde kom","Nacht, openbare verlichting aanwezig en ontstoken","Gewestweg","Met doden","Motorfiets","personenauto","Tussen 2 bestuurders: Langs achteren","Geen hindernis"
"635","2018","02","00",2018-02-01,2018-02-01 00:00:00,2024-01-02 00:00:00,"56016","Waals Gewest","Provincie Henegouwen","Chimay",50.0682387640001,4.27252738800007,"Buiten Kruispunt","Normaal","Nat, plassen","buiten bebouwde kom","Nacht, geen openbare verlichting aanwezig","Gewestweg","Met doden","personenauto","een weggebruiker tegen een hindernis","Weggebruiker tegen hindernis buiten rijbaan","Buiten de rijbaan: Gracht"
"636","2018","02","11",2018-02-01,2018-02-01 11:00:00,2024-01-02 11:00:00,"11002","Vlaams Gewest","Provincie Antwerpen","Antwerpen",51.215405681,4.43285791200003,"Buiten Kruispunt","Normaal","Droog","binnen bebouwde kom","Dag","Gewestweg","Met doden","Voetganger","Autobus","Met een voetganger","Geen hindernis"
"637","2018","02","20",2018-02-01,2018-02-01 20:00:00,2024-01-02 20:00:00,"11035","Vlaams Gewest","Provincie Antwerpen","Ranst",51.193951229,4.54754037400005,"Buiten Kruispunt","Regenval","Nat, plassen","buiten bebouwde kom","Nacht, openbare verlichting aanwezig en ontstoken","Gewestweg","Met doden","personenauto","Autobus","Tussen 2 bestuurders: Frontale botsing","Geen hindernis"
"638","2018","02","01",2018-02-01,2018-02-01 01:00:00,2024-01-02 01:00:00,"12041","Vlaams Gewest","Provincie Antwerpen","Puurs-Sint-Amands",51.0516748380001,4.29699627800005,"Buiten Kruispunt","Normaal","Nat, plassen","buiten bebouwde kom","Nacht, openbare verlichting aanwezig en ontstoken","Gewestweg","Met doden","Vrachtwagen","personenauto","Tussen 2 bestuurders: Frontale botsing","Geen hindernis"
"639","2018","02","21",2018-02-01,2018-02-01 21:00:00,2024-01-02 21:00:00,"13014","Vlaams Gewest","Provincie Antwerpen","Hoogstraten",51.458562639,4.70194586200006,"Buiten Kruispunt","Normaal","Droog","buiten bebouwde kom","Nacht, openbare verlichting aanwezig en ontstoken","Gewestweg","dodelijk gewonden","Lichte vrachtauto","een weggebruiker tegen een hindernis","Weggebruiker tegen hindernis buiten rijbaan","Buiten de rijbaan: Boom"
"640","2018","02","09",2018-02-01,2018-02-01 09:00:00,2024-01-02 09:00:00,"72037","Vlaams Gewest","Provincie Limburg","Hamont-Achel",51.2467414290001,5.47493923100006,"Op Kruispunt","Normaal","Nat, plassen","binnen bebouwde kom","Dag","Gemeenteweg","dodelijk gewonden","personenauto","Fiets","Tss. 2 best.: langs opzij (voor-/achterkant-flank)","Geen hindernis"
"641","2018","02","13",2018-02-01,2018-02-01 13:00:00,2024-01-02 13:00:00,"71057","Vlaams Gewest","Provincie Limburg","Tessenderlo",51.021449305,5.07189453200004,"Op Kruispunt","Normaal","Droog","binnen bebouwde kom","Dag","Gewestweg","Met doden","personenauto","Fiets","Tss. 2 best.: langs opzij (voor-/achterkant-flank)","Geen hindernis"
"642","2018","02","18",2018-02-01,2018-02-01 18:00:00,2024-01-02 18:00:00,"71053","Vlaams Gewest","Provincie Limburg","Sint-Truiden",50.81079314,5.20739336000003,"Buiten Kruispunt","Normaal","Droog","buiten bebouwde kom","Nacht, openbare verlichting aanwezig en ontstoken","Gewestweg","Met doden","personenauto","Fiets","Tss. 2 best.: langs opzij (voor-/achterkant-flank)","Geen hindernis"
"643","2018","02","09",2018-02-01,2018-02-01 09:00:00,2024-01-02 09:00:00,"71016","Vlaams Gewest","Provincie Limburg","Genk",50.9763186010001,5.54568858000005,"Buiten Kruispunt","Normaal","Droog","buiten bebouwde kom","Dag","Gewestweg","Met doden","personenauto","een weggebruiker tegen een hindernis","Weggebruiker tegen hindernis buiten rijbaan","Buiten de rijbaan: Verlichtingspaal"
"644","2018","02","06",2018-02-01,2018-02-01 06:00:00,2024-01-02 06:00:00,"24001","Vlaams Gewest","Provincie Vlaams-Brabant","Aarschot",51.0043055300001,4.85651430700005,"Buiten Kruispunt","Normaal","Droog","buiten bebouwde kom","Nacht, openbare verlichting aanwezig en ontstoken","Gewestweg","Met doden","personenauto","Autobus","Tussen 2 bestuurders: Frontale botsing","Geen hindernis"
"645","2018","02","13",2018-02-01,2018-02-01 13:00:00,2024-01-02 13:00:00,"24134","Vlaams Gewest","Provincie Vlaams-Brabant","Scherpenheuvel-Zichem",50.964329391,4.94214127600003,"Buiten Kruispunt","Normaal","Droog","binnen bebouwde kom","Dag","Gemeenteweg","dodelijk gewonden","personenauto","Fiets","Tss. 2 best.: langs opzij (voor-/achterkant-flank)","Geen hindernis"
"646","2018","02","09",2018-02-01,2018-02-01 09:00:00,2024-01-02 09:00:00,"44021","Vlaams Gewest","Provincie Oost-Vlaanderen","Gent",51.0822310340001,3.79093949900005,"Op Kruispunt","Normaal","Droog","binnen bebouwde kom","Dag","Gewestweg","Met doden","personenauto","Fiets","Tss. 2 best.: langs opzij (voor-/achterkant-flank)","Geen hindernis"
"647","2018","02","11",2018-02-01,2018-02-01 11:00:00,2024-01-02 11:00:00,"43005","Vlaams Gewest","Provincie Oost-Vlaanderen","Eeklo",51.175949207,3.59118212400006,"Op Kruispunt","Normaal","Droog","binnen bebouwde kom","Dag","Gemeenteweg","dodelijk gewonden","personenauto","Fiets","Tss. 2 best.: langs opzij (voor-/achterkant-flank)","Geen hindernis"
"648","2018","02","10",2018-02-01,2018-02-01 10:00:00,2024-01-02 10:00:00,"31043","Vlaams Gewest","Provincie West-Vlaanderen","Knokke-Heist",51.320646149,3.29195539500006,"Op Kruispunt","Normaal","Droog","buiten bebouwde kom","Dag","Gemeenteweg","Met doden","onbekend","onbekend","Andere of onbekend","Geen vermelding van de aanwezigheid van een hindernis"
"649","2018","02","18",2018-02-01,2018-02-01 18:00:00,2024-01-02 18:00:00,"31022","Vlaams Gewest","Provincie West-Vlaanderen","Oostkamp",51.097123439,3.24592792200002,"Buiten Kruispunt","Normaal","Droog","buiten bebouwde kom","Nacht, openbare verlichting aanwezig en ontstoken","Gemeenteweg","Met doden","personenauto","een weggebruiker tegen een hindernis","Weggebruiker tegen hindernis buiten rijbaan","Buiten de rijbaan: Andere paal"
"650","2018","02","16",2018-02-01,2018-02-01 16:00:00,2024-01-02 16:00:00,"34041","Vlaams Gewest","Provincie West-Vlaanderen","Wevelgem",50.828453504,3.11636737100002,"Buiten Kruispunt","Normaal","Nat, plassen","buiten bebouwde kom","Dag","Gewestweg","Met doden","personenauto","personenauto","Tss. 2 best.: langs opzij (voor-/achterkant-flank)","Geen hindernis"
"651","2018","01","11",2018-01-01,2018-01-01 11:00:00,2024-01-02 11:00:00,"73107","Vlaams Gewest","Provincie Limburg","Maasmechelen",NA,NA,"Buiten Kruispunt","Normaal","Droog","buiten bebouwde kom","Dag","Gemeenteweg","dodelijk gewonden","Fiets","één bestuurder, geen hindernis","Eén bestuurder, geen hindernis (incl. val)","Geen hindernis"
"652","2018","02","14",2018-02-01,2018-02-01 14:00:00,2024-01-02 14:00:00,"46024","Vlaams Gewest","Provincie Oost-Vlaanderen","Stekene",51.2380642250001,4.05994298800005,"Op Kruispunt","Normaal","Droog","binnen bebouwde kom","Dag","Gewestweg","dodelijk gewonden","Fiets","personenauto","Tss. 2 best.: langs opzij (voor-/achterkant-flank)","Geen hindernis"
"653","2018","03","05",2018-03-01,2018-03-01 05:00:00,2024-01-02 05:00:00,"73107","Vlaams Gewest","Provincie Limburg","Maasmechelen",50.953656132,5.74195220100006,"Buiten Kruispunt","Andere (dikke rook,...)","Droog","buiten bebouwde kom","Nacht, geen openbare verlichting aanwezig","Autosnelweg","Met doden","Vrachtwagen","Vrachtwagen","Kettingbotsing (3 bestuurders of meer)","Geen hindernis"
"654","2018","03","06",2018-03-01,2018-03-01 06:00:00,2024-01-02 06:00:00,"38025","Vlaams Gewest","Provincie West-Vlaanderen","Veurne",51.0930842700001,2.73257143000006,"Buiten Kruispunt","Normaal","Nat, plassen+Proper","buiten bebouwde kom","Nacht, geen openbare verlichting aanwezig","Autosnelweg","Met doden","personenauto","een weggebruiker tegen een hindernis","Weggebruiker tegen hindernis buiten rijbaan","Buiten de rijbaan: Gracht"
"655","2018","03","06",2018-03-01,2018-03-01 06:00:00,2024-01-02 06:00:00,"25112","Waals Gewest","Provincie Waals-Brabant","Waver",50.7039441090001,4.63612353600007,"Buiten Kruispunt","Normaal","Droog","buiten bebouwde kom","Dageraad - schemering","Gewestweg","Met doden","personenauto","een weggebruiker tegen een hindernis","Weggebruiker tegen hindernis buiten rijbaan","Buiten de rijbaan: Vangrails overschreden"
"656","2018","03","15",2018-03-01,2018-03-01 15:00:00,2024-01-02 15:00:00,"55086","Waals Gewest","Provincie Henegouwen","Manage",50.4989572440001,4.23563063800003,"Buiten Kruispunt","Normaal","Droog","buiten bebouwde kom","Dag","Autosnelweg","Met doden","Vrachtwagen","Vrachtwagen","Kettingbotsing (3 bestuurders of meer)","Geen hindernis"
"657","2018","03","15",2018-03-01,2018-03-01 15:00:00,2024-01-02 15:00:00,"12007","Vlaams Gewest","Provincie Antwerpen","Bornem",NA,NA,"Buiten Kruispunt","Normaal","Droog","buiten bebouwde kom","Dag","Gemeenteweg","Met doden","Fiets","Andere weggebruiker","Tss. 2 best.: langs opzij (voor-/achterkant-flank)","Geen hindernis"
"658","2018","03","21",2018-03-01,2018-03-01 21:00:00,2024-01-02 21:00:00,"93056","Waals Gewest","Provincie Namen","Philippeville",50.1449599160001,4.50416371700004,"Buiten Kruispunt","Normaal","Droog+Proper","buiten bebouwde kom","Nacht, openbare verlichting aanwezig en ontstoken","Gewestweg","Met doden","personenauto","een weggebruiker tegen een hindernis","Weggebruiker tegen hindernis buiten rijbaan","Buiten de rijbaan: Verlichtingspaal"
"659","2018","03","13",2018-03-01,2018-03-01 13:00:00,2024-01-02 13:00:00,"93088","Waals Gewest","Provincie Namen","Walcourt",50.2203259520001,4.51321510300005,"Buiten Kruispunt","Normaal","Droog","buiten bebouwde kom","Dag","Gewestweg","Met doden","Vrachtwagen","een weggebruiker tegen een hindernis","Weggebruiker tegen hindernis buiten rijbaan","Buiten de rijbaan: Verlichtingspaal"
"660","2018","03","03",2018-03-01,2018-03-01 03:00:00,2024-01-02 03:00:00,"25107","Waals Gewest","Provincie Waals-Brabant","Villers-la-Ville",50.5849510150001,4.52917218800008,"Op Kruispunt","Normaal","Droog","binnen bebouwde kom","Nacht, openbare verlichting aanwezig en ontstoken","Gewestweg","Met doden","Lichte vrachtauto","een weggebruiker tegen een hindernis","Weggebruiker tegen hindernis buiten rijbaan","Buiten de rijbaan: Muur gebouw"
"661","2018","03","17",2018-03-01,2018-03-01 17:00:00,2024-01-02 17:00:00,"62063","Waals Gewest","Provincie Luik","Luik",NA,NA,"Buiten Kruispunt","Normaal","Droog","binnen bebouwde kom","Dag","Gewestweg","dodelijk gewonden","personenauto","personenauto","Tss. 2 best.: langs opzij (voor-/achterkant-flank)","Geen hindernis"
"662","2018","03","16",2018-03-01,2018-03-01 16:00:00,2024-01-02 16:00:00,"62093","Waals Gewest","Provincie Luik","Saint-Nicolas (Luik)",50.6242138600001,5.54098389900003,"Buiten Kruispunt","Normaal","Droog","binnen bebouwde kom","Dag","Gemeenteweg","dodelijk gewonden","personenauto","Voetganger","Met een voetganger","Geen hindernis"
"663","2018","03","01",2018-03-01,2018-03-01 01:00:00,2024-01-02 01:00:00,"64074","Waals Gewest","Provincie Luik","Borgworm",NA,NA,"Buiten Kruispunt","Normaal","Nat, plassen","buiten bebouwde kom","Nacht, openbare verlichting aanwezig en ontstoken","Gemeenteweg","Met doden","personenauto","een weggebruiker tegen een hindernis","Weggebruiker tegen hindernis buiten rijbaan","Buiten de rijbaan: Verlichtingspaal"
"664","2018","03","17",2018-03-01,2018-03-01 17:00:00,2024-01-02 17:00:00,"84043","Waals Gewest","Provincie Luxemburg","Neufchâteau (Neufchâteau)",49.8428895770001,5.39582169200003,"Op Kruispunt","Normaal","Nat, plassen","buiten bebouwde kom","Dag","Gewestweg","dodelijk gewonden","Lichte vrachtauto","personenauto","Tss. 2 best.: langs opzij (voor-/achterkant-flank)","Geen hindernis"
"665","2018","03","21",2018-03-01,2018-03-01 21:00:00,2024-01-02 21:00:00,"92137","Waals Gewest","Provincie Namen","Sambreville",50.4303143670001,4.61435412900005,"Buiten Kruispunt","Normaal","Droog","binnen bebouwde kom","Nacht, openbare verlichting aanwezig en ontstoken","Gewestweg","Met doden","Voetganger","personenauto","Met een voetganger","Geen hindernis"
"666","2018","03","20",2018-03-01,2018-03-01 20:00:00,2024-01-02 20:00:00,"57081","Waals Gewest","Provincie Henegouwen","Doornik",NA,NA,"Buiten Kruispunt","Normaal","Droog+Proper","buiten bebouwde kom","Nacht, openbare verlichting aanwezig en ontstoken","Gewestweg","Met doden","personenauto","Voetganger","Met een voetganger","Geen hindernis"
"667","2018","03","13",2018-03-01,2018-03-01 13:00:00,2024-01-02 13:00:00,"58002","Waals Gewest","Provincie Henegouwen","Binche",50.3644402420001,4.20096546400003,"Buiten Kruispunt","Normaal","Proper","binnen bebouwde kom","Dag","Gemeenteweg","Met doden","personenauto","een weggebruiker tegen een hindernis","Weggebruiker tegen hindernis buiten rijbaan","Buiten de rijbaan: Andere paal"
"668","2018","03","11",2018-03-01,2018-03-01 11:00:00,2024-01-02 11:00:00,"56016","Waals Gewest","Provincie Henegouwen","Chimay",NA,NA,"Buiten Kruispunt","Regenval","Nat, plassen","buiten bebouwde kom","Dag","Gewestweg","Met doden","personenauto","een weggebruiker tegen een hindernis","Weggebruiker tegen hindernis buiten rijbaan","Buiten de rijbaan: Gracht"
"669","2018","03","18",2018-03-01,2018-03-01 18:00:00,2024-01-02 18:00:00,"21009","Brussels Hoofdstedelijk Gewest",NA,"Elsene",50.823768693,4.37379034800006,"Op Kruispunt","Normaal","Droog","binnen bebouwde kom","Dag","Gemeenteweg","dodelijk gewonden","onbekend","onbekend","Andere of onbekend","Geen vermelding van de aanwezigheid van een hindernis"
"670","2018","03","16",2018-03-01,2018-03-01 16:00:00,2024-01-02 16:00:00,"21009","Brussels Hoofdstedelijk Gewest",NA,"Elsene",50.8079584450001,4.39283745900002,"Buiten Kruispunt","Normaal","Droog","binnen bebouwde kom","Onbekend","Gemeenteweg","Met doden","personenauto","personenauto","Tss. 2 best.: langs opzij (voor-/achterkant-flank)","Geen hindernis"
"671","2018","03","10",2018-03-01,2018-03-01 10:00:00,2024-01-02 10:00:00,"21015","Brussels Hoofdstedelijk Gewest",NA,"Schaarbeek",50.8641231350001,4.36683913200005,"Op Kruispunt","Normaal","Proper","binnen bebouwde kom","Dag","Gewestweg","Met doden","onbekend","onbekend","Geen vermelding van de type aanrijding","Geen vermelding van de type aanrijding"
"672","2018","03","11",2018-03-01,2018-03-01 11:00:00,2024-01-02 11:00:00,"11002","Vlaams Gewest","Provincie Antwerpen","Antwerpen",51.207014461,4.40375184300007,"Op Kruispunt","Onbekend","Onbekend","onbekend","Dag","Gemeenteweg","dodelijk gewonden","Fiets","Andere weggebruiker","Tss. 2 best.: langs opzij (voor-/achterkant-flank)","Geen hindernis"
"673","2018","03","09",2018-03-01,2018-03-01 09:00:00,2024-01-02 09:00:00,"11002","Vlaams Gewest","Provincie Antwerpen","Antwerpen",51.1626876670001,4.39193524000007,"Buiten Kruispunt","Normaal","Droog","binnen bebouwde kom","Dag","Gewestweg","dodelijk gewonden","Fiets","Voetganger","Met een voetganger","Geen hindernis"
"674","2018","03","16",2018-03-01,2018-03-01 16:00:00,2024-01-02 16:00:00,"72020","Vlaams Gewest","Provincie Limburg","Lommel",51.2312017890001,5.32287083900007,"Buiten Kruispunt","Normaal","Droog","buiten bebouwde kom","Dag","Gemeenteweg","dodelijk gewonden","personenauto","Fiets","Tussen 2 bestuurders: Langs achteren","Geen hindernis"
"675","2018","03","11",2018-03-01,2018-03-01 11:00:00,2024-01-02 11:00:00,"72043","Vlaams Gewest","Provincie Limburg","Pelt",51.2055505600001,5.39318674800006,"Buiten Kruispunt","Normaal","Droog","buiten bebouwde kom","Dag","Gewestweg","Met doden","personenauto","een weggebruiker tegen een hindernis","Weggebruiker tegen hindernis buiten rijbaan","Buiten de rijbaan: Andere paal"
"676","2018","03","14",2018-03-01,2018-03-01 14:00:00,2024-01-02 14:00:00,"72037","Vlaams Gewest","Provincie Limburg","Hamont-Achel",51.2426927070001,5.48140479800003,"Buiten Kruispunt","Onbekend","Nat, plassen","binnen bebouwde kom","Dag","Gewestweg","Met doden","Vrachtwagen","Fiets","Tussen 2 bestuurders: Langs achteren","Geen hindernis"
"677","2018","03","06",2018-03-01,2018-03-01 06:00:00,2024-01-02 06:00:00,"72042","Vlaams Gewest","Provincie Limburg","Oudsbergen",51.019964288,5.52362752700003,"Buiten Kruispunt","Normaal","Droog","buiten bebouwde kom","Dageraad - schemering","Gewestweg","Met doden","personenauto","een weggebruiker tegen een hindernis","Weggebruiker tegen hindernis buiten rijbaan","Buiten de rijbaan: Boom"
"678","2018","03","12",2018-03-01,2018-03-01 12:00:00,2024-01-02 12:00:00,"72042","Vlaams Gewest","Provincie Limburg","Oudsbergen",51.095365864,5.51718071700003,"Buiten Kruispunt","Normaal","Droog","binnen bebouwde kom","Dag","Gemeenteweg","Met doden","Vrachtwagen","Voetganger","Met een voetganger","Geen hindernis"
"679","2018","03","01",2018-03-01,2018-03-01 01:00:00,2024-01-02 01:00:00,"24062","Vlaams Gewest","Provincie Vlaams-Brabant","Leuven",50.8896429660001,4.69913982400004,"Buiten Kruispunt","Normaal","Droog","buiten bebouwde kom","Nacht, openbare verlichting aanwezig en ontstoken","Gewestweg","Met doden","personenauto","een weggebruiker tegen een hindernis","Weggebruiker tegen hindernis buiten rijbaan","Buiten de rijbaan: Boom"
"680","2018","03","14",2018-03-01,2018-03-01 14:00:00,2024-01-02 14:00:00,"44052","Vlaams Gewest","Provincie Oost-Vlaanderen","Oosterzele",NA,NA,"Buiten Kruispunt","Normaal","Droog","buiten bebouwde kom","Dag","Gewestweg","Met doden","Vrachtwagen","Motorfiets","Kettingbotsing (3 bestuurders of meer)","Geen hindernis"
"681","2018","03","03",2018-03-01,2018-03-01 03:00:00,2024-01-02 03:00:00,"44019","Vlaams Gewest","Provincie Oost-Vlaanderen","Evergem",NA,NA,"Buiten Kruispunt","Normaal","Nat, plassen","buiten bebouwde kom","Nacht, openbare verlichting aanwezig en ontstoken","Gemeenteweg","Met doden","personenauto","een weggebruiker tegen een hindernis","Weggebruiker tegen hindernis buiten rijbaan","Andere hindernis"
"682","2018","03","04",2018-03-01,2018-03-01 04:00:00,2024-01-02 04:00:00,"45035","Vlaams Gewest","Provincie Oost-Vlaanderen","Oudenaarde",50.867113019,3.60411425900003,"Buiten Kruispunt","Normaal","Droog","buiten bebouwde kom","Nacht, openbare verlichting aanwezig en ontstoken","Gewestweg","Met doden","personenauto","een weggebruiker tegen een hindernis","Weggebruiker tegen hindernis buiten rijbaan","Buiten de rijbaan: Boom"
"683","2018","03","08",2018-03-01,2018-03-01 08:00:00,2024-01-02 08:00:00,"31006","Vlaams Gewest","Provincie West-Vlaanderen","Damme",NA,NA,"Buiten Kruispunt","Normaal","Droog","buiten bebouwde kom","Dageraad - schemering","Gemeenteweg","dodelijk gewonden","personenauto","één bestuurder, geen hindernis","Eén bestuurder, geen hindernis (incl. val)","Geen hindernis"
"684","2018","03","03",2018-03-01,2018-03-01 03:00:00,2024-01-02 03:00:00,"31033","Vlaams Gewest","Provincie West-Vlaanderen","Torhout",51.0778686210001,3.09785362900004,"Buiten Kruispunt","Normaal","Droog","binnen bebouwde kom","Nacht, openbare verlichting aanwezig en ontstoken","Gemeenteweg","Met doden","Fiets","één bestuurder, geen hindernis","Eén bestuurder, geen hindernis (incl. val)","Geen hindernis"
"685","2018","03","06",2018-03-01,2018-03-01 06:00:00,2024-01-02 06:00:00,"34025","Vlaams Gewest","Provincie West-Vlaanderen","Lendelede",50.8822806270001,3.26365447000006,"Op Kruispunt","Regenval","Nat, plassen","buiten bebouwde kom","Dageraad - schemering","Gewestweg","Met doden","personenauto","Lichte vrachtauto","Tussen 2 bestuurders: Langs achteren","Geen hindernis"