"","DT_YEAR_COLLISION","DT_MONTH_COLLISION","DT_TIME","YEAR_MONTH_DAY","YEAR_MONTH_DAY_HOUR","TIME_DT","CD_NIS","TX_RGN_COLLISION_NL","TX_PROV_COLLISION_NL","TX_MUNTY_COLLISION_NL","LAT_WGS84","LONG_WGS84","TX_CROSSWAY_NL","TX_WEATHER_NL","TX_ROAD_CONDITION_NL","TX_BUILD_UP_AREA_NL","TX_LIGHT_CONDITION_NL","CD_ROAD_TYPE_NL","TX_CLASS_ACCIDENTS_NL","TX_ROAD_USR_TYPE1_NL","TX_ROAD_USR_TYPE2_NL","TX_COLLISION_TYPE_NL","TX_OBSTACLES_NL"
"686","2018","03","07",2018-03-01,2018-03-01 07:00:00,2024-01-02 07:00:00,"33011","Vlaams Gewest","Provincie West-Vlaanderen","Ieper",NA,NA,"Buiten Kruispunt","Normaal","Droog","buiten bebouwde kom","Dag","Gewestweg","Met doden","Andere weggebruiker","personenauto","Tussen 2 bestuurders: Flank tegen flank","Geen hindernis"
"687","2018","03","15",2018-03-01,2018-03-01 15:00:00,2024-01-02 15:00:00,"11002","Vlaams Gewest","Provincie Antwerpen","Antwerpen",51.32071898,4.34724492700008,"Op Kruispunt","Normaal","Droog","buiten bebouwde kom","Dag","Gemeenteweg","dodelijk gewonden","Motorfiets","Vrachtwagen","Tss. 2 best.: langs opzij (voor-/achterkant-flank)","Geen hindernis"
"688","2018","03","00",2018-03-01,2018-03-01 00:00:00,2024-01-02 00:00:00,"46020","Vlaams Gewest","Provincie Oost-Vlaanderen","Sint-Gillis-Waas",51.219179115,4.09058226700006,"Buiten Kruispunt","Normaal","Droog","buiten bebouwde kom","Nacht, geen openbare verlichting aanwezig","Gemeenteweg","Met doden","personenauto","Bromfiets","Tss. 2 best.: langs opzij (voor-/achterkant-flank)","Geen hindernis"
"689","2018","03","17",2018-03-01,2018-03-01 17:00:00,2024-01-02 17:00:00,"71066","Vlaams Gewest","Provincie Limburg","Zonhoven",51.0078502600001,5.36994420100007,"Op Kruispunt","Normaal","Droog","buiten bebouwde kom","Dag","Gewestweg","Met doden","Motorfiets","personenauto","Tss. 2 best.: langs opzij (voor-/achterkant-flank)","Geen hindernis"
"690","2018","03","02",2018-03-01,2018-03-01 02:00:00,2024-01-02 02:00:00,"71066","Vlaams Gewest","Provincie Limburg","Zonhoven",50.9832681620001,5.36018121600006,"Buiten Kruispunt","Normaal","Droog","buiten bebouwde kom","Nacht, openbare verlichting aanwezig en ontstoken","Gewestweg","Met doden","personenauto","een weggebruiker tegen een hindernis","Weggebruiker tegen hindernis buiten rijbaan","Andere hindernis"
"691","2018","04","08",2018-04-01,2018-04-01 08:00:00,2024-01-02 08:00:00,"46024","Vlaams Gewest","Provincie Oost-Vlaanderen","Stekene",51.221690064,4.03349367200002,"Buiten Kruispunt","Normaal","Droog","buiten bebouwde kom","Dag","Autosnelweg","Met doden","Vrachtwagen","Vrachtwagen","Tussen 2 bestuurders: Langs achteren","Geen hindernis"
"692","2018","04","15",2018-04-01,2018-04-01 15:00:00,2024-01-02 15:00:00,"34022","Vlaams Gewest","Provincie West-Vlaanderen","Kortrijk",50.8045012740001,3.26217559600002,"Buiten Kruispunt","Normaal","Droog","buiten bebouwde kom","Dag","Autosnelweg","Met doden","Vrachtwagen","Vrachtwagen","Tussen 2 bestuurders: Langs achteren","Geen hindernis"
"693","2018","04","20",2018-04-01,2018-04-01 20:00:00,2024-01-02 20:00:00,"52021","Waals Gewest","Provincie Henegouwen","Fleurus",50.470078372,4.53617290400007,"Buiten Kruispunt","Normaal","Proper","buiten bebouwde kom","Dag","Autosnelweg","Met doden","personenauto","Vrachtwagen","Tussen 2 bestuurders: Langs achteren","Geen hindernis"
"694","2018","04","15",2018-04-01,2018-04-01 15:00:00,2024-01-02 15:00:00,"52011","Waals Gewest","Provincie Henegouwen","Charleroi",50.385298344,4.48181494500005,"Buiten Kruispunt","Normaal","Proper","buiten bebouwde kom","Dag","Autosnelweg","Met doden","Lichte vrachtauto","een weggebruiker tegen een hindernis","Weggebruiker tegen hindernis buiten rijbaan","Buiten de rijbaan: Vangrails overschreden"
"695","2018","04","05",2018-04-01,2018-04-01 05:00:00,2024-01-02 05:00:00,"92140","Waals Gewest","Provincie Namen","Jemeppe-sur-Sambre",50.494327023,4.65016149800005,"Buiten Kruispunt","Normaal","Proper","buiten bebouwde kom","Dageraad - schemering","Autosnelweg","Met doden","personenauto","een weggebruiker tegen een hindernis","Weggebruiker tegen hindernis buiten rijbaan","Buiten de rijbaan: Boom"
"696","2018","04","16",2018-04-01,2018-04-01 16:00:00,2024-01-02 16:00:00,"62108","Waals Gewest","Provincie Luik","Wezet",50.7409233110001,5.69177417900005,"Buiten Kruispunt","Normaal","Droog","buiten bebouwde kom","Dag","Autosnelweg","Met doden","personenauto","Vrachtwagen","Tussen 2 bestuurders: Frontale botsing","Geen hindernis"
"697","2018","04","20",2018-04-01,2018-04-01 20:00:00,2024-01-02 20:00:00,"62063","Waals Gewest","Provincie Luik","Luik",50.6462749020001,5.59547334900003,"Buiten Kruispunt","Normaal","Droog","binnen bebouwde kom","Nacht, openbare verlichting aanwezig en ontstoken","Gewestweg","dodelijk gewonden","personenauto","Voetganger","Met een voetganger","Geen hindernis"
"698","2018","04","12",2018-04-01,2018-04-01 12:00:00,2024-01-02 12:00:00,"62011","Waals Gewest","Provincie Luik","Bitsingen",50.7571263390001,5.61140152600007,"Buiten Kruispunt","Normaal","Droog","binnen bebouwde kom","Dag","Gewestweg","Met doden","personenauto","een weggebruiker tegen een hindernis","Weggebruiker tegen hindernis buiten rijbaan","Buiten de rijbaan: Muur gebouw"
"699","2018","04","17",2018-04-01,2018-04-01 17:00:00,2024-01-02 17:00:00,"62027","Waals Gewest","Provincie Luik","Dalhem",50.7130876850001,5.76154398600005,"Buiten Kruispunt","Normaal","Droog","binnen bebouwde kom","Dag","Gewestweg","Met doden","Motorfiets","personenauto","Kettingbotsing (3 bestuurders of meer)","Geen hindernis"
"700","2018","04","20",2018-04-01,2018-04-01 20:00:00,2024-01-02 20:00:00,"63013","Waals Gewest","Provincie Luik","Bütgenbach",50.4062902490001,6.23518984700007,"Op Kruispunt","Normaal","Droog+Proper","buiten bebouwde kom","Dag","Gewestweg","dodelijk gewonden","personenauto","een weggebruiker tegen een hindernis","Weggebruiker tegen hindernis buiten rijbaan","Buiten de rijbaan: Verlichtingspaal"
"701","2018","04","16",2018-04-01,2018-04-01 16:00:00,2024-01-02 16:00:00,"63067","Waals Gewest","Provincie Luik","Sankt Vith",50.324890854,6.08832665800003,"Buiten Kruispunt","Normaal","Proper","buiten bebouwde kom","Dag","Gewestweg","dodelijk gewonden","personenauto","een weggebruiker tegen een hindernis","Weggebruiker tegen hindernis buiten rijbaan","Andere hindernis"
"702","2018","04","16",2018-04-01,2018-04-01 16:00:00,2024-01-02 16:00:00,"82037","Waals Gewest","Provincie Luxemburg","Gouvy",50.1775819370001,5.85463253800003,"Buiten Kruispunt","Normaal","Proper","buiten bebouwde kom","Dag","Gewestweg","Met doden","Motorfiets","een weggebruiker tegen een hindernis","Weggebruiker tegen hindernis buiten rijbaan","Buiten de rijbaan: Andere paal"
"703","2018","04","11",2018-04-01,2018-04-01 11:00:00,2024-01-02 11:00:00,"84077","Waals Gewest","Provincie Luxemburg","Libramont-Chevigny",49.972171664,5.45177244100006,"Buiten Kruispunt","Normaal","Proper","binnen bebouwde kom","Dag","Gewestweg","dodelijk gewonden","personenauto","één bestuurder, geen hindernis","Eén bestuurder, geen hindernis (incl. val)","Geen hindernis"
"704","2018","04","21",2018-04-01,2018-04-01 21:00:00,2024-01-02 21:00:00,"92094","Waals Gewest","Provincie Namen","Namen",50.490788121,4.87037682400006,"Buiten Kruispunt","Normaal","Droog","buiten bebouwde kom","Nacht, openbare verlichting aanwezig en ontstoken","Gemeenteweg","Met doden","personenauto","één bestuurder, geen hindernis","Eén bestuurder, geen hindernis (incl. val)","Geen hindernis"
"705","2018","04","22",2018-04-01,2018-04-01 22:00:00,2024-01-02 22:00:00,"92087","Waals Gewest","Provincie Namen","Mettet",NA,NA,"Buiten Kruispunt","Regenval","Nat, plassen","buiten bebouwde kom","Nacht, geen openbare verlichting aanwezig","Gewestweg","Met doden","personenauto","personenauto","Tussen 2 bestuurders: Frontale botsing","Geen hindernis"
"706","2018","04","05",2018-04-01,2018-04-01 05:00:00,2024-01-02 05:00:00,"91013","Waals Gewest","Provincie Namen","Beauraing",NA,NA,"Buiten Kruispunt","Normaal","Droog","buiten bebouwde kom","Nacht, openbare verlichting aanwezig en ontstoken","Gemeenteweg","Met doden","personenauto","een weggebruiker tegen een hindernis","Weggebruiker tegen hindernis buiten rijbaan","Buiten de rijbaan: Boom"
"707","2018","04","18",2018-04-01,2018-04-01 18:00:00,2024-01-02 18:00:00,"91059","Waals Gewest","Provincie Namen","Hamois",NA,NA,"Buiten Kruispunt","Normaal","Droog","buiten bebouwde kom","Dag","Gemeenteweg","Met doden","Motorfiets","een weggebruiker tegen een hindernis","Weggebruiker tegen hindernis buiten rijbaan","Buiten de rijbaan: Omheining"
"708","2018","04","17",2018-04-01,2018-04-01 17:00:00,2024-01-02 17:00:00,"93010","Waals Gewest","Provincie Namen","Cerfontaine",50.15519915,4.48970498200003,"Buiten Kruispunt","Regenval","Nat, plassen","buiten bebouwde kom","Dag","Gewestweg","Met doden","personenauto","een weggebruiker tegen een hindernis","Weggebruiker tegen hindernis buiten rijbaan","Andere hindernis"
"709","2018","04","01",2018-04-01,2018-04-01 01:00:00,2024-01-02 01:00:00,"51008","Waals Gewest","Provincie Henegouwen","Beloeil",50.559948934,3.69040686100004,"Buiten Kruispunt","Normaal","Nat, plassen+Proper","binnen bebouwde kom","Nacht, openbare verlichting aanwezig en ontstoken","Gewestweg","Met doden","personenauto","personenauto","Tss. 2 best.: langs opzij (voor-/achterkant-flank)","Geen hindernis"
"710","2018","04","12",2018-04-01,2018-04-01 12:00:00,2024-01-02 12:00:00,"53053","Waals Gewest","Provincie Henegouwen","Bergen",50.4737747400001,3.91679278800007,"Buiten Kruispunt","Normaal","Droog+Proper","binnen bebouwde kom","Dag","Gemeenteweg","dodelijk gewonden","Bromfiets","één bestuurder, geen hindernis","Eén bestuurder, geen hindernis (incl. val)","Geen hindernis"
"711","2018","04","16",2018-04-01,2018-04-01 16:00:00,2024-01-02 16:00:00,"21004","Brussels Hoofdstedelijk Gewest",NA,"Brussel",NA,NA,"Buiten Kruispunt","Normaal","Droog","binnen bebouwde kom","Dag","Gemeenteweg","Met doden","personenauto","een weggebruiker tegen een hindernis","Weggebruiker tegen hindernis buiten rijbaan","Andere hindernis"
"712","2018","04","03",2018-04-01,2018-04-01 03:00:00,2024-01-02 03:00:00,"21012","Brussels Hoofdstedelijk Gewest",NA,"Sint-Jans-Molenbeek",50.8555275480001,4.30374883200005,"Buiten Kruispunt","Normaal","Nat, plassen","binnen bebouwde kom","Nacht, openbare verlichting aanwezig en ontstoken","Gewestweg","Met doden","personenauto","een weggebruiker tegen een hindernis","Weggebruiker tegen hindernis buiten rijbaan","Buiten de rijbaan: Boom"
"713","2018","04","18",2018-04-01,2018-04-01 18:00:00,2024-01-02 18:00:00,"21019","Brussels Hoofdstedelijk Gewest",NA,"Sint-Pieters-Woluwe",50.827016551,4.44534418700005,"Op Kruispunt","Normaal","Proper","binnen bebouwde kom","Dag","Gewestweg","Met doden","Motorfiets","een weggebruiker tegen een hindernis","Weggebruiker tegen hindernis buiten rijbaan","Buiten de rijbaan: Muur gebouw"
"714","2018","04","01",2018-04-01,2018-04-01 01:00:00,2024-01-02 01:00:00,"21006","Brussels Hoofdstedelijk Gewest",NA,"Evere",50.877186151,4.41402794500004,"Op Kruispunt","Normaal","Droog","binnen bebouwde kom","Nacht, openbare verlichting aanwezig en ontstoken","Gemeenteweg","dodelijk gewonden","Bromfiets","een weggebruiker tegen een hindernis","Weggebruiker tegen hindernis op de rijbaan","Op de rijbaan: Put, straatgoot, tramspoor"
"715","2018","04","10",2018-04-01,2018-04-01 10:00:00,2024-01-02 10:00:00,"11002","Vlaams Gewest","Provincie Antwerpen","Antwerpen",51.1974632540001,4.44551328900007,"Buiten Kruispunt","Normaal","Droog","binnen bebouwde kom","Dag","Gemeenteweg","Met doden","onbekend","onbekend","Andere of onbekend","Geen vermelding van de aanwezigheid van een hindernis"
"716","2018","04","20",2018-04-01,2018-04-01 20:00:00,2024-01-02 20:00:00,"11022","Vlaams Gewest","Provincie Antwerpen","Kalmthout",51.367731969,4.44235610800007,"Buiten Kruispunt","Normaal","Droog","buiten bebouwde kom","Dag","Gewestweg","Met doden","Motorfiets","een weggebruiker tegen een hindernis","Weggebruiker tegen hindernis buiten rijbaan","Andere hindernis"
"717","2018","04","11",2018-04-01,2018-04-01 11:00:00,2024-01-02 11:00:00,"12021","Vlaams Gewest","Provincie Antwerpen","Lier",51.126205451,4.55521451300007,"Op Kruispunt","Normaal","Droog","binnen bebouwde kom","Dag","Gewestweg","dodelijk gewonden","Bromfiets","een weggebruiker tegen een hindernis","Weggebruiker tegen hindernis buiten rijbaan","Buiten de rijbaan: Verlichtingspaal"
"718","2018","04","10",2018-04-01,2018-04-01 10:00:00,2024-01-02 10:00:00,"13014","Vlaams Gewest","Provincie Antwerpen","Hoogstraten",51.3962516030001,4.75191367200006,"Buiten Kruispunt","Normaal","Droog","buiten bebouwde kom","Dag","Gewestweg","Met doden","Vrachtwagen","Fiets","Tussen 2 bestuurders: Langs achteren","Geen hindernis"
"719","2018","04","18",2018-04-01,2018-04-01 18:00:00,2024-01-02 18:00:00,"13003","Vlaams Gewest","Provincie Antwerpen","Balen",51.1627212450001,5.18293761800004,"Buiten Kruispunt","Normaal","Droog","buiten bebouwde kom","Dag","Gemeenteweg","Met doden","Lichte vrachtauto","een weggebruiker tegen een hindernis","Weggebruiker tegen hindernis buiten rijbaan","Buiten de rijbaan: Andere paal"
"720","2018","04","12",2018-04-01,2018-04-01 12:00:00,2024-01-02 12:00:00,"13011","Vlaams Gewest","Provincie Antwerpen","Herentals",51.2056173400001,4.81857894500007,"Buiten Kruispunt","Normaal","Droog+Proper","buiten bebouwde kom","Dag","Gewestweg","Met doden","Vrachtwagen","personenauto","Tussen 2 bestuurders: Frontale botsing","Geen hindernis"
"721","2018","04","17",2018-04-01,2018-04-01 17:00:00,2024-01-02 17:00:00,"71004","Vlaams Gewest","Provincie Limburg","Beringen",51.097337365,5.22580148200007,"Op Kruispunt","Normaal","Droog","buiten bebouwde kom","Dag","Gewestweg","dodelijk gewonden","personenauto","Fiets","Tss. 2 best.: langs opzij (voor-/achterkant-flank)","Geen hindernis"
"722","2018","04","18",2018-04-01,2018-04-01 18:00:00,2024-01-02 18:00:00,"72038","Vlaams Gewest","Provincie Limburg","Hechtel-Eksel",51.123890159,5.32917935000006,"Buiten Kruispunt","Normaal","Droog","buiten bebouwde kom","Dag","Gewestweg","Met doden","Lichte vrachtauto","personenauto","Tussen 2 bestuurders: Frontale botsing","Geen hindernis"
"723","2018","04","15",2018-04-01,2018-04-01 15:00:00,2024-01-02 15:00:00,"71016","Vlaams Gewest","Provincie Limburg","Genk",51.0012068280001,5.50791327800005,"Buiten Kruispunt","Normaal","Proper","buiten bebouwde kom","Dag","Gewestweg","Met doden","Voetganger","Vrachtwagen","Met een voetganger","Geen hindernis"
"724","2018","04","18",2018-04-01,2018-04-01 18:00:00,2024-01-02 18:00:00,"72004","Vlaams Gewest","Provincie Limburg","Bree",51.1125980300001,5.59215045000008,"Op Kruispunt","Normaal","Droog","buiten bebouwde kom","Dag","Gewestweg","Met doden","Motorfiets","een weggebruiker tegen een hindernis","Weggebruiker tegen hindernis buiten rijbaan","Buiten de rijbaan: Muur gebouw"
"725","2018","04","20",2018-04-01,2018-04-01 20:00:00,2024-01-02 20:00:00,"23002","Vlaams Gewest","Provincie Vlaams-Brabant","Asse",50.938284911,4.22114055100008,"Buiten Kruispunt","Normaal","Droog","binnen bebouwde kom","Dag","Gemeenteweg","dodelijk gewonden","Andere weggebruiker","Fiets","Tussen 2 bestuurders: Flank tegen flank","Geen hindernis"
"726","2018","04","11",2018-04-01,2018-04-01 11:00:00,2024-01-02 11:00:00,"44034","Vlaams Gewest","Provincie Oost-Vlaanderen","Lochristi",NA,NA,"Buiten Kruispunt","Normaal","Droog","buiten bebouwde kom","Dag","Gemeenteweg","Met doden","personenauto","Andere weggebruiker","Tussen 2 bestuurders: Frontale botsing","Geen hindernis"
"727","2018","04","15",2018-04-01,2018-04-01 15:00:00,2024-01-02 15:00:00,"41027","Vlaams Gewest","Provincie Oost-Vlaanderen","Herzele",50.898897296,3.86425429300004,"Buiten Kruispunt","Regenval","Nat, plassen","binnen bebouwde kom","Dag","Gemeenteweg","dodelijk gewonden","Fiets","één bestuurder, geen hindernis","Eén bestuurder, geen hindernis (incl. val)","Geen hindernis"
"728","2018","04","16",2018-04-01,2018-04-01 16:00:00,2024-01-02 16:00:00,"46014","Vlaams Gewest","Provincie Oost-Vlaanderen","Lokeren",51.110923858,3.92022165200007,"Buiten Kruispunt","Normaal","Droog","buiten bebouwde kom","Dag","Gewestweg","Met doden","personenauto","een weggebruiker tegen een hindernis","Weggebruiker tegen hindernis buiten rijbaan","Buiten de rijbaan: Boom"
"729","2018","04","22",2018-04-01,2018-04-01 22:00:00,2024-01-02 22:00:00,"31005","Vlaams Gewest","Provincie West-Vlaanderen","Brugge",51.3370265730001,3.21910863700003,"Buiten Kruispunt","Normaal","Droog","buiten bebouwde kom","Nacht, openbare verlichting aanwezig en ontstoken","Gewestweg","Met doden","Motorfiets","personenauto","Tussen 2 bestuurders: Frontale botsing","Geen hindernis"
"730","2018","04","11",2018-04-01,2018-04-01 11:00:00,2024-01-02 11:00:00,"33029","Vlaams Gewest","Provincie West-Vlaanderen","Wervik",50.78403709,3.04753042000004,"Op Kruispunt","Regenval","Nat, plassen","binnen bebouwde kom","Dag","Gemeenteweg","Met doden","Motorfiets","één bestuurder, geen hindernis","Eén bestuurder, geen hindernis (incl. val)","Geen hindernis"
"731","2018","04","21",2018-04-01,2018-04-01 21:00:00,2024-01-02 21:00:00,"36012","Vlaams Gewest","Provincie West-Vlaanderen","Moorslede",50.913799452,3.07785246100002,"Buiten Kruispunt","Normaal","Droog","buiten bebouwde kom","Nacht, openbare verlichting aanwezig en ontstoken","Gemeenteweg","Met doden","personenauto","een weggebruiker tegen een hindernis","Weggebruiker tegen hindernis buiten rijbaan","Buiten de rijbaan: Boom"
"732","2018","04","13",2018-04-01,2018-04-01 13:00:00,2024-01-02 13:00:00,"73042","Vlaams Gewest","Provincie Limburg","Lanaken",50.9288098380001,5.67719709100004,"Buiten Kruispunt","Normaal","Nat, plassen","buiten bebouwde kom","Dag","Gemeenteweg","Met doden","personenauto","een weggebruiker tegen een hindernis","Weggebruiker tegen hindernis buiten rijbaan","Buiten de rijbaan: Boom"
"733","2018","04","16",2018-04-01,2018-04-01 16:00:00,2024-01-02 16:00:00,"46003","Vlaams Gewest","Provincie Oost-Vlaanderen","Beveren (Sint-Niklaas)",51.3044613120001,4.19617451800002,"Op Kruispunt","Normaal","Droog","buiten bebouwde kom","Dag","Gewestweg","dodelijk gewonden","personenauto","personenauto","Tss. 2 best.: langs opzij (voor-/achterkant-flank)","Geen hindernis"
"734","2018","05","11",2018-05-01,2018-05-01 11:00:00,2024-01-02 11:00:00,"12025","Vlaams Gewest","Provincie Antwerpen","Mechelen",51.0447019960001,4.45473024900002,"Buiten Kruispunt","Normaal","Droog","buiten bebouwde kom","Dag","Autosnelweg","Met doden","Vrachtwagen","personenauto","Tss. 2 best.: langs opzij (voor-/achterkant-flank)","Geen hindernis"
"735","2018","05","00",2018-05-01,2018-05-01 00:00:00,2024-01-02 00:00:00,"71011","Vlaams Gewest","Provincie Limburg","Diepenbeek",NA,NA,"Buiten Kruispunt","Normaal","Droog","buiten bebouwde kom","Nacht, geen openbare verlichting aanwezig","Autosnelweg","Met doden","Motorfiets","Vrachtwagen","Tussen 2 bestuurders: Langs achteren","Geen hindernis"
"736","2018","05","17",2018-05-01,2018-05-01 17:00:00,2024-01-02 17:00:00,"46025","Vlaams Gewest","Provincie Oost-Vlaanderen","Temse",51.1399597220001,4.16686218500007,"Buiten Kruispunt","Normaal","Droog","buiten bebouwde kom","Dag","Autosnelweg","Met doden","personenauto","Vrachtwagen","Tussen 2 bestuurders: Langs achteren","Geen hindernis"
"737","2018","05","03",2018-05-01,2018-05-01 03:00:00,2024-01-02 03:00:00,"53053","Waals Gewest","Provincie Henegouwen","Bergen",50.452693948,3.90693396500006,"Buiten Kruispunt","Normaal","Nat, plassen","buiten bebouwde kom","Nacht, openbare verlichting aanwezig en ontstoken","Autosnelweg","Met doden","personenauto","personenauto","Tussen 2 bestuurders: Frontale botsing","Geen hindernis"
"738","2018","05","03",2018-05-01,2018-05-01 03:00:00,2024-01-02 03:00:00,"53070","Waals Gewest","Provincie Henegouwen","Saint-Ghislain",50.4523849400001,3.80852301000004,"Buiten Kruispunt","Normaal","Proper","buiten bebouwde kom","Nacht, openbare verlichting aanwezig en ontstoken","Autosnelweg","dodelijk gewonden","personenauto","Vrachtwagen","Tussen 2 bestuurders: Langs achteren","Geen hindernis"
"739","2018","05","06",2018-05-01,2018-05-01 06:00:00,2024-01-02 06:00:00,"12014","Vlaams Gewest","Provincie Antwerpen","Heist-op-den-Berg",51.0461978590001,4.77487824400003,"Buiten Kruispunt","Normaal","Droog","binnen bebouwde kom","Dag","Gemeenteweg","dodelijk gewonden","Andere weggebruiker","Voetganger","Met een voetganger","Geen hindernis"
"740","2018","05","17",2018-05-01,2018-05-01 17:00:00,2024-01-02 17:00:00,"34013","Vlaams Gewest","Provincie West-Vlaanderen","Harelbeke",NA,NA,"Op Kruispunt","Normaal","Droog","buiten bebouwde kom","Dag","Gemeenteweg","Met doden","onbekend","onbekend","Andere of onbekend","Geen vermelding van de aanwezigheid van een hindernis"
"741","2018","05","11",2018-05-01,2018-05-01 11:00:00,2024-01-02 11:00:00,"42028","Vlaams Gewest","Provincie Oost-Vlaanderen","Zele",51.08012589,4.02692477400007,"Buiten Kruispunt","Normaal","Droog","buiten bebouwde kom","Dag","Gemeenteweg","Met doden","onbekend","onbekend","Andere of onbekend","Geen vermelding van de aanwezigheid van een hindernis"
"742","2018","05","16",2018-05-01,2018-05-01 16:00:00,2024-01-02 16:00:00,"62093","Waals Gewest","Provincie Luik","Saint-Nicolas (Luik)",50.637357788,5.51428442700006,"Buiten Kruispunt","Normaal","Droog","binnen bebouwde kom","Dag","Gemeenteweg","dodelijk gewonden","Autobus","personenauto","Kettingbotsing (3 bestuurders of meer)","Geen hindernis"
"743","2018","05","03",2018-05-01,2018-05-01 03:00:00,2024-01-02 03:00:00,"64076","Waals Gewest","Provincie Luik","Faimes",50.6629695080001,5.25683315700007,"Buiten Kruispunt","Normaal","Proper","binnen bebouwde kom","Nacht, openbare verlichting aanwezig en ontstoken","Gewestweg","Met doden","personenauto","een weggebruiker tegen een hindernis","Weggebruiker tegen hindernis buiten rijbaan","Andere hindernis"
"744","2018","05","19",2018-05-01,2018-05-01 19:00:00,2024-01-02 19:00:00,"64056","Waals Gewest","Provincie Luik","Oerle",50.7258054660001,5.35716940000003,"Buiten Kruispunt","Normaal","Proper","binnen bebouwde kom","Dag","Gewestweg","Met doden","personenauto","Voetganger","Met een voetganger","Geen hindernis"
"745","2018","05","13",2018-05-01,2018-05-01 13:00:00,2024-01-02 13:00:00,"63089","Waals Gewest","Provincie Luik","Thimister-Clermont",NA,NA,"Buiten Kruispunt","Normaal","Proper","buiten bebouwde kom","Dag","Gewestweg","Met doden","personenauto","een weggebruiker tegen een hindernis","Weggebruiker tegen hindernis buiten rijbaan","Buiten de rijbaan: Boom"
"746","2018","05","12",2018-05-01,2018-05-01 12:00:00,2024-01-02 12:00:00,"63079","Waals Gewest","Provincie Luik","Verviers",50.563149658,5.86515888100007,"Buiten Kruispunt","Normaal","Proper","binnen bebouwde kom","Dag","Gewestweg","Met doden","Autobus","Voetganger","Met een voetganger","Geen hindernis"
"747","2018","05","08",2018-05-01,2018-05-01 08:00:00,2024-01-02 08:00:00,"63067","Waals Gewest","Provincie Luik","Sankt Vith",50.284678494,6.12231951700005,"Op Kruispunt","Normaal","Proper","binnen bebouwde kom","Dag","Gewestweg","dodelijk gewonden","personenauto","een weggebruiker tegen een hindernis","Weggebruiker tegen hindernis op de rijbaan","Op de rijbaan: Verkeersdrempel, ezelsrug"
"748","2018","05","17",2018-05-01,2018-05-01 17:00:00,2024-01-02 17:00:00,"63013","Waals Gewest","Provincie Luik","Bütgenbach",50.4246395060001,6.22205089800002,"Buiten Kruispunt","Normaal","Droog","buiten bebouwde kom","Dag","Gemeenteweg","dodelijk gewonden","Fiets","een weggebruiker tegen een hindernis","Weggebruiker tegen hindernis buiten rijbaan","Andere hindernis"
"749","2018","05","13",2018-05-01,2018-05-01 13:00:00,2024-01-02 13:00:00,"64075","Waals Gewest","Provincie Luik","Wasseiges",50.6134663340001,5.01137090900005,"Buiten Kruispunt","Normaal","Droog","binnen bebouwde kom","Dag","Gewestweg","Met doden","Motorfiets","personenauto","Tss. 2 best.: langs opzij (voor-/achterkant-flank)","Geen hindernis"
"750","2018","05","18",2018-05-01,2018-05-01 18:00:00,2024-01-02 18:00:00,"64034","Waals Gewest","Provincie Luik","Hannuit",50.643995379,5.04557868200004,"Buiten Kruispunt","Normaal","Droog+Proper","buiten bebouwde kom","Dag","Gewestweg","Met doden","personenauto","Lichte vrachtauto","Tussen 2 bestuurders: Frontale botsing","Geen hindernis"
"751","2018","05","00",2018-05-01,2018-05-01 00:00:00,2024-01-02 00:00:00,"92094","Waals Gewest","Provincie Namen","Namen",NA,NA,"Buiten Kruispunt","Normaal","Droog","binnen bebouwde kom","Nacht, openbare verlichting aanwezig en ontstoken","Gewestweg","Met doden","personenauto","een weggebruiker tegen een hindernis","Weggebruiker tegen hindernis buiten rijbaan","Buiten de rijbaan: Vangrails overschreden"
"752","2018","05","02",2018-05-01,2018-05-01 02:00:00,2024-01-02 02:00:00,"92048","Waals Gewest","Provincie Namen","Fosses-la-Ville",50.3913260510001,4.64967155700003,"Buiten Kruispunt","Normaal","Droog+Proper","buiten bebouwde kom","Nacht, openbare verlichting aanwezig en ontstoken","Gewestweg","Met doden","personenauto","een weggebruiker tegen een hindernis","Weggebruiker tegen hindernis buiten rijbaan","Buiten de rijbaan: Omheining"
"753","2018","05","12",2018-05-01,2018-05-01 12:00:00,2024-01-02 12:00:00,"92140","Waals Gewest","Provincie Namen","Jemeppe-sur-Sambre",NA,NA,"Buiten Kruispunt","Normaal","Droog","binnen bebouwde kom","Dag","Gemeenteweg","Met doden","Motorfiets","een weggebruiker tegen een hindernis","Weggebruiker tegen hindernis buiten rijbaan","Buiten de rijbaan: Boom"
"754","2018","05","17",2018-05-01,2018-05-01 17:00:00,2024-01-02 17:00:00,"93088","Waals Gewest","Provincie Namen","Walcourt",50.16549453,4.40041388800006,"Buiten Kruispunt","Normaal","Droog+Proper","buiten bebouwde kom","Dag","Gewestweg","Met doden","personenauto","een weggebruiker tegen een hindernis","Weggebruiker tegen hindernis buiten rijbaan","Buiten de rijbaan: Muur gebouw"
"755","2018","05","17",2018-05-01,2018-05-01 17:00:00,2024-01-02 17:00:00,"93014","Waals Gewest","Provincie Namen","Couvin",50.0890264880001,4.51115946900006,"Buiten Kruispunt","Normaal","Proper","buiten bebouwde kom","Dag","Gewestweg","Met doden","onbekend","onbekend","Andere of onbekend","Geen vermelding van de aanwezigheid van een hindernis"