"","DT_YEAR_COLLISION","DT_MONTH_COLLISION","DT_TIME","YEAR_MONTH_DAY","YEAR_MONTH_DAY_HOUR","TIME_DT","CD_NIS","TX_RGN_COLLISION_NL","TX_PROV_COLLISION_NL","TX_MUNTY_COLLISION_NL","LAT_WGS84","LONG_WGS84","TX_CROSSWAY_NL","TX_WEATHER_NL","TX_ROAD_CONDITION_NL","TX_BUILD_UP_AREA_NL","TX_LIGHT_CONDITION_NL","CD_ROAD_TYPE_NL","TX_CLASS_ACCIDENTS_NL","TX_ROAD_USR_TYPE1_NL","TX_ROAD_USR_TYPE2_NL","TX_COLLISION_TYPE_NL","TX_OBSTACLES_NL"
"896","2018","08","18",2018-08-01,2018-08-01 18:00:00,2024-01-02 18:00:00,"31022","Vlaams Gewest","Provincie West-Vlaanderen","Oostkamp",51.138774149,3.26135926900003,"Buiten Kruispunt","Normaal","Droog","buiten bebouwde kom","Dag","Autosnelweg","dodelijk gewonden","onbekend","onbekend","Andere of onbekend","Geen vermelding van de aanwezigheid van een hindernis"
"897","2018","09","04",2018-09-01,2018-09-01 04:00:00,2024-01-02 04:00:00,"23102","Vlaams Gewest","Provincie Vlaams-Brabant","Wemmel",50.8943716260001,4.31134024700003,"Buiten Kruispunt","Normaal","Droog","buiten bebouwde kom","Nacht, openbare verlichting aanwezig en ontstoken","Autosnelweg","Met doden","Vrachtwagen","Vrachtwagen","Tussen 2 bestuurders: Langs achteren","Geen hindernis"
"898","2018","08","02",2018-08-01,2018-08-01 02:00:00,2024-01-02 02:00:00,"25015","Waals Gewest","Provincie Waals-Brabant","Kasteelbrakel",50.6698211790001,4.31116809900004,"Buiten Kruispunt","Normaal","Droog+Proper","buiten bebouwde kom","Nacht, openb. verlicht. aanw., maar niet ontstoken","Autosnelweg","Met doden","personenauto","personenauto","Tussen 2 bestuurders: Frontale botsing","Geen hindernis"
"899","2018","08","06",2018-08-01,2018-08-01 06:00:00,2024-01-02 06:00:00,"25084","Waals Gewest","Provincie Waals-Brabant","Perwijs (Nijvel)",50.634369587,4.74636690000006,"Buiten Kruispunt","Normaal","Proper","buiten bebouwde kom","Dag","Autosnelweg","Met doden","onbekend","onbekend","Andere of onbekend","Geen vermelding van de aanwezigheid van een hindernis"
"900","2018","08","02",2018-08-01,2018-08-01 02:00:00,2024-01-02 02:00:00,"92094","Waals Gewest","Provincie Namen","Namen",50.5195186280001,4.88390819200004,"Buiten Kruispunt","Normaal","Droog","buiten bebouwde kom","Nacht, openbare verlichting aanwezig en ontstoken","Autosnelweg","Met doden","Vrachtwagen","een weggebruiker tegen een hindernis","Weggebruiker tegen hindernis buiten rijbaan","Buiten de rijbaan: Vangrails niet overgestoken"
"901","2018","08","00",2018-08-01,2018-08-01 00:00:00,2024-01-02 00:00:00,"92137","Waals Gewest","Provincie Namen","Sambreville",50.4907262020001,4.61544673400005,"Buiten Kruispunt","Normaal","Nat, plassen","buiten bebouwde kom","Nacht, geen openbare verlichting aanwezig","Autosnelweg","Met doden","personenauto","Vrachtwagen","Tussen 2 bestuurders: Flank tegen flank","Geen hindernis"
"902","2018","09","07",2018-09-01,2018-09-01 07:00:00,2024-01-02 07:00:00,"64063","Waals Gewest","Provincie Luik","Remicourt",50.703008509,5.31911886300003,"Buiten Kruispunt","Normaal","Droog+Proper","buiten bebouwde kom","Dag","Autosnelweg","Met doden","Lichte vrachtauto","personenauto","Tussen 2 bestuurders: Langs achteren","Geen hindernis"
"903","2018","08","01",2018-08-01,2018-08-01 01:00:00,2024-01-02 01:00:00,"63038","Waals Gewest","Provincie Luik","Jalhay",50.522445298,5.93739444900007,"Buiten Kruispunt","Normaal","Droog+Proper","buiten bebouwde kom","Nacht, openb. verlicht. aanw., maar niet ontstoken","Autosnelweg","Met doden","personenauto","personenauto","Tussen 2 bestuurders: Frontale botsing","Geen hindernis"
"904","2018","08","22",2018-08-01,2018-08-01 22:00:00,2024-01-02 22:00:00,"25107","Waals Gewest","Provincie Waals-Brabant","Villers-la-Ville",50.5570143040001,4.48984385400007,"Buiten Kruispunt","Normaal","Droog","buiten bebouwde kom","Nacht, openbare verlichting aanwezig en ontstoken","Gewestweg","Met doden","Motorfiets","personenauto","Tussen 2 bestuurders: Langs achteren","Geen hindernis"
"905","2018","08","20",2018-08-01,2018-08-01 20:00:00,2024-01-02 20:00:00,"62063","Waals Gewest","Provincie Luik","Luik",NA,NA,"Op Kruispunt","Normaal","Droog","binnen bebouwde kom","Dag","Gewestweg","dodelijk gewonden","personenauto","personenauto","Tss. 2 best.: langs opzij (voor-/achterkant-flank)","Geen hindernis"
"906","2018","08","08",2018-08-01,2018-08-01 08:00:00,2024-01-02 08:00:00,"62051","Waals Gewest","Provincie Luik","Herstal",NA,NA,"Buiten Kruispunt","Onbekend","Onbekend","binnen bebouwde kom","Onbekend","onbekend","dodelijk gewonden","Motorfiets","één bestuurder, geen hindernis","Eén bestuurder, geen hindernis (incl. val)","Geen hindernis"
"907","2018","08","15",2018-08-01,2018-08-01 15:00:00,2024-01-02 15:00:00,"62032","Waals Gewest","Provincie Luik","Esneux",50.5496445000001,5.58936171800002,"Buiten Kruispunt","Normaal","Droog+Proper","binnen bebouwde kom","Dag","Gewestweg","Met doden","onbekend","onbekend","Andere of onbekend","Geen vermelding van de aanwezigheid van een hindernis"
"908","2018","09","09",2018-09-01,2018-09-01 09:00:00,2024-01-02 09:00:00,"62032","Waals Gewest","Provincie Luik","Esneux",NA,NA,"Buiten Kruispunt","Normaal","Droog","binnen bebouwde kom","Dag","Gewestweg","dodelijk gewonden","personenauto","Voetganger","Met een voetganger","Geen hindernis"
"909","2018","08","11",2018-08-01,2018-08-01 11:00:00,2024-01-02 11:00:00,"63073","Waals Gewest","Provincie Luik","Stavelot",NA,NA,"Buiten Kruispunt","Onbekend","Onbekend","onbekend","Dag","Gewestweg","Met doden","onbekend","onbekend","Geen vermelding van de type aanrijding","Geen vermelding van de type aanrijding"
"910","2018","08","01",2018-08-01,2018-08-01 01:00:00,2024-01-02 01:00:00,"63089","Waals Gewest","Provincie Luik","Thimister-Clermont",50.6566692910001,5.88868832400004,"Buiten Kruispunt","Normaal","Droog","buiten bebouwde kom","Nacht, openbare verlichting aanwezig en ontstoken","Gewestweg","Met doden","personenauto","Voetganger","Met een voetganger","Geen hindernis"
"911","2018","08","15",2018-08-01,2018-08-01 15:00:00,2024-01-02 15:00:00,"63075","Waals Gewest","Provincie Luik","Stoumont",50.3706302000001,5.77085892900004,"Buiten Kruispunt","Normaal","Droog+Proper","buiten bebouwde kom","Dag","Gewestweg","dodelijk gewonden","Motorfiets","één bestuurder, geen hindernis","Eén bestuurder, geen hindernis (incl. val)","Geen hindernis"
"912","2018","08","17",2018-08-01,2018-08-01 17:00:00,2024-01-02 17:00:00,"64015","Waals Gewest","Provincie Luik","Braives",50.63656883,5.13424425300008,"Buiten Kruispunt","Normaal","Proper","buiten bebouwde kom","Dag","Gewestweg","Met doden","Motorfiets","personenauto","Tussen 2 bestuurders: Frontale botsing","Geen hindernis"
"913","2018","09","15",2018-09-01,2018-09-01 15:00:00,2024-01-02 15:00:00,"83031","Waals Gewest","Provincie Luxemburg","La Roche-en-Ardenne",50.1834614910001,5.57364821100003,"Buiten Kruispunt","Normaal","Droog","binnen bebouwde kom","Dag","Gewestweg","Met doden","Motorfiets","personenauto","Tussen 2 bestuurders: Frontale botsing","Geen hindernis"
"914","2018","08","06",2018-08-01,2018-08-01 06:00:00,2024-01-02 06:00:00,"84077","Waals Gewest","Provincie Luxemburg","Libramont-Chevigny",49.9906483300001,5.38041811800002,"Buiten Kruispunt","Normaal","Droog","buiten bebouwde kom","Dag","Gewestweg","Met doden","personenauto","een weggebruiker tegen een hindernis","Weggebruiker tegen hindernis buiten rijbaan","Buiten de rijbaan: Boom"
"915","2018","08","18",2018-08-01,2018-08-01 18:00:00,2024-01-02 18:00:00,"93014","Waals Gewest","Provincie Namen","Couvin",50.111619128,4.44611778800004,"Buiten Kruispunt","Normaal","Droog","buiten bebouwde kom","Dag","Gemeenteweg","Met doden","personenauto","een weggebruiker tegen een hindernis","Weggebruiker tegen hindernis buiten rijbaan","Buiten de rijbaan: Andere paal"
"916","2018","08","18",2018-08-01,2018-08-01 18:00:00,2024-01-02 18:00:00,"91059","Waals Gewest","Provincie Namen","Hamois",NA,NA,"Buiten Kruispunt","Normaal","Droog","buiten bebouwde kom","Dag","Gemeenteweg","Met doden","personenauto","een weggebruiker tegen een hindernis","Weggebruiker tegen hindernis buiten rijbaan","Buiten de rijbaan: Boom"
"917","2018","08","18",2018-08-01,2018-08-01 18:00:00,2024-01-02 18:00:00,"57081","Waals Gewest","Provincie Henegouwen","Doornik",50.6191375920001,3.36060538600003,"Buiten Kruispunt","Normaal","Proper","binnen bebouwde kom","Dag","Gewestweg","dodelijk gewonden","onbekend","onbekend","Andere of onbekend","Geen vermelding van de aanwezigheid van een hindernis"
"918","2018","08","02",2018-08-01,2018-08-01 02:00:00,2024-01-02 02:00:00,"51004","Waals Gewest","Provincie Henegouwen","Aat",50.602103377,3.74231559800006,"Buiten Kruispunt","Normaal","Droog+Proper","buiten bebouwde kom","Nacht, geen openbare verlichting aanwezig","Gewestweg","Met doden","personenauto","een weggebruiker tegen een hindernis","Weggebruiker tegen hindernis buiten rijbaan","Buiten de rijbaan: Boom"
"919","2018","08","02",2018-08-01,2018-08-01 02:00:00,2024-01-02 02:00:00,"53084","Waals Gewest","Provincie Henegouwen","Quévy",50.3475817570001,3.96916093200002,"Buiten Kruispunt","Normaal","Droog+Proper","buiten bebouwde kom","Nacht, openbare verlichting aanwezig en ontstoken","Gewestweg","Met doden","personenauto","een weggebruiker tegen een hindernis","Weggebruiker tegen hindernis buiten rijbaan","Buiten de rijbaan: Boom"
"920","2018","08","03",2018-08-01,2018-08-01 03:00:00,2024-01-02 03:00:00,"53084","Waals Gewest","Provincie Henegouwen","Quévy",50.376524583,3.96738930200007,"Buiten Kruispunt","Normaal","Droog+Proper","buiten bebouwde kom","Nacht, geen openbare verlichting aanwezig","Gewestweg","Met doden","personenauto","een weggebruiker tegen een hindernis","Weggebruiker tegen hindernis buiten rijbaan","Buiten de rijbaan: Boom"
"921","2018","08","16",2018-08-01,2018-08-01 16:00:00,2024-01-02 16:00:00,"53084","Waals Gewest","Provincie Henegouwen","Quévy",50.3913934130001,3.91166583200004,"Op Kruispunt","Normaal","Droog+Proper","binnen bebouwde kom","Dag","Gewestweg","Met doden","Motorfiets","personenauto","Tss. 2 best.: langs opzij (voor-/achterkant-flank)","Geen hindernis"
"922","2018","08","19",2018-08-01,2018-08-01 19:00:00,2024-01-02 19:00:00,"53044","Waals Gewest","Provincie Henegouwen","Jurbeke",50.529856265,3.86862899700003,"Buiten Kruispunt","Normaal","Droog","buiten bebouwde kom","Dag","Gemeenteweg","Met doden","personenauto","een weggebruiker tegen een hindernis","Weggebruiker tegen hindernis buiten rijbaan","Buiten de rijbaan: Muur gebouw"
"923","2018","08","14",2018-08-01,2018-08-01 14:00:00,2024-01-02 14:00:00,"52011","Waals Gewest","Provincie Henegouwen","Charleroi",50.4517621370001,4.43896199200003,"Op Kruispunt","Regenval","Nat, plassen","buiten bebouwde kom","Dag","Gewestweg","dodelijk gewonden","personenauto","Autobus","Tss. 2 best.: langs opzij (voor-/achterkant-flank)","Geen hindernis"
"924","2018","08","20",2018-08-01,2018-08-01 20:00:00,2024-01-02 20:00:00,"58003","Waals Gewest","Provincie Henegouwen","Estinnes",50.352075916,4.06551437000007,"Buiten Kruispunt","Normaal","Droog+Proper","buiten bebouwde kom","Dageraad - schemering","Gewestweg","Met doden","personenauto","een weggebruiker tegen een hindernis","Weggebruiker tegen hindernis buiten rijbaan","Buiten de rijbaan: Verlichtingspaal"
"925","2018","08","16",2018-08-01,2018-08-01 16:00:00,2024-01-02 16:00:00,"58003","Waals Gewest","Provincie Henegouwen","Estinnes",50.3659384310001,4.05016854100006,"Buiten Kruispunt","Normaal","Droog+Proper","buiten bebouwde kom","Dag","Gewestweg","Met doden","Lichte vrachtauto","Andere weggebruiker","Tussen 2 bestuurders: Frontale botsing","Geen hindernis"
"926","2018","08","20",2018-08-01,2018-08-01 20:00:00,2024-01-02 20:00:00,"11002","Vlaams Gewest","Provincie Antwerpen","Antwerpen",51.17102593,4.37542970800007,"Op Kruispunt","Normaal","Droog","buiten bebouwde kom","Dag","Gewestweg","Met doden","personenauto","Motorfiets","Tss. 2 best.: langs opzij (voor-/achterkant-flank)","Geen hindernis"
"927","2018","08","21",2018-08-01,2018-08-01 21:00:00,2024-01-02 21:00:00,"11052","Vlaams Gewest","Provincie Antwerpen","Wommelgem",51.2122287020001,4.49729946500003,"Buiten Kruispunt","Normaal","Droog","buiten bebouwde kom","Nacht, openbare verlichting aanwezig en ontstoken","Gemeenteweg","Met doden","Lichte vrachtauto","Voetganger","Met een voetganger","Geen hindernis"
"928","2018","08","15",2018-08-01,2018-08-01 15:00:00,2024-01-02 15:00:00,"11040","Vlaams Gewest","Provincie Antwerpen","Schoten",51.259226131,4.48276906700005,"Buiten Kruispunt","Normaal","Droog+Proper","buiten bebouwde kom","Dag","Gemeenteweg","Met doden","Lichte vrachtauto","personenauto","Tussen 2 bestuurders: Frontale botsing","Geen hindernis"
"929","2018","09","04",2018-09-01,2018-09-01 04:00:00,2024-01-02 04:00:00,"72037","Vlaams Gewest","Provincie Limburg","Hamont-Achel",NA,NA,"Buiten Kruispunt","Normaal","Droog","buiten bebouwde kom","Nacht, openbare verlichting aanwezig en ontstoken","Gemeenteweg","Met doden","personenauto","een weggebruiker tegen een hindernis","Weggebruiker tegen hindernis buiten rijbaan","Buiten de rijbaan: Boom"
"930","2018","09","16",2018-09-01,2018-09-01 16:00:00,2024-01-02 16:00:00,"72004","Vlaams Gewest","Provincie Limburg","Bree",NA,NA,"Buiten Kruispunt","Normaal","Droog","buiten bebouwde kom","Dag","Gemeenteweg","Met doden","Fiets","één bestuurder, geen hindernis","Eén bestuurder, geen hindernis (incl. val)","Geen hindernis"
"931","2018","08","20",2018-08-01,2018-08-01 20:00:00,2024-01-02 20:00:00,"24062","Vlaams Gewest","Provincie Vlaams-Brabant","Leuven",50.9013975330001,4.69934011200007,"Op Kruispunt","Normaal","Droog","binnen bebouwde kom","Dag","Gemeenteweg","dodelijk gewonden","personenauto","Fiets","Tss. 2 best.: langs opzij (voor-/achterkant-flank)","Geen hindernis"
"932","2018","08","05",2018-08-01,2018-08-01 05:00:00,2024-01-02 05:00:00,"24130","Vlaams Gewest","Provincie Vlaams-Brabant","Zoutleeuw",50.8067289730001,5.09399219100004,"Buiten Kruispunt","Normaal","Droog","binnen bebouwde kom","Dageraad - schemering","Gewestweg","Met doden","personenauto","een weggebruiker tegen een hindernis","Weggebruiker tegen hindernis buiten rijbaan","Buiten de rijbaan: Boom"
"933","2018","08","12",2018-08-01,2018-08-01 12:00:00,2024-01-02 12:00:00,"24038","Vlaams Gewest","Provincie Vlaams-Brabant","Herent",50.9243760090001,4.64181390400006,"Buiten Kruispunt","Normaal","Droog","buiten bebouwde kom","Dag","Gewestweg","Met doden","personenauto","een weggebruiker tegen een hindernis","Weggebruiker tegen hindernis buiten rijbaan","Buiten de rijbaan: Muur gebouw"
"934","2018","08","09",2018-08-01,2018-08-01 09:00:00,2024-01-02 09:00:00,"23025","Vlaams Gewest","Provincie Vlaams-Brabant","Grimbergen",50.9341956150001,4.36402325400007,"Op Kruispunt","Normaal","Droog","binnen bebouwde kom","Dag","Gewestweg","Met doden","Andere weggebruiker","Andere weggebruiker","Tss. 2 best.: langs opzij (voor-/achterkant-flank)","Geen hindernis"
"935","2018","08","01",2018-08-01,2018-08-01 01:00:00,2024-01-02 01:00:00,"44021","Vlaams Gewest","Provincie Oost-Vlaanderen","Gent",NA,NA,"Buiten Kruispunt","Normaal","Droog","buiten bebouwde kom","Nacht, openbare verlichting aanwezig en ontstoken","Gewestweg","Met doden","personenauto","een weggebruiker tegen een hindernis","Weggebruiker tegen hindernis buiten rijbaan","Andere hindernis"
"936","2018","08","07",2018-08-01,2018-08-01 07:00:00,2024-01-02 07:00:00,"43005","Vlaams Gewest","Provincie Oost-Vlaanderen","Eeklo",51.17275068,3.54397350100004,"Op Kruispunt","Normaal","Droog","buiten bebouwde kom","Dag","Gewestweg","Met doden","personenauto","een weggebruiker tegen een hindernis","Weggebruiker tegen hindernis buiten rijbaan","Buiten de rijbaan: Andere paal"
"937","2018","08","14",2018-08-01,2018-08-01 14:00:00,2024-01-02 14:00:00,"44048","Vlaams Gewest","Provincie Oost-Vlaanderen","Nazareth",50.9456958660001,3.58557091700004,"Buiten Kruispunt","Normaal","Droog","buiten bebouwde kom","Dag","Gewestweg","dodelijk gewonden","Motorfiets","één bestuurder, geen hindernis","Eén bestuurder, geen hindernis (incl. val)","Geen hindernis"
"938","2018","08","15",2018-08-01,2018-08-01 15:00:00,2024-01-02 15:00:00,"43002","Vlaams Gewest","Provincie Oost-Vlaanderen","Assenede",51.232850252,3.71256360900003,"Op Kruispunt","Normaal","Droog","buiten bebouwde kom","Dag","Gewestweg","Met doden","Motorfiets","personenauto","Tss. 2 best.: langs opzij (voor-/achterkant-flank)","Geen hindernis"
"939","2018","08","04",2018-08-01,2018-08-01 04:00:00,2024-01-02 04:00:00,"45068","Vlaams Gewest","Provincie Oost-Vlaanderen","Kruisem",50.9058995140001,3.58353043700004,"Buiten Kruispunt","Normaal","Droog","buiten bebouwde kom","Nacht, openbare verlichting aanwezig en ontstoken","Gemeenteweg","Met doden","personenauto","een weggebruiker tegen een hindernis","Weggebruiker tegen hindernis buiten rijbaan","Buiten de rijbaan: Boom"
"940","2018","08","16",2018-08-01,2018-08-01 16:00:00,2024-01-02 16:00:00,"46021","Vlaams Gewest","Provincie Oost-Vlaanderen","Sint-Niklaas (Sint-Niklaas)",51.1672880290001,4.15265813800005,"Buiten Kruispunt","Normaal","Droog","binnen bebouwde kom","Dag","Gemeenteweg","Met doden","personenauto","Voetganger","Met een voetganger","Geen hindernis"
"941","2018","08","14",2018-08-01,2018-08-01 14:00:00,2024-01-02 14:00:00,"46021","Vlaams Gewest","Provincie Oost-Vlaanderen","Sint-Niklaas (Sint-Niklaas)",51.1697273230001,4.09786825900005,"Buiten Kruispunt","Normaal","Droog","buiten bebouwde kom","Dag","Gemeenteweg","dodelijk gewonden","personenauto","personenauto","Tussen 2 bestuurders: Frontale botsing","Geen hindernis"
"942","2018","08","20",2018-08-01,2018-08-01 20:00:00,2024-01-02 20:00:00,"42006","Vlaams Gewest","Provincie Oost-Vlaanderen","Dendermonde",NA,NA,"Buiten Kruispunt","Normaal","Droog","binnen bebouwde kom","Dag","Gemeenteweg","dodelijk gewonden","onbekend","onbekend","Andere of onbekend","Geen vermelding van de aanwezigheid van een hindernis"
"943","2018","08","20",2018-08-01,2018-08-01 20:00:00,2024-01-02 20:00:00,"31005","Vlaams Gewest","Provincie West-Vlaanderen","Brugge",51.222876533,3.23282016900004,"Buiten Kruispunt","Mist (zichtbaarheid minder dan 100m)","Droog","binnen bebouwde kom","Dag","Gewestweg","Met doden","personenauto","een weggebruiker tegen een hindernis","Weggebruiker tegen hindernis buiten rijbaan","Andere hindernis"
"944","2018","08","07",2018-08-01,2018-08-01 07:00:00,2024-01-02 07:00:00,"31040","Vlaams Gewest","Provincie West-Vlaanderen","Zedelgem",51.155447774,3.19383770900004,"Op Kruispunt","Normaal","Droog","binnen bebouwde kom","Dag","Gewestweg","Met doden","personenauto","Motorfiets","Tussen 2 bestuurders: Flank tegen flank","Geen hindernis"
"945","2018","08","06",2018-08-01,2018-08-01 06:00:00,2024-01-02 06:00:00,"31040","Vlaams Gewest","Provincie West-Vlaanderen","Zedelgem",51.1605065480001,3.20237042400004,"Buiten Kruispunt","Normaal","Droog","buiten bebouwde kom","Nacht, geen openbare verlichting aanwezig","Gewestweg","Met doden","personenauto","een weggebruiker tegen een hindernis","Weggebruiker tegen hindernis buiten rijbaan","Buiten de rijbaan: Muur gebouw"
"946","2018","08","17",2018-08-01,2018-08-01 17:00:00,2024-01-02 17:00:00,"37020","Vlaams Gewest","Provincie West-Vlaanderen","Ardooie",50.9705176470001,3.19657736700003,"Op Kruispunt","Normaal","Droog","buiten bebouwde kom","Dag","Gemeenteweg","dodelijk gewonden","Fiets","personenauto","Tss. 2 best.: langs opzij (voor-/achterkant-flank)","Geen hindernis"
"947","2018","08","18",2018-08-01,2018-08-01 18:00:00,2024-01-02 18:00:00,"35014","Vlaams Gewest","Provincie West-Vlaanderen","Oudenburg",51.164450597,3.01197010900006,"Buiten Kruispunt","Normaal","Droog","binnen bebouwde kom","Dag","Gewestweg","dodelijk gewonden","personenauto","een weggebruiker tegen een hindernis","Weggebruiker tegen hindernis buiten rijbaan","Andere hindernis"
"948","2018","08","23",2018-08-01,2018-08-01 23:00:00,2024-01-02 23:00:00,"31012","Vlaams Gewest","Provincie West-Vlaanderen","Jabbeke",51.17823666,3.12363172800002,"Op Kruispunt","Normaal","Droog","buiten bebouwde kom","Nacht, openbare verlichting aanwezig en ontstoken","Gewestweg","Met doden","personenauto","Voetganger","Met een voetganger","Geen hindernis"
"949","2018","08","00",2018-08-01,2018-08-01 00:00:00,2024-01-02 00:00:00,"34040","Vlaams Gewest","Provincie West-Vlaanderen","Waregem",50.8856187430001,3.45471718700003,"Buiten Kruispunt","Regenval","Nat, plassen","binnen bebouwde kom","Nacht, openbare verlichting aanwezig en ontstoken","Gemeenteweg","Met doden","Motorfiets","één bestuurder, geen hindernis","Eén bestuurder, geen hindernis (incl. val)","Geen hindernis"
"950","2018","08","23",2018-08-01,2018-08-01 23:00:00,2024-01-02 23:00:00,"34013","Vlaams Gewest","Provincie West-Vlaanderen","Harelbeke",50.8247101900001,3.31008499400002,"Buiten Kruispunt","Normaal","Droog","buiten bebouwde kom","Nacht, openbare verlichting aanwezig en ontstoken","Gemeenteweg","dodelijk gewonden","Bromfiets","Vrachtwagen","Tussen 2 bestuurders: Langs achteren","Geen hindernis"
"951","2018","08","10",2018-08-01,2018-08-01 10:00:00,2024-01-02 10:00:00,"38014","Vlaams Gewest","Provincie West-Vlaanderen","Koksijde",51.110626252,2.62369051400003,"Op Kruispunt","Normaal","Proper","binnen bebouwde kom","Dag","Gemeenteweg","Met doden","personenauto","Fiets","Tss. 2 best.: langs opzij (voor-/achterkant-flank)","Geen hindernis"
"952","2018","08","07",2018-08-01,2018-08-01 07:00:00,2024-01-02 07:00:00,"46003","Vlaams Gewest","Provincie Oost-Vlaanderen","Beveren (Sint-Niklaas)",NA,NA,"Op Kruispunt","Normaal","Nat, plassen","buiten bebouwde kom","Dag","Gemeenteweg","dodelijk gewonden","Vrachtwagen","Motorfiets","Tss. 2 best.: langs opzij (voor-/achterkant-flank)","Geen hindernis"
"953","2018","09","07",2018-09-01,2018-09-01 07:00:00,2024-01-02 07:00:00,"12041","Vlaams Gewest","Provincie Antwerpen","Puurs-Sint-Amands",51.0331107170001,4.32596219200002,"Buiten Kruispunt","Normaal","Droog","buiten bebouwde kom","Dag","Autosnelweg","Met doden","Lichte vrachtauto","Vrachtwagen","Tussen 2 bestuurders: Langs achteren","Geen hindernis"
"954","2018","09","07",2018-09-01,2018-09-01 07:00:00,2024-01-02 07:00:00,"11009","Vlaams Gewest","Provincie Antwerpen","Brecht",51.3706581930001,4.64977431100004,"Buiten Kruispunt","Normaal","Proper","buiten bebouwde kom","Nacht, openbare verlichting aanwezig en ontstoken","Autosnelweg","dodelijk gewonden","personenauto","Vrachtwagen","Tussen 2 bestuurders: Langs achteren","Geen hindernis"
"955","2018","09","12",2018-09-01,2018-09-01 12:00:00,2024-01-02 12:00:00,"44083","Vlaams Gewest","Provincie Oost-Vlaanderen","Deinze",51.0571513570001,3.53789527600003,"Buiten Kruispunt","Normaal","Droog","buiten bebouwde kom","Dag","Autosnelweg","Met doden","Vrachtwagen","personenauto","Tussen 2 bestuurders: Langs achteren","Geen hindernis"
"956","2018","09","19",2018-09-01,2018-09-01 19:00:00,2024-01-02 19:00:00,"42003","Vlaams Gewest","Provincie Oost-Vlaanderen","Berlare",51.071211684,3.92805408200007,"Buiten Kruispunt","Normaal","Droog","buiten bebouwde kom","Dag","Autosnelweg","Met doden","personenauto","Vrachtwagen","Tussen 2 bestuurders: Langs achteren","Geen hindernis"
"957","2018","09","23",2018-09-01,2018-09-01 23:00:00,2024-01-02 23:00:00,"35011","Vlaams Gewest","Provincie West-Vlaanderen","Middelkerke",51.1357669550001,2.82264456300004,"Buiten Kruispunt","Normaal","Droog+Proper","buiten bebouwde kom","Nacht, geen openbare verlichting aanwezig","Autosnelweg","Met doden","Voetganger","personenauto","Met een voetganger","Geen hindernis"
"958","2018","09","14",2018-09-01,2018-09-01 14:00:00,2024-01-02 14:00:00,"21008","Brussels Hoofdstedelijk Gewest",NA,"Ganshoren",NA,NA,"Op Kruispunt","Normaal","Proper","binnen bebouwde kom","Dag","Gemeenteweg","Met doden","Bromfiets","Andere weggebruiker","Tss. 2 best.: langs opzij (voor-/achterkant-flank)","Geen hindernis"
"959","2018","09","21",2018-09-01,2018-09-01 21:00:00,2024-01-02 21:00:00,"93088","Waals Gewest","Provincie Namen","Walcourt",50.2476950880001,4.51126260900003,"Buiten Kruispunt","Regenval","Nat, plassen","buiten bebouwde kom","Nacht, openbare verlichting aanwezig en ontstoken","Gewestweg","Met doden","personenauto","personenauto","Tussen 2 bestuurders: Langs achteren","Geen hindernis"
"960","2018","09","05",2018-09-01,2018-09-01 05:00:00,2024-01-02 05:00:00,"62118","Waals Gewest","Provincie Luik","Grâce-Hollogne",50.6150751650001,5.38997636900007,"Buiten Kruispunt","Normaal","Droog+Proper","buiten bebouwde kom","Nacht, openbare verlichting aanwezig en ontstoken","Autosnelweg","dodelijk gewonden","personenauto","een weggebruiker tegen een hindernis","Weggebruiker tegen hindernis buiten rijbaan","Buiten de rijbaan: Vangrails niet overgestoken"
"961","2018","09","16",2018-09-01,2018-09-01 16:00:00,2024-01-02 16:00:00,"62009","Waals Gewest","Provincie Luik","Aywaille",50.468902862,5.70981643200003,"Buiten Kruispunt","Normaal","Droog","buiten bebouwde kom","Dag","Autosnelweg","Met doden","personenauto","een weggebruiker tegen een hindernis","Weggebruiker tegen hindernis buiten rijbaan","Buiten de rijbaan: Verlichtingspaal"
"962","2018","09","21",2018-09-01,2018-09-01 21:00:00,2024-01-02 21:00:00,"63035","Waals Gewest","Provincie Luik","Herve",50.6350770010001,5.82041575100004,"Buiten Kruispunt","Normaal","Proper","buiten bebouwde kom","Nacht, openbare verlichting aanwezig en ontstoken","Autosnelweg","Met doden","personenauto","personenauto","Tussen 2 bestuurders: Langs achteren","Geen hindernis"
"963","2018","09","17",2018-09-01,2018-09-01 17:00:00,2024-01-02 17:00:00,"81001","Waals Gewest","Provincie Luxemburg","Aarlen",49.6904158070001,5.73168845000004,"Buiten Kruispunt","Normaal","Droog+Proper","buiten bebouwde kom","Dag","Autosnelweg","Met doden","Vrachtwagen","Vrachtwagen","Tussen 2 bestuurders: Langs achteren","Geen hindernis"