"","DT_YEAR_COLLISION","DT_MONTH_COLLISION","DT_TIME","YEAR_MONTH_DAY","YEAR_MONTH_DAY_HOUR","TIME_DT","CD_NIS","TX_RGN_COLLISION_NL","TX_PROV_COLLISION_NL","TX_MUNTY_COLLISION_NL","LAT_WGS84","LONG_WGS84","TX_CROSSWAY_NL","TX_WEATHER_NL","TX_ROAD_CONDITION_NL","TX_BUILD_UP_AREA_NL","TX_LIGHT_CONDITION_NL","CD_ROAD_TYPE_NL","TX_CLASS_ACCIDENTS_NL","TX_ROAD_USR_TYPE1_NL","TX_ROAD_USR_TYPE2_NL","TX_COLLISION_TYPE_NL","TX_OBSTACLES_NL"
"964","2018","09","16",2018-09-01,2018-09-01 16:00:00,2024-01-02 16:00:00,"62079","Waals Gewest","Provincie Luik","Oupeye",50.747534096,5.61202939900005,"Buiten Kruispunt","Normaal","Droog","binnen bebouwde kom","Dag","Gewestweg","dodelijk gewonden","personenauto","Bromfiets","Tss. 2 best.: langs opzij (voor-/achterkant-flank)","Geen hindernis"
"965","2018","09","10",2018-09-01,2018-09-01 10:00:00,2024-01-02 10:00:00,"62100","Waals Gewest","Provincie Luik","Sprimont",50.5373220710001,5.73768994300002,"Buiten Kruispunt","Normaal","Proper","binnen bebouwde kom","Dag","Gewestweg","Met doden","Fiets","personenauto","Tussen 2 bestuurders: Langs achteren","Geen hindernis"
"966","2018","09","17",2018-09-01,2018-09-01 17:00:00,2024-01-02 17:00:00,"64025","Waals Gewest","Provincie Luik","Fexhe-le-Haut-Clocher",NA,NA,"Buiten Kruispunt","Normaal","Droog","buiten bebouwde kom","Dag","Gewestweg","Met doden","onbekend","onbekend","Andere of onbekend","Geen vermelding van de aanwezigheid van een hindernis"
"967","2018","09","01",2018-09-01,2018-09-01 01:00:00,2024-01-02 01:00:00,"63086","Waals Gewest","Provincie Luik","Trois-Ponts",NA,NA,"Buiten Kruispunt","Normaal","Proper","buiten bebouwde kom","Nacht, geen openbare verlichting aanwezig","Gemeenteweg","Met doden","personenauto","een weggebruiker tegen een hindernis","Weggebruiker tegen hindernis buiten rijbaan","Buiten de rijbaan: Boom"
"968","2018","09","14",2018-09-01,2018-09-01 14:00:00,2024-01-02 14:00:00,"63013","Waals Gewest","Provincie Luik","Bütgenbach",50.422329383,6.17174725300004,"Buiten Kruispunt","Normaal","Proper","binnen bebouwde kom","Dag","Gewestweg","Met doden","Fiets","Autobus","Tussen 2 bestuurders: Flank tegen flank","Geen hindernis"
"969","2018","09","10",2018-09-01,2018-09-01 10:00:00,2024-01-02 10:00:00,"81001","Waals Gewest","Provincie Luxemburg","Aarlen",49.6877722940001,5.82499838100006,"Buiten Kruispunt","Normaal","Proper","binnen bebouwde kom","Dag","Gemeenteweg","dodelijk gewonden","personenauto","een weggebruiker tegen een hindernis","Weggebruiker tegen hindernis buiten rijbaan","Buiten de rijbaan: Muur gebouw"
"970","2018","09","11",2018-09-01,2018-09-01 11:00:00,2024-01-02 11:00:00,"85045","Waals Gewest","Provincie Luxemburg","Virton",49.6183340050001,5.53641992800004,"Buiten Kruispunt","Normaal","Proper","buiten bebouwde kom","Dag","Gewestweg","Met doden","personenauto","personenauto","Tussen 2 bestuurders: Langs achteren","Geen hindernis"
"971","2018","09","01",2018-09-01,2018-09-01 01:00:00,2024-01-02 01:00:00,"83012","Waals Gewest","Provincie Luxemburg","Durbuy",NA,NA,"Buiten Kruispunt","Normaal","Droog","binnen bebouwde kom","Nacht, openbare verlichting aanwezig en ontstoken","Gewestweg","Met doden","personenauto","personenauto","Tussen 2 bestuurders: Frontale botsing","Geen hindernis"
"972","2018","09","10",2018-09-01,2018-09-01 10:00:00,2024-01-02 10:00:00,"83049","Waals Gewest","Provincie Luxemburg","Tenneville",50.1114811680001,5.52624156000007,"Buiten Kruispunt","Normaal","Droog","buiten bebouwde kom","Dag","Gewestweg","Met doden","personenauto","Motorfiets","Tussen 2 bestuurders: Frontale botsing","Geen hindernis"
"973","2018","09","21",2018-09-01,2018-09-01 21:00:00,2024-01-02 21:00:00,"82038","Waals Gewest","Provincie Luxemburg","Sainte-Ode",NA,NA,"Buiten Kruispunt","Normaal","Droog","buiten bebouwde kom","Nacht, geen openbare verlichting aanwezig","Gemeenteweg","dodelijk gewonden","Motorfiets","een weggebruiker tegen een hindernis","Weggebruiker tegen hindernis op de rijbaan","Op de rijbaan: Dier (wild dier)"
"974","2018","09","05",2018-09-01,2018-09-01 05:00:00,2024-01-02 05:00:00,"92094","Waals Gewest","Provincie Namen","Namen",NA,NA,"Buiten Kruispunt","Normaal","Droog+Proper","buiten bebouwde kom","Nacht, geen openbare verlichting aanwezig","Gewestweg","Met doden","personenauto","een weggebruiker tegen een hindernis","Weggebruiker tegen hindernis buiten rijbaan","Buiten de rijbaan: Boom"
"975","2018","09","06",2018-09-01,2018-09-01 06:00:00,2024-01-02 06:00:00,"92097","Waals Gewest","Provincie Namen","Ohey",50.435112362,5.12402751000008,"Buiten Kruispunt","Normaal","Proper","binnen bebouwde kom","Nacht, geen openbare verlichting aanwezig","Gewestweg","dodelijk gewonden","personenauto","personenauto","Tussen 2 bestuurders: Frontale botsing","Geen hindernis"
"976","2018","09","18",2018-09-01,2018-09-01 18:00:00,2024-01-02 18:00:00,"92097","Waals Gewest","Provincie Namen","Ohey",50.4696447590001,5.18301996500003,"Buiten Kruispunt","Normaal","Proper","buiten bebouwde kom","Dag","Gewestweg","dodelijk gewonden","personenauto","personenauto","Tussen 2 bestuurders: Frontale botsing","Geen hindernis"
"977","2018","09","19",2018-09-01,2018-09-01 19:00:00,2024-01-02 19:00:00,"57097","Waals Gewest","Provincie Henegouwen","Komen-Waasten",NA,NA,"Buiten Kruispunt","Normaal","Droog","buiten bebouwde kom","Dag","Gemeenteweg","dodelijk gewonden","personenauto","één bestuurder, geen hindernis","Eén bestuurder, geen hindernis (incl. val)","Geen hindernis"
"978","2018","09","08",2018-09-01,2018-09-01 08:00:00,2024-01-02 08:00:00,"57094","Waals Gewest","Provincie Henegouwen","Leuze-en-Hainaut",50.593696429,3.58146862900003,"Buiten Kruispunt","Onbekend","Droog","binnen bebouwde kom","Dag","Gewestweg","Met doden","personenauto","een weggebruiker tegen een hindernis","Weggebruiker tegen hindernis buiten rijbaan","Buiten de rijbaan: Boom"
"979","2018","09","21",2018-09-01,2018-09-01 21:00:00,2024-01-02 21:00:00,"57094","Waals Gewest","Provincie Henegouwen","Leuze-en-Hainaut",50.592119145,3.56935999500007,"Buiten Kruispunt","Normaal","Proper","buiten bebouwde kom","Nacht, openbare verlichting aanwezig en ontstoken","Gewestweg","Met doden","personenauto","personenauto","Tussen 2 bestuurders: Frontale botsing","Geen hindernis"
"980","2018","09","19",2018-09-01,2018-09-01 19:00:00,2024-01-02 19:00:00,"57095","Waals Gewest","Provincie Henegouwen","Mont-de-l’Enclus",NA,NA,"Buiten Kruispunt","Normaal","Droog","buiten bebouwde kom","Nacht, openbare verlichting aanwezig en ontstoken","Gewestweg","Met doden","Motorfiets","een weggebruiker tegen een hindernis","Weggebruiker tegen hindernis buiten rijbaan","Buiten de rijbaan: Omheining"
"981","2018","09","17",2018-09-01,2018-09-01 17:00:00,2024-01-02 17:00:00,"51004","Waals Gewest","Provincie Henegouwen","Aat",50.5749376970001,3.71035238100006,"Buiten Kruispunt","Regenval","Nat, plassen","buiten bebouwde kom","Dag","Gewestweg","Met doden","personenauto","een weggebruiker tegen een hindernis","Weggebruiker tegen hindernis buiten rijbaan","Buiten de rijbaan: Boom"
"982","2018","09","18",2018-09-01,2018-09-01 18:00:00,2024-01-02 18:00:00,"56005","Waals Gewest","Provincie Henegouwen","Beaumont",NA,NA,"Buiten Kruispunt","Onbekend","Proper","buiten bebouwde kom","Dag","Gemeenteweg","Met doden","Motorfiets","één bestuurder, geen hindernis","Eén bestuurder, geen hindernis (incl. val)","Geen hindernis"
"983","2018","09","16",2018-09-01,2018-09-01 16:00:00,2024-01-02 16:00:00,"11002","Vlaams Gewest","Provincie Antwerpen","Antwerpen",51.229716216,4.44357642800003,"Op Kruispunt","Normaal","Droog","binnen bebouwde kom","Dag","Gewestweg","dodelijk gewonden","Vrachtwagen","Fiets","Tss. 2 best.: langs opzij (voor-/achterkant-flank)","Geen hindernis"
"984","2018","09","12",2018-09-01,2018-09-01 12:00:00,2024-01-02 12:00:00,"13001","Vlaams Gewest","Provincie Antwerpen","Arendonk",51.3220195800001,5.09168353000007,"Op Kruispunt","Normaal","Droog","binnen bebouwde kom","Dag","Gewestweg","Met doden","Fiets","personenauto","Tss. 2 best.: langs opzij (voor-/achterkant-flank)","Geen hindernis"
"985","2018","09","02",2018-09-01,2018-09-01 02:00:00,2024-01-02 02:00:00,"13025","Vlaams Gewest","Provincie Antwerpen","Mol",51.1854679800001,5.11741621000004,"Op Kruispunt","Normaal","Proper","binnen bebouwde kom","Nacht, openbare verlichting aanwezig en ontstoken","Gewestweg","dodelijk gewonden","Bromfiets","een weggebruiker tegen een hindernis","Weggebruiker tegen hindernis buiten rijbaan","Buiten de rijbaan: Andere paal"
"986","2018","09","15",2018-09-01,2018-09-01 15:00:00,2024-01-02 15:00:00,"13025","Vlaams Gewest","Provincie Antwerpen","Mol",51.2067247700001,5.20751070800003,"Op Kruispunt","Normaal","Droog","buiten bebouwde kom","Dag","Gewestweg","Met doden","personenauto","Fiets","Tss. 2 best.: langs opzij (voor-/achterkant-flank)","Geen hindernis"
"987","2018","09","17",2018-09-01,2018-09-01 17:00:00,2024-01-02 17:00:00,"72020","Vlaams Gewest","Provincie Limburg","Lommel",51.2239805250001,5.33572775700003,"Op Kruispunt","Normaal","Droog","buiten bebouwde kom","Dag","Gewestweg","dodelijk gewonden","Lichte vrachtauto","Vrachtwagen","Tss. 2 best.: langs opzij (voor-/achterkant-flank)","Geen hindernis"
"988","2018","09","16",2018-09-01,2018-09-01 16:00:00,2024-01-02 16:00:00,"73006","Vlaams Gewest","Provincie Limburg","Bilzen",50.9072947750001,5.51164294000006,"Buiten Kruispunt","Normaal","Droog","buiten bebouwde kom","Dag","Gemeenteweg","Met doden","Lichte vrachtauto","Voetganger","Met een voetganger","Geen hindernis"
"989","2018","09","06",2018-09-01,2018-09-01 06:00:00,2024-01-02 06:00:00,"72041","Vlaams Gewest","Provincie Limburg","Dilsen-Stokkem",51.0340533230001,5.72656800500005,"Buiten Kruispunt","Normaal","Droog","binnen bebouwde kom","Nacht, openbare verlichting aanwezig en ontstoken","Gemeenteweg","dodelijk gewonden","personenauto","Motorfiets","Tussen 2 bestuurders: Frontale botsing","Geen hindernis"
"990","2018","09","12",2018-09-01,2018-09-01 12:00:00,2024-01-02 12:00:00,"24048","Vlaams Gewest","Provincie Vlaams-Brabant","Keerbergen",50.997395511,4.66399602400003,"Op Kruispunt","Normaal","Droog","buiten bebouwde kom","Dag","Gemeenteweg","Met doden","personenauto","Fiets","Tss. 2 best.: langs opzij (voor-/achterkant-flank)","Geen hindernis"
"991","2018","09","22",2018-09-01,2018-09-01 22:00:00,2024-01-02 22:00:00,"24014","Vlaams Gewest","Provincie Vlaams-Brabant","Boortmeerbeek",50.9629255560001,4.60520273800006,"Op Kruispunt","Regenval","Nat, plassen","buiten bebouwde kom","Nacht, openbare verlichting aanwezig en ontstoken","Gewestweg","Met doden","Fiets","personenauto","Tss. 2 best.: langs opzij (voor-/achterkant-flank)","Geen hindernis"
"992","2018","09","16",2018-09-01,2018-09-01 16:00:00,2024-01-02 16:00:00,"23102","Vlaams Gewest","Provincie Vlaams-Brabant","Wemmel",50.911544803,4.29813520100004,"Buiten Kruispunt","Normaal","Droog","binnen bebouwde kom","Dag","Gemeenteweg","Met doden","Motorfiets","personenauto","Tss. 2 best.: langs opzij (voor-/achterkant-flank)","Geen hindernis"
"993","2018","09","08",2018-09-01,2018-09-01 08:00:00,2024-01-02 08:00:00,"44020","Vlaams Gewest","Provincie Oost-Vlaanderen","Gavere",50.9167679860001,3.66644696100008,"Buiten Kruispunt","Normaal","Droog","buiten bebouwde kom","Dag","Gemeenteweg","Met doden","Andere weggebruiker","Fiets","Tussen 2 bestuurders: Frontale botsing","Geen hindernis"
"994","2018","09","18",2018-09-01,2018-09-01 18:00:00,2024-01-02 18:00:00,"46021","Vlaams Gewest","Provincie Oost-Vlaanderen","Sint-Niklaas (Sint-Niklaas)",51.159634114,4.13879287600002,"Op Kruispunt","Normaal","Droog","binnen bebouwde kom","Dag","Gemeenteweg","dodelijk gewonden","personenauto","Fiets","Tussen 2 bestuurders: Frontale botsing","Geen hindernis"
"995","2018","09","18",2018-09-01,2018-09-01 18:00:00,2024-01-02 18:00:00,"41024","Vlaams Gewest","Provincie Oost-Vlaanderen","Haaltert",50.8761586000001,4.02336754300006,"Buiten Kruispunt","Normaal","Droog","binnen bebouwde kom","Dag","Gemeenteweg","dodelijk gewonden","Fiets","Lichte vrachtauto","Tussen 2 bestuurders: Langs achteren","Geen hindernis"
"996","2018","09","16",2018-09-01,2018-09-01 16:00:00,2024-01-02 16:00:00,"35013","Vlaams Gewest","Provincie West-Vlaanderen","Oostende",51.229239706,2.94090696500007,"Buiten Kruispunt","Normaal","Droog","binnen bebouwde kom","Dag","Gewestweg","dodelijk gewonden","Andere weggebruiker","personenauto","Tss. 2 best.: langs opzij (voor-/achterkant-flank)","Geen hindernis"
"997","2018","09","19",2018-09-01,2018-09-01 19:00:00,2024-01-02 19:00:00,"33021","Vlaams Gewest","Provincie West-Vlaanderen","Poperinge",50.8540053250001,2.74542851700005,"Op Kruispunt","Normaal","Droog","buiten bebouwde kom","Dag","Gewestweg","dodelijk gewonden","Fiets","personenauto","Tussen 2 bestuurders: Frontale botsing","Geen hindernis"
"998","2018","09","17",2018-09-01,2018-09-01 17:00:00,2024-01-02 17:00:00,"73042","Vlaams Gewest","Provincie Limburg","Lanaken",50.9221571150001,5.69871765100004,"Buiten Kruispunt","Normaal","Droog","buiten bebouwde kom","Dag","Gemeenteweg","dodelijk gewonden","Andere weggebruiker","een weggebruiker tegen een hindernis","Weggebruiker tegen hindernis buiten rijbaan","Andere hindernis"
"999","2018","09","03",2018-09-01,2018-09-01 03:00:00,2024-01-02 03:00:00,"71037","Vlaams Gewest","Provincie Limburg","Lummen",50.9998295890001,5.19991738500005,"Buiten Kruispunt","Normaal","Droog","buiten bebouwde kom","Nacht, openbare verlichting aanwezig en ontstoken","Gewestweg","dodelijk gewonden","Lichte vrachtauto","Vrachtwagen","Tussen 2 bestuurders: Frontale botsing","Geen hindernis"
"1000","2018","09","07",2018-09-01,2018-09-01 07:00:00,2024-01-02 07:00:00,"24009","Vlaams Gewest","Provincie Vlaams-Brabant","Bertem",NA,NA,"Buiten Kruispunt","Normaal","Droog","buiten bebouwde kom","Dag","Gemeenteweg","Met doden","personenauto","Motorfiets","Tussen 2 bestuurders: Flank tegen flank","Geen hindernis"
"1001","2018","10","23",2018-10-01,2018-10-01 23:00:00,2024-01-02 23:00:00,"11002","Vlaams Gewest","Provincie Antwerpen","Antwerpen",51.194206009,4.39726706300007,"Buiten Kruispunt","Normaal","Droog","buiten bebouwde kom","Nacht, openbare verlichting aanwezig en ontstoken","Autosnelweg","Met doden","personenauto","Vrachtwagen","Tussen 2 bestuurders: Langs achteren","Geen hindernis"
"1002","2018","10","06",2018-10-01,2018-10-01 06:00:00,2024-01-02 06:00:00,"44073","Vlaams Gewest","Provincie Oost-Vlaanderen","Wachtebeke",NA,NA,"Buiten Kruispunt","Onbekend","Droog","buiten bebouwde kom","Onbekend","Autosnelweg","Met doden","Lichte vrachtauto","een weggebruiker tegen een hindernis","Weggebruiker tegen hindernis buiten rijbaan","Buiten de rijbaan: Gracht"
"1003","2018","10","09",2018-10-01,2018-10-01 09:00:00,2024-01-02 09:00:00,"44021","Vlaams Gewest","Provincie Oost-Vlaanderen","Gent",51.03273281,3.64356677000006,"Buiten Kruispunt","Normaal","Droog","buiten bebouwde kom","Dag","Autosnelweg","Met doden","Vrachtwagen","personenauto","Tussen 2 bestuurders: Langs achteren","Geen hindernis"
"1004","2018","10","02",2018-10-01,2018-10-01 02:00:00,2024-01-02 02:00:00,"57081","Waals Gewest","Provincie Henegouwen","Doornik",50.628767877,3.31223818400002,"Buiten Kruispunt","Normaal","Droog","buiten bebouwde kom","Nacht, geen openbare verlichting aanwezig","Autosnelweg","Met doden","Lichte vrachtauto","Voetganger","Met een voetganger","Geen hindernis"
"1005","2018","10","16",2018-10-01,2018-10-01 16:00:00,2024-01-02 16:00:00,"57064","Waals Gewest","Provincie Henegouwen","Péruwelz",50.5178718350001,3.60107082900004,"Buiten Kruispunt","Normaal","Droog","binnen bebouwde kom","Dag","Gemeenteweg","Met doden","onbekend","onbekend","Andere of onbekend","Geen vermelding van de aanwezigheid van een hindernis"
"1006","2018","10","20",2018-10-01,2018-10-01 20:00:00,2024-01-02 20:00:00,"92141","Waals Gewest","Provincie Namen","La Bruyère",50.5078470130001,4.84262798100002,"Buiten Kruispunt","Normaal","Proper","buiten bebouwde kom","Nacht, openb. verlicht. aanw., maar niet ontstoken","Autosnelweg","Met doden","personenauto","een weggebruiker tegen een hindernis","Weggebruiker tegen hindernis buiten rijbaan","Buiten de rijbaan: Vangrails overschreden"
"1007","2018","10","16",2018-10-01,2018-10-01 16:00:00,2024-01-02 16:00:00,"62120","Waals Gewest","Provincie Luik","Flémalle",50.6252134970001,5.42852384800005,"Buiten Kruispunt","Normaal","Droog+Proper","buiten bebouwde kom","Dag","Autosnelweg","Met doden","personenauto","personenauto","Kettingbotsing (3 bestuurders of meer)","Geen hindernis"
"1008","2018","10","21",2018-10-01,2018-10-01 21:00:00,2024-01-02 21:00:00,"81015","Waals Gewest","Provincie Luxemburg","Messancy",49.5931780970001,5.80802979700007,"Buiten Kruispunt","Normaal","Droog","buiten bebouwde kom","Nacht, openbare verlichting aanwezig en ontstoken","Gewestweg","Met doden","personenauto","een weggebruiker tegen een hindernis","Weggebruiker tegen hindernis buiten rijbaan","Buiten de rijbaan: Verlichtingspaal"
"1009","2018","10","07",2018-10-01,2018-10-01 07:00:00,2024-01-02 07:00:00,"81001","Waals Gewest","Provincie Luxemburg","Aarlen",49.690815431,5.72898259700003,"Buiten Kruispunt","Normaal","Droog","buiten bebouwde kom","Dag","Autosnelweg","Met doden","Lichte vrachtauto","Vrachtwagen","Tussen 2 bestuurders: Langs achteren","Geen hindernis"
"1010","2018","10","10",2018-10-01,2018-10-01 10:00:00,2024-01-02 10:00:00,"62051","Waals Gewest","Provincie Luik","Herstal",NA,NA,"Buiten Kruispunt","Normaal","Droog","binnen bebouwde kom","Dag","Gewestweg","dodelijk gewonden","personenauto","Voetganger","Met een voetganger","Geen hindernis"
"1011","2018","10","23",2018-10-01,2018-10-01 23:00:00,2024-01-02 23:00:00,"62006","Waals Gewest","Provincie Luik","Awans",50.6837456800001,5.46129789800005,"Buiten Kruispunt","Normaal","Droog","buiten bebouwde kom","Nacht, openbare verlichting aanwezig en ontstoken","Gewestweg","Met doden","Motorfiets","een weggebruiker tegen een hindernis","Weggebruiker tegen hindernis buiten rijbaan","Buiten de rijbaan: Omheining"
"1012","2018","10","01",2018-10-01,2018-10-01 01:00:00,2024-01-02 01:00:00,"63072","Waals Gewest","Provincie Luik","Spa",50.5019968220001,5.88645563800003,"Buiten Kruispunt","Onbekend","Nat, plassen","buiten bebouwde kom","Nacht, openb. verlicht. aanw., maar niet ontstoken","Gewestweg","Met doden","Lichte vrachtauto","een weggebruiker tegen een hindernis","Weggebruiker tegen hindernis buiten rijbaan","Buiten de rijbaan: Boom"
"1013","2018","10","20",2018-10-01,2018-10-01 20:00:00,2024-01-02 20:00:00,"61003","Waals Gewest","Provincie Luik","Amay",NA,NA,"Buiten Kruispunt","Normaal","Droog+Proper","buiten bebouwde kom","Nacht, geen openbare verlichting aanwezig","Gemeenteweg","Met doden","personenauto","één bestuurder, geen hindernis","Eén bestuurder, geen hindernis (incl. val)","Geen hindernis"
"1014","2018","10","16",2018-10-01,2018-10-01 16:00:00,2024-01-02 16:00:00,"83040","Waals Gewest","Provincie Luxemburg","Nassogne",50.1604113320001,5.34481276100007,"Buiten Kruispunt","Normaal","Droog","buiten bebouwde kom","Dag","Gemeenteweg","Met doden","personenauto","Fiets","Tussen 2 bestuurders: Frontale botsing","Geen hindernis"
"1015","2018","10","16",2018-10-01,2018-10-01 16:00:00,2024-01-02 16:00:00,"83012","Waals Gewest","Provincie Luxemburg","Durbuy",50.3657486050001,5.46587923200002,"Op Kruispunt","Normaal","Droog","buiten bebouwde kom","Dag","Gewestweg","Met doden","personenauto","personenauto","Tussen 2 bestuurders: Frontale botsing","Geen hindernis"
"1016","2018","10","17",2018-10-01,2018-10-01 17:00:00,2024-01-02 17:00:00,"82032","Waals Gewest","Provincie Luxemburg","Vielsalm",50.2814168560001,5.90712442700004,"Buiten Kruispunt","Regenval","Nat, plassen","binnen bebouwde kom","Dag","Gemeenteweg","Met doden","personenauto","één bestuurder, geen hindernis","Eén bestuurder, geen hindernis (incl. val)","Geen hindernis"
"1017","2018","10","06",2018-10-01,2018-10-01 06:00:00,2024-01-02 06:00:00,"84009","Waals Gewest","Provincie Luxemburg","Bertrix",NA,NA,"Buiten Kruispunt","Normaal","Droog+Proper","buiten bebouwde kom","Nacht, geen openbare verlichting aanwezig","Gemeenteweg","Met doden","personenauto","een weggebruiker tegen een hindernis","Weggebruiker tegen hindernis buiten rijbaan","Buiten de rijbaan: Boom"
"1018","2018","10","11",2018-10-01,2018-10-01 11:00:00,2024-01-02 11:00:00,"92140","Waals Gewest","Provincie Namen","Jemeppe-sur-Sambre",50.4553387610001,4.70959435400005,"Buiten Kruispunt","Normaal","Proper","binnen bebouwde kom","Dag","Gemeenteweg","Met doden","Bromfiets","Vrachtwagen","Tussen 2 bestuurders: Langs achteren","Geen hindernis"
"1019","2018","10","01",2018-10-01,2018-10-01 01:00:00,2024-01-02 01:00:00,"53084","Waals Gewest","Provincie Henegouwen","Quévy",NA,NA,"Buiten Kruispunt","Regenval","Nat, plassen","buiten bebouwde kom","Nacht, openbare verlichting aanwezig en ontstoken","Gewestweg","Met doden","personenauto","een weggebruiker tegen een hindernis","Weggebruiker tegen hindernis buiten rijbaan","Andere hindernis"
"1020","2018","10","08",2018-10-01,2018-10-01 08:00:00,2024-01-02 08:00:00,"53028","Waals Gewest","Provincie Henegouwen","Frameries",50.3921276200001,3.86613421100003,"Buiten Kruispunt","Normaal","Proper","binnen bebouwde kom","Dag","Gemeenteweg","Met doden","personenauto","personenauto","Tussen 2 bestuurders: Langs achteren","Geen hindernis"
"1021","2018","10","04",2018-10-01,2018-10-01 04:00:00,2024-01-02 04:00:00,"56044","Waals Gewest","Provincie Henegouwen","Lobbes",50.3683153950001,4.27453046900007,"Buiten Kruispunt","Normaal","Proper","binnen bebouwde kom","Nacht, openbare verlichting aanwezig en ontstoken","Gewestweg","Met doden","personenauto","een weggebruiker tegen een hindernis","Weggebruiker tegen hindernis buiten rijbaan","Buiten de rijbaan: Andere paal"
"1022","2018","10","17",2018-10-01,2018-10-01 17:00:00,2024-01-02 17:00:00,"56016","Waals Gewest","Provincie Henegouwen","Chimay",50.0339150290001,4.26369903200003,"Buiten Kruispunt","Normaal","Droog+Proper","binnen bebouwde kom","Dag","Gemeenteweg","Met doden","Motorfiets","een weggebruiker tegen een hindernis","Weggebruiker tegen hindernis buiten rijbaan","Buiten de rijbaan: Muur gebouw"
"1023","2018","10","11",2018-10-01,2018-10-01 11:00:00,2024-01-02 11:00:00,"21004","Brussels Hoofdstedelijk Gewest",NA,"Brussel",50.8722796750001,4.36069592600006,"Op Kruispunt","Normaal","Droog","binnen bebouwde kom","Dag","Gewestweg","Met doden","Vrachtwagen","Motorfiets","Tussen 2 bestuurders: Flank tegen flank","Geen hindernis"
"1024","2018","10","14",2018-10-01,2018-10-01 14:00:00,2024-01-02 14:00:00,"21004","Brussels Hoofdstedelijk Gewest",NA,"Brussel",50.907524203,4.40087681500006,"Op Kruispunt","Normaal","Droog","binnen bebouwde kom","Dag","Gewestweg","Met doden","personenauto","Voetganger","Met een voetganger","Geen hindernis"
"1025","2018","10","15",2018-10-01,2018-10-01 15:00:00,2024-01-02 15:00:00,"21001","Brussels Hoofdstedelijk Gewest",NA,"Anderlecht",50.8369047460001,4.31697862600004,"Op Kruispunt","Normaal","Droog+Proper","binnen bebouwde kom","Dag","Gewestweg","Met doden","Vrachtwagen","Fiets","Tss. 2 best.: langs opzij (voor-/achterkant-flank)","Geen hindernis"
"1026","2018","10","13",2018-10-01,2018-10-01 13:00:00,2024-01-02 13:00:00,"21014","Brussels Hoofdstedelijk Gewest",NA,"Sint-Joost-ten-Node",50.8542251810001,4.36894761800005,"Op Kruispunt","Normaal","Droog","binnen bebouwde kom","Dag","Gemeenteweg","dodelijk gewonden","onbekend","onbekend","Geen vermelding van de type aanrijding","Geen vermelding van de type aanrijding"
"1027","2018","10","16",2018-10-01,2018-10-01 16:00:00,2024-01-02 16:00:00,"11002","Vlaams Gewest","Provincie Antwerpen","Antwerpen",51.234294543,4.46862921400003,"Buiten Kruispunt","Normaal","Droog","buiten bebouwde kom","Dag","Gewestweg","dodelijk gewonden","Motorfiets","een weggebruiker tegen een hindernis","Weggebruiker tegen hindernis buiten rijbaan","Buiten de rijbaan: Verkeerseiland, middenberm"
"1028","2018","10","05",2018-10-01,2018-10-01 05:00:00,2024-01-02 05:00:00,"11002","Vlaams Gewest","Provincie Antwerpen","Antwerpen",51.2153352820001,4.41387894100006,"Buiten Kruispunt","Normaal","Droog","binnen bebouwde kom","Nacht, openb. verlicht. aanw., maar niet ontstoken","Gewestweg","Met doden","Voetganger","personenauto","Met een voetganger","Geen hindernis"
"1029","2018","10","03",2018-10-01,2018-10-01 03:00:00,2024-01-02 03:00:00,"11018","Vlaams Gewest","Provincie Antwerpen","Hemiksem",51.151978726,4.34879115600006,"Buiten Kruispunt","Normaal","Droog","binnen bebouwde kom","Nacht, openbare verlichting aanwezig en ontstoken","Gemeenteweg","Met doden","personenauto","Vrachtwagen","Tussen 2 bestuurders: Frontale botsing","Geen hindernis"
"1030","2018","10","19",2018-10-01,2018-10-01 19:00:00,2024-01-02 19:00:00,"13025","Vlaams Gewest","Provincie Antwerpen","Mol",51.199319512,5.05737294900007,"Buiten Kruispunt","Normaal","Droog","buiten bebouwde kom","Dageraad - schemering","Gemeenteweg","dodelijk gewonden","Motorfiets","één bestuurder, geen hindernis","Eén bestuurder, geen hindernis (incl. val)","Geen hindernis"
"1031","2018","10","13",2018-10-01,2018-10-01 13:00:00,2024-01-02 13:00:00,"73009","Vlaams Gewest","Provincie Limburg","Borgloon",50.806627457,5.28654853900002,"Op Kruispunt","Normaal","Droog","buiten bebouwde kom","Dag","Gewestweg","dodelijk gewonden","Motorfiets","personenauto","Tussen 2 bestuurders: Flank tegen flank","Geen hindernis"
"1032","2018","10","13",2018-10-01,2018-10-01 13:00:00,2024-01-02 13:00:00,"73066","Vlaams Gewest","Provincie Limburg","Riemst",50.8289211210001,5.58422323100007,"Op Kruispunt","Normaal","Droog","binnen bebouwde kom","Dag","Gemeenteweg","dodelijk gewonden","Fiets","personenauto","Tussen 2 bestuurders: Langs achteren","Geen hindernis"
"1033","2018","10","18",2018-10-01,2018-10-01 18:00:00,2024-01-02 18:00:00,"23033","Vlaams Gewest","Provincie Vlaams-Brabant","Hoeilaart",50.7672465200001,4.44433048000008,"Buiten Kruispunt","Normaal","Droog","buiten bebouwde kom","Dageraad - schemering","Gewestweg","Met doden","Motorfiets","een weggebruiker tegen een hindernis","Weggebruiker tegen hindernis buiten rijbaan","Buiten de rijbaan: Verlichtingspaal"