"","DT_YEAR_COLLISION","DT_MONTH_COLLISION","DT_TIME","YEAR_MONTH_DAY","YEAR_MONTH_DAY_HOUR","TIME_DT","CD_NIS","TX_RGN_COLLISION_NL","TX_PROV_COLLISION_NL","TX_MUNTY_COLLISION_NL","LAT_WGS84","LONG_WGS84","TX_CROSSWAY_NL","TX_WEATHER_NL","TX_ROAD_CONDITION_NL","TX_BUILD_UP_AREA_NL","TX_LIGHT_CONDITION_NL","CD_ROAD_TYPE_NL","TX_CLASS_ACCIDENTS_NL","TX_ROAD_USR_TYPE1_NL","TX_ROAD_USR_TYPE2_NL","TX_COLLISION_TYPE_NL","TX_OBSTACLES_NL"
"1034","2018","10","16",2018-10-01,2018-10-01 16:00:00,2024-01-02 16:00:00,"23062","Vlaams Gewest","Provincie Vlaams-Brabant","Overijse",50.7514563660001,4.57204664000005,"Op Kruispunt","Normaal","Droog","buiten bebouwde kom","Dag","Gewestweg","Met doden","personenauto","Motorfiets","Tss. 2 best.: langs opzij (voor-/achterkant-flank)","Geen hindernis"
"1035","2018","10","16",2018-10-01,2018-10-01 16:00:00,2024-01-02 16:00:00,"23050","Vlaams Gewest","Provincie Vlaams-Brabant","Meise",50.9642375700001,4.29269673200002,"Op Kruispunt","Normaal","Droog","buiten bebouwde kom","Dag","Gemeenteweg","Met doden","Andere weggebruiker","Motorfiets","Tussen 2 bestuurders: Frontale botsing","Geen hindernis"
"1036","2018","10","05",2018-10-01,2018-10-01 05:00:00,2024-01-02 05:00:00,"44083","Vlaams Gewest","Provincie Oost-Vlaanderen","Deinze",51.0171771930001,3.55452050700006,"Buiten Kruispunt","Normaal","Droog+Proper","buiten bebouwde kom","Nacht, openbare verlichting aanwezig en ontstoken","Gemeenteweg","Met doden","personenauto","een weggebruiker tegen een hindernis","Weggebruiker tegen hindernis buiten rijbaan","Buiten de rijbaan: Boom"
"1037","2018","10","17",2018-10-01,2018-10-01 17:00:00,2024-01-02 17:00:00,"43010","Vlaams Gewest","Provincie Oost-Vlaanderen","Maldegem",51.1497714480001,3.51008697000003,"Buiten Kruispunt","Normaal","Proper","buiten bebouwde kom","Dag","Gewestweg","dodelijk gewonden","Motorfiets","één bestuurder, geen hindernis","Eén bestuurder, geen hindernis (incl. val)","Geen hindernis"
"1038","2018","10","21",2018-10-01,2018-10-01 21:00:00,2024-01-02 21:00:00,"45059","Vlaams Gewest","Provincie Oost-Vlaanderen","Brakel",50.817039821,3.72614532000006,"Buiten Kruispunt","Normaal","Droog","buiten bebouwde kom","Nacht, openb. verlicht. aanw., maar niet ontstoken","Gewestweg","Met doden","personenauto","een weggebruiker tegen een hindernis","Weggebruiker tegen hindernis buiten rijbaan","Andere hindernis"
"1039","2018","10","17",2018-10-01,2018-10-01 17:00:00,2024-01-02 17:00:00,"41024","Vlaams Gewest","Provincie Oost-Vlaanderen","Haaltert",50.9003571010001,4.00454431200006,"Buiten Kruispunt","Normaal","Droog","binnen bebouwde kom","Dag","Gewestweg","dodelijk gewonden","personenauto","Voetganger","Met een voetganger","Geen hindernis"
"1040","2018","10","14",2018-10-01,2018-10-01 14:00:00,2024-01-02 14:00:00,"31004","Vlaams Gewest","Provincie West-Vlaanderen","Blankenberge",51.317817882,3.13901305400003,"Buiten Kruispunt","Normaal","Droog","binnen bebouwde kom","Dag","Gemeenteweg","dodelijk gewonden","personenauto","één bestuurder, geen hindernis","Eén bestuurder, geen hindernis (incl. val)","Geen hindernis"
"1041","2018","10","14",2018-10-01,2018-10-01 14:00:00,2024-01-02 14:00:00,"31006","Vlaams Gewest","Provincie West-Vlaanderen","Damme",51.2582567060001,3.38710442000007,"Op Kruispunt","Normaal","Droog","buiten bebouwde kom","Dag","Gemeenteweg","Met doden","Fiets","personenauto","Tussen 2 bestuurders: Flank tegen flank","Geen hindernis"
"1042","2018","10","17",2018-10-01,2018-10-01 17:00:00,2024-01-02 17:00:00,"31006","Vlaams Gewest","Provincie West-Vlaanderen","Damme",51.2492120430001,3.25436908500006,"Buiten Kruispunt","Normaal","Droog","buiten bebouwde kom","Dag","Gewestweg","Met doden","Motorfiets","een weggebruiker tegen een hindernis","Weggebruiker tegen hindernis buiten rijbaan","Buiten de rijbaan: Andere paal"
"1043","2018","10","14",2018-10-01,2018-10-01 14:00:00,2024-01-02 14:00:00,"37020","Vlaams Gewest","Provincie West-Vlaanderen","Ardooie",50.990624478,3.17674775400008,"Buiten Kruispunt","Normaal","Droog","buiten bebouwde kom","Dag","Gemeenteweg","Met doden","Andere weggebruiker","Fiets","Tussen 2 bestuurders: Frontale botsing","Geen hindernis"
"1044","2018","10","14",2018-10-01,2018-10-01 14:00:00,2024-01-02 14:00:00,"37015","Vlaams Gewest","Provincie West-Vlaanderen","Tielt (Tielt)",51.0112146290001,3.36143788100003,"Buiten Kruispunt","Normaal","Droog+Proper","buiten bebouwde kom","Dag","Gewestweg","Met doden","personenauto","Motorfiets","Tss. 2 best.: langs opzij (voor-/achterkant-flank)","Geen hindernis"
"1045","2018","10","10",2018-10-01,2018-10-01 10:00:00,2024-01-02 10:00:00,"36007","Vlaams Gewest","Provincie West-Vlaanderen","Ingelmunster",50.9262622540001,3.25935541600006,"Op Kruispunt","Normaal","Droog","buiten bebouwde kom","Dag","Gewestweg","dodelijk gewonden","Fiets","personenauto","Tussen 2 bestuurders: Flank tegen flank","Geen hindernis"
"1046","2018","10","23",2018-10-01,2018-10-01 23:00:00,2024-01-02 23:00:00,"34041","Vlaams Gewest","Provincie West-Vlaanderen","Wevelgem",50.814960839,3.17991521000005,"Buiten Kruispunt","Normaal","Droog","binnen bebouwde kom","Nacht, openbare verlichting aanwezig en ontstoken","Gemeenteweg","dodelijk gewonden","onbekend","onbekend","Geen vermelding van de type aanrijding","Geen vermelding van de type aanrijding"
"1047","2018","10","14",2018-10-01,2018-10-01 14:00:00,2024-01-02 14:00:00,"32003","Vlaams Gewest","Provincie West-Vlaanderen","Diksmuide",51.0375350360001,2.86548185300006,"Buiten Kruispunt","Normaal","Droog","binnen bebouwde kom","Dag","Gewestweg","Met doden","personenauto","Voetganger","Met een voetganger","Geen hindernis"
"1048","2018","10","02",2018-10-01,2018-10-01 02:00:00,2024-01-02 02:00:00,"71022","Vlaams Gewest","Provincie Limburg","Hasselt",50.932351904,5.35668346200003,"Op Kruispunt","Normaal","Droog","binnen bebouwde kom","Nacht, openbare verlichting aanwezig en ontstoken","Gewestweg","Met doden","Motorfiets","een weggebruiker tegen een hindernis","Weggebruiker tegen hindernis op de rijbaan","Op de rijbaan: Verkeersdrempel, ezelsrug"
"1049","2018","11","16",2018-11-01,2018-11-01 16:00:00,2024-01-02 16:00:00,"11002","Vlaams Gewest","Provincie Antwerpen","Antwerpen",51.2659421590001,4.40746634000004,"Buiten Kruispunt","Normaal","Droog","buiten bebouwde kom","Dag","Autosnelweg","Met doden","personenauto","een weggebruiker tegen een hindernis","Weggebruiker tegen hindernis buiten rijbaan","Buiten de rijbaan: Muur gebouw"
"1050","2018","11","03",2018-11-01,2018-11-01 03:00:00,2024-01-02 03:00:00,"11054","Vlaams Gewest","Provincie Antwerpen","Zandhoven",51.194651734,4.62691482600007,"Buiten Kruispunt","Normaal","Droog","buiten bebouwde kom","Nacht, openbare verlichting aanwezig en ontstoken","Autosnelweg","dodelijk gewonden","personenauto","een weggebruiker tegen een hindernis","Weggebruiker tegen hindernis buiten rijbaan","Buiten de rijbaan: Vangrails overschreden"
"1051","2018","11","01",2018-11-01,2018-11-01 01:00:00,2024-01-02 01:00:00,"44048","Vlaams Gewest","Provincie Oost-Vlaanderen","Nazareth",50.958114563,3.56851787900007,"Buiten Kruispunt","Normaal","Droog","buiten bebouwde kom","Nacht, openbare verlichting aanwezig en ontstoken","Autosnelweg","Met doden","Motorfiets","een weggebruiker tegen een hindernis","Weggebruiker tegen hindernis buiten rijbaan","Buiten de rijbaan: Andere paal"
"1052","2018","12","18",2018-12-01,2018-12-01 18:00:00,2024-01-02 18:00:00,"35011","Vlaams Gewest","Provincie West-Vlaanderen","Middelkerke",51.1328861810001,2.81217838300006,"Buiten Kruispunt","Normaal","Nat, plassen+Proper","buiten bebouwde kom","Nacht, geen openbare verlichting aanwezig","Autosnelweg","Met doden","onbekend","onbekend","Geen vermelding van de type aanrijding","Geen vermelding van de type aanrijding"
"1053","2018","11","04",2018-11-01,2018-11-01 04:00:00,2024-01-02 04:00:00,"34022","Vlaams Gewest","Provincie West-Vlaanderen","Kortrijk",50.7967600950001,3.24474343200006,"Buiten Kruispunt","Regenval","Nat, plassen","buiten bebouwde kom","Nacht, openbare verlichting aanwezig en ontstoken","Autosnelweg","Met doden","Bromfiets","personenauto","Tussen 2 bestuurders: Frontale botsing","Geen hindernis"
"1054","2018","11","03",2018-11-01,2018-11-01 03:00:00,2024-01-02 03:00:00,"23077","Vlaams Gewest","Provincie Vlaams-Brabant","Sint-Pieters-Leeuw",NA,NA,"Buiten Kruispunt","Normaal","Droog","buiten bebouwde kom","Nacht, openbare verlichting aanwezig en ontstoken","Autosnelweg","Met doden","Motorfiets","een weggebruiker tegen een hindernis","Weggebruiker tegen hindernis buiten rijbaan","Buiten de rijbaan: Verkeerseiland, middenberm"
"1055","2018","11","22",2018-11-01,2018-11-01 22:00:00,2024-01-02 22:00:00,"25121","Waals Gewest","Provincie Waals-Brabant","Ottignies-Louvain-la-Neuve",NA,NA,"Buiten Kruispunt","Normaal","Droog+Proper","buiten bebouwde kom","Nacht, openbare verlichting aanwezig en ontstoken","Autosnelweg","Met doden","personenauto","een weggebruiker tegen een hindernis","Weggebruiker tegen hindernis op de rijbaan","Op de rijbaan: Lading"
"1056","2018","11","06",2018-11-01,2018-11-01 06:00:00,2024-01-02 06:00:00,"92137","Waals Gewest","Provincie Namen","Sambreville",50.4852655600001,4.59583370600006,"Buiten Kruispunt","Normaal","Droog","buiten bebouwde kom","Dageraad - schemering","Autosnelweg","Met doden","personenauto","een weggebruiker tegen een hindernis","Weggebruiker tegen hindernis buiten rijbaan","Onbekend"
"1057","2018","11","23",2018-11-01,2018-11-01 23:00:00,2024-01-02 23:00:00,"52021","Waals Gewest","Provincie Henegouwen","Fleurus",50.469735648,4.53342267400006,"Buiten Kruispunt","Mist (zichtbaarheid minder dan 100m)","Droog+Proper","buiten bebouwde kom","Nacht, openbare verlichting aanwezig en ontstoken","Autosnelweg","Met doden","personenauto","een weggebruiker tegen een hindernis","Weggebruiker tegen hindernis buiten rijbaan","Buiten de rijbaan: Vangrails overschreden"
"1058","2018","12","19",2018-12-01,2018-12-01 19:00:00,2024-01-02 19:00:00,"58001","Waals Gewest","Provincie Henegouwen","La Louvière",50.4761602550001,4.13039893000007,"Op Kruispunt","Normaal","Droog+Proper","buiten bebouwde kom","Nacht, openbare verlichting aanwezig en ontstoken","Gewestweg","Met doden","personenauto","Vrachtwagen","Tss. 2 best.: langs opzij (voor-/achterkant-flank)","Geen hindernis"
"1059","2018","11","12",2018-11-01,2018-11-01 12:00:00,2024-01-02 12:00:00,"37015","Vlaams Gewest","Provincie West-Vlaanderen","Tielt (Tielt)",NA,NA,"Op Kruispunt","Normaal","Droog","buiten bebouwde kom","Dag","Gewestweg","Met doden","personenauto","Andere weggebruiker","Tss. 2 best.: langs opzij (voor-/achterkant-flank)","Geen hindernis"
"1060","2018","11","13",2018-11-01,2018-11-01 13:00:00,2024-01-02 13:00:00,"62006","Waals Gewest","Provincie Luik","Awans",50.6724748760001,5.47663146300005,"Buiten Kruispunt","Normaal","Droog","buiten bebouwde kom","Dag","Autosnelweg","dodelijk gewonden","personenauto","personenauto","Kettingbotsing (3 bestuurders of meer)","Geen hindernis"
"1061","2018","11","18",2018-11-01,2018-11-01 18:00:00,2024-01-02 18:00:00,"25031","Waals Gewest","Provincie Waals-Brabant","Genepiën",50.589976768,4.45829967600002,"Op Kruispunt","Normaal","Droog","buiten bebouwde kom","Dageraad - schemering","Gewestweg","Met doden","personenauto","personenauto","Tss. 2 best.: langs opzij (voor-/achterkant-flank)","Geen hindernis"
"1062","2018","11","10",2018-11-01,2018-11-01 10:00:00,2024-01-02 10:00:00,"62063","Waals Gewest","Provincie Luik","Luik",NA,NA,"Buiten Kruispunt","Normaal","Droog","binnen bebouwde kom","Dag","Gemeenteweg","Met doden","personenauto","een weggebruiker tegen een hindernis","Weggebruiker tegen hindernis buiten rijbaan","Buiten de rijbaan: Muur gebouw"
"1063","2018","11","10",2018-11-01,2018-11-01 10:00:00,2024-01-02 10:00:00,"62063","Waals Gewest","Provincie Luik","Luik",50.635384118,5.62838625000006,"Buiten Kruispunt","Normaal","Nat, plassen","binnen bebouwde kom","Dag","Gemeenteweg","Met doden","Motorfiets","een weggebruiker tegen een hindernis","Weggebruiker tegen hindernis buiten rijbaan","Buiten de rijbaan: Muur gebouw"
"1064","2018","11","09",2018-11-01,2018-11-01 09:00:00,2024-01-02 09:00:00,"62051","Waals Gewest","Provincie Luik","Herstal",50.6601845120001,5.62892710900007,"Buiten Kruispunt","Normaal","Droog","binnen bebouwde kom","Dag","Gewestweg","dodelijk gewonden","personenauto","Voetganger","Met een voetganger","Geen hindernis"
"1065","2018","11","13",2018-11-01,2018-11-01 13:00:00,2024-01-02 13:00:00,"64023","Waals Gewest","Provincie Luik","Donceel",50.633555287,5.32336025600006,"Buiten Kruispunt","Normaal","Proper","binnen bebouwde kom","Dag","Gemeenteweg","dodelijk gewonden","personenauto","personenauto","Tussen 2 bestuurders: Flank tegen flank","Geen hindernis"
"1066","2018","11","09",2018-11-01,2018-11-01 09:00:00,2024-01-02 09:00:00,"63067","Waals Gewest","Provincie Luik","Sankt Vith",50.279386738,6.12619554600008,"Buiten Kruispunt","Mist (zichtbaarheid minder dan 100m)","Proper","binnen bebouwde kom","Dag","Gemeenteweg","dodelijk gewonden","personenauto","Voetganger","Met een voetganger","Geen hindernis"
"1067","2018","11","21",2018-11-01,2018-11-01 21:00:00,2024-01-02 21:00:00,"63023","Waals Gewest","Provincie Luik","Eupen",50.6222791260001,6.03935619900005,"Buiten Kruispunt","Normaal","Nat, plassen","binnen bebouwde kom","Nacht, openbare verlichting aanwezig en ontstoken","Gewestweg","dodelijk gewonden","personenauto","één bestuurder, geen hindernis","Eén bestuurder, geen hindernis (incl. val)","Geen hindernis"
"1068","2018","11","15",2018-11-01,2018-11-01 15:00:00,2024-01-02 15:00:00,"61031","Waals Gewest","Provincie Luik","Hoei",50.4852493820001,5.17919523500007,"Buiten Kruispunt","Normaal","Droog","binnen bebouwde kom","Dag","Gemeenteweg","Met doden","personenauto","een weggebruiker tegen een hindernis","Weggebruiker tegen hindernis buiten rijbaan","Buiten de rijbaan: Andere paal"
"1069","2018","11","14",2018-11-01,2018-11-01 14:00:00,2024-01-02 14:00:00,"84043","Waals Gewest","Provincie Luxemburg","Neufchâteau (Neufchâteau)",49.8261522280001,5.48716428600005,"Buiten Kruispunt","Normaal","Droog+Proper","buiten bebouwde kom","Dag","Gewestweg","Met doden","personenauto","een weggebruiker tegen een hindernis","Weggebruiker tegen hindernis buiten rijbaan","Buiten de rijbaan: Boom"
"1070","2018","11","17",2018-11-01,2018-11-01 17:00:00,2024-01-02 17:00:00,"92094","Waals Gewest","Provincie Namen","Namen",50.472320521,4.82952429400007,"Buiten Kruispunt","Normaal","Droog","binnen bebouwde kom","Nacht, openbare verlichting aanwezig en ontstoken","Gewestweg","dodelijk gewonden","personenauto","Voetganger","Met een voetganger","Geen hindernis"
"1071","2018","11","18",2018-11-01,2018-11-01 18:00:00,2024-01-02 18:00:00,"92035","Waals Gewest","Provincie Namen","Eghezée",50.560865977,4.83090183500002,"Op Kruispunt","Normaal","Proper","buiten bebouwde kom","Nacht, openb. verlicht. aanw., maar niet ontstoken","Gewestweg","Met doden","onbekend","onbekend","Andere of onbekend","Geen vermelding van de aanwezigheid van een hindernis"
"1072","2018","11","17",2018-11-01,2018-11-01 17:00:00,2024-01-02 17:00:00,"91142","Waals Gewest","Provincie Namen","Hastière",NA,NA,"Buiten Kruispunt","Normaal","Proper","buiten bebouwde kom","Nacht, geen openbare verlichting aanwezig","Gewestweg","Met doden","personenauto","een weggebruiker tegen een hindernis","Weggebruiker tegen hindernis buiten rijbaan","Buiten de rijbaan: Boom"
"1073","2018","11","22",2018-11-01,2018-11-01 22:00:00,2024-01-02 22:00:00,"91030","Waals Gewest","Provincie Namen","Ciney",NA,NA,"Buiten Kruispunt","Onbekend","Onbekend","buiten bebouwde kom","Onbekend","Gemeenteweg","dodelijk gewonden","personenauto","een weggebruiker tegen een hindernis","Weggebruiker tegen hindernis buiten rijbaan","Buiten de rijbaan: Boom"
"1074","2018","11","06",2018-11-01,2018-11-01 06:00:00,2024-01-02 06:00:00,"53070","Waals Gewest","Provincie Henegouwen","Saint-Ghislain",NA,NA,"Buiten Kruispunt","Normaal","Vuil (zand, grint, bladeren,...)","buiten bebouwde kom","Dageraad - schemering","Gewestweg","dodelijk gewonden","personenauto","een weggebruiker tegen een hindernis","Weggebruiker tegen hindernis buiten rijbaan","Buiten de rijbaan: Boom"
"1075","2018","11","08",2018-11-01,2018-11-01 08:00:00,2024-01-02 08:00:00,"53039","Waals Gewest","Provincie Henegouwen","Hensies",50.4208399830001,3.75228419600006,"Buiten Kruispunt","Regenval","Nat, plassen","buiten bebouwde kom","Dageraad - schemering","Gewestweg","Met doden","personenauto","personenauto","Kettingbotsing (3 bestuurders of meer)","Geen hindernis"
"1076","2018","11","17",2018-11-01,2018-11-01 17:00:00,2024-01-02 17:00:00,"52011","Waals Gewest","Provincie Henegouwen","Charleroi",NA,NA,"Buiten Kruispunt","Regenval","Nat, plassen","buiten bebouwde kom","Nacht, openbare verlichting aanwezig en ontstoken","Gewestweg","Met doden","personenauto","personenauto","Tussen 2 bestuurders: Frontale botsing","Geen hindernis"
"1077","2018","11","06",2018-11-01,2018-11-01 06:00:00,2024-01-02 06:00:00,"52011","Waals Gewest","Provincie Henegouwen","Charleroi",NA,NA,"Op Kruispunt","Normaal","Nat, plassen","binnen bebouwde kom","Nacht, openbare verlichting aanwezig en ontstoken","Gemeenteweg","Met doden","personenauto","personenauto","Tss. 2 best.: langs opzij (voor-/achterkant-flank)","Geen hindernis"
"1078","2018","11","21",2018-11-01,2018-11-01 21:00:00,2024-01-02 21:00:00,"56005","Waals Gewest","Provincie Henegouwen","Beaumont",50.2658864520001,4.27888547700007,"Buiten Kruispunt","Normaal","Droog+Proper","buiten bebouwde kom","Nacht, openbare verlichting aanwezig en ontstoken","Gewestweg","Met doden","personenauto","een weggebruiker tegen een hindernis","Weggebruiker tegen hindernis buiten rijbaan","Buiten de rijbaan: Boom"
"1079","2018","11","10",2018-11-01,2018-11-01 10:00:00,2024-01-02 10:00:00,"21004","Brussels Hoofdstedelijk Gewest",NA,"Brussel",50.8579688570001,4.34857982400007,"Op Kruispunt","Normaal","Ijzel, sneeuw+ roper","binnen bebouwde kom","Dag","Gemeenteweg","dodelijk gewonden","Autobus","personenauto","Tss. 2 best.: langs opzij (voor-/achterkant-flank)","Geen hindernis"
"1080","2018","11","11",2018-11-01,2018-11-01 11:00:00,2024-01-02 11:00:00,"21001","Brussels Hoofdstedelijk Gewest",NA,"Anderlecht",50.8381028330001,4.28638217400004,"Buiten Kruispunt","Normaal","Proper","binnen bebouwde kom","Dag","Gewestweg","Met doden","Vrachtwagen","Voetganger","Met een voetganger","Geen hindernis"
"1081","2018","11","16",2018-11-01,2018-11-01 16:00:00,2024-01-02 16:00:00,"11013","Vlaams Gewest","Provincie Antwerpen","Edegem",51.14700843,4.44979896700005,"Buiten Kruispunt","Normaal","Droog","binnen bebouwde kom","Dageraad - schemering","Gemeenteweg","dodelijk gewonden","personenauto","een weggebruiker tegen een hindernis","Weggebruiker tegen hindernis buiten rijbaan","Buiten de rijbaan: Boom"
"1082","2018","11","01",2018-11-01,2018-11-01 01:00:00,2024-01-02 01:00:00,"13040","Vlaams Gewest","Provincie Antwerpen","Turnhout",51.3139750870001,4.95465769000003,"Buiten Kruispunt","Normaal","Droog","buiten bebouwde kom","Nacht, openbare verlichting aanwezig en ontstoken","Gewestweg","dodelijk gewonden","onbekend","onbekend","Geen vermelding van de type aanrijding","Geen vermelding van de type aanrijding"
"1083","2018","11","06",2018-11-01,2018-11-01 06:00:00,2024-01-02 06:00:00,"13011","Vlaams Gewest","Provincie Antwerpen","Herentals",51.1700230420001,4.85183189300005,"Buiten Kruispunt","Normaal","Nat, plassen","buiten bebouwde kom","Nacht, openbare verlichting aanwezig en ontstoken","Gewestweg","Met doden","personenauto","een weggebruiker tegen een hindernis","Weggebruiker tegen hindernis buiten rijbaan","Buiten de rijbaan: Boom"
"1084","2018","11","22",2018-11-01,2018-11-01 22:00:00,2024-01-02 22:00:00,"72020","Vlaams Gewest","Provincie Limburg","Lommel",51.2109161710001,5.22801004000007,"Buiten Kruispunt","Normaal","Droog","buiten bebouwde kom","Nacht, geen openbare verlichting aanwezig","Gewestweg","Met doden","Andere weggebruiker","Lichte vrachtauto","Tussen 2 bestuurders: Langs achteren","Geen hindernis"
"1085","2018","11","07",2018-11-01,2018-11-01 07:00:00,2024-01-02 07:00:00,"72043","Vlaams Gewest","Provincie Limburg","Pelt",51.2544665410001,5.46663077100004,"Buiten Kruispunt","Normaal","Droog","buiten bebouwde kom","Nacht, openbare verlichting aanwezig en ontstoken","Gemeenteweg","Met doden","Motorfiets","Lichte vrachtauto","Tussen 2 bestuurders: Frontale botsing","Geen hindernis"
"1086","2018","11","21",2018-11-01,2018-11-01 21:00:00,2024-01-02 21:00:00,"71053","Vlaams Gewest","Provincie Limburg","Sint-Truiden",50.8535404610001,5.24492393500003,"Op Kruispunt","Normaal","Droog","buiten bebouwde kom","Nacht, openbare verlichting aanwezig en ontstoken","Gewestweg","Met doden","personenauto","personenauto","Tussen 2 bestuurders: Langs achteren","Geen hindernis"
"1087","2018","11","20",2018-11-01,2018-11-01 20:00:00,2024-01-02 20:00:00,"72039","Vlaams Gewest","Provincie Limburg","Houthalen-Helchteren",51.085996913,5.37761015000007,"Buiten Kruispunt","Normaal","Droog","buiten bebouwde kom","Nacht, openbare verlichting aanwezig en ontstoken","Gewestweg","Met doden","Motorfiets","een weggebruiker tegen een hindernis","Weggebruiker tegen hindernis buiten rijbaan","Buiten de rijbaan: Verkeerseiland, middenberm"
"1088","2018","11","09",2018-11-01,2018-11-01 09:00:00,2024-01-02 09:00:00,"71016","Vlaams Gewest","Provincie Limburg","Genk",50.9216356260001,5.53443441800005,"Buiten Kruispunt","Normaal","Nat, plassen","buiten bebouwde kom","Dag","Gewestweg","Met doden","personenauto","Vrachtwagen","Tussen 2 bestuurders: Langs achteren","Geen hindernis"
"1089","2018","11","06",2018-11-01,2018-11-01 06:00:00,2024-01-02 06:00:00,"23105","Vlaams Gewest","Provincie Vlaams-Brabant","Affligem",50.9116890700001,4.12968006000006,"Buiten Kruispunt","Normaal","Droog","binnen bebouwde kom","Nacht, openbare verlichting aanwezig en ontstoken","Gewestweg","Met doden","personenauto","een weggebruiker tegen een hindernis","Weggebruiker tegen hindernis buiten rijbaan","Buiten de rijbaan: Boom"
"1090","2018","11","16",2018-11-01,2018-11-01 16:00:00,2024-01-02 16:00:00,"23025","Vlaams Gewest","Provincie Vlaams-Brabant","Grimbergen",50.9054281250001,4.35414241900003,"Buiten Kruispunt","Normaal","Proper","binnen bebouwde kom","Dageraad - schemering","Gemeenteweg","dodelijk gewonden","personenauto","Voetganger","Met een voetganger","Geen hindernis"
"1091","2018","11","18",2018-11-01,2018-11-01 18:00:00,2024-01-02 18:00:00,"43014","Vlaams Gewest","Provincie Oost-Vlaanderen","Sint-Laureins",NA,NA,"Buiten Kruispunt","Normaal","Droog","buiten bebouwde kom","Nacht, openbare verlichting aanwezig en ontstoken","Gemeenteweg","Met doden","personenauto","een weggebruiker tegen een hindernis","Weggebruiker tegen hindernis buiten rijbaan","Buiten de rijbaan: Gracht"
"1092","2018","11","10",2018-11-01,2018-11-01 10:00:00,2024-01-02 10:00:00,"43010","Vlaams Gewest","Provincie Oost-Vlaanderen","Maldegem",51.183365558,3.52842353000006,"Buiten Kruispunt","Normaal","Nat, plassen","buiten bebouwde kom","Dag","Gemeenteweg","dodelijk gewonden","personenauto","een weggebruiker tegen een hindernis","Weggebruiker tegen hindernis buiten rijbaan","Buiten de rijbaan: Vangrails niet overgestoken"
"1093","2018","11","02",2018-11-01,2018-11-01 02:00:00,2024-01-02 02:00:00,"45068","Vlaams Gewest","Provincie Oost-Vlaanderen","Kruisem",50.9003156750001,3.50634972500006,"Op Kruispunt","Regenval","Nat, plassen","buiten bebouwde kom","Nacht, openbare verlichting aanwezig en ontstoken","Gewestweg","Met doden","personenauto","een weggebruiker tegen een hindernis","Weggebruiker tegen hindernis buiten rijbaan","Buiten de rijbaan: Vangrails niet overgestoken"
"1094","2018","11","09",2018-11-01,2018-11-01 09:00:00,2024-01-02 09:00:00,"46014","Vlaams Gewest","Provincie Oost-Vlaanderen","Lokeren",51.114094869,3.98648141300004,"Op Kruispunt","Normaal","Droog","binnen bebouwde kom","Dag","Gemeenteweg","dodelijk gewonden","personenauto","Fiets","Tss. 2 best.: langs opzij (voor-/achterkant-flank)","Geen hindernis"
"1095","2018","10","08",2018-10-01,2018-10-01 08:00:00,2024-01-02 08:00:00,"35013","Vlaams Gewest","Provincie West-Vlaanderen","Oostende",51.2231507230001,2.91324726100004,"Buiten Kruispunt","Onbekend","Onbekend","onbekend","Onbekend","Gemeenteweg","dodelijk gewonden","onbekend","onbekend","Geen vermelding van de type aanrijding","Geen vermelding van de type aanrijding"
"1096","2018","11","16",2018-11-01,2018-11-01 16:00:00,2024-01-02 16:00:00,"35029","Vlaams Gewest","Provincie West-Vlaanderen","De Haan",NA,NA,"Buiten Kruispunt","Normaal","Droog+Proper","buiten bebouwde kom","Dag","Gemeenteweg","Met doden","personenauto","Vrachtwagen","Tussen 2 bestuurders: Frontale botsing","Geen hindernis"
"1097","2018","11","11",2018-11-01,2018-11-01 11:00:00,2024-01-02 11:00:00,"37007","Vlaams Gewest","Provincie West-Vlaanderen","Meulebeke",50.9458230720001,3.33374198700005,"Buiten Kruispunt","Normaal","Droog","buiten bebouwde kom","Dag","Gemeenteweg","dodelijk gewonden","personenauto","personenauto","Tussen 2 bestuurders: Frontale botsing","Geen hindernis"
"1098","2018","11","00",2018-11-01,2018-11-01 00:00:00,2024-01-02 00:00:00,"37007","Vlaams Gewest","Provincie West-Vlaanderen","Meulebeke",50.971678995,3.30599052100007,"Op Kruispunt","Mist (zichtbaarheid minder dan 100m)","Proper","buiten bebouwde kom","Nacht, openbare verlichting aanwezig en ontstoken","Gewestweg","Met doden","personenauto","personenauto","Tss. 2 best.: langs opzij (voor-/achterkant-flank)","Geen hindernis"
"1099","2018","11","17",2018-11-01,2018-11-01 17:00:00,2024-01-02 17:00:00,"34027","Vlaams Gewest","Provincie West-Vlaanderen","Menen",50.7676461040001,3.19269250200006,"Buiten Kruispunt","Normaal","Droog","buiten bebouwde kom","Dageraad - schemering","Gewestweg","Met doden","personenauto","personenauto","Tussen 2 bestuurders: Frontale botsing","Geen hindernis"