"","DT_YEAR_COLLISION","DT_MONTH_COLLISION","DT_TIME","YEAR_MONTH_DAY","YEAR_MONTH_DAY_HOUR","TIME_DT","CD_NIS","TX_RGN_COLLISION_NL","TX_PROV_COLLISION_NL","TX_MUNTY_COLLISION_NL","LAT_WGS84","LONG_WGS84","TX_CROSSWAY_NL","TX_WEATHER_NL","TX_ROAD_CONDITION_NL","TX_BUILD_UP_AREA_NL","TX_LIGHT_CONDITION_NL","CD_ROAD_TYPE_NL","TX_CLASS_ACCIDENTS_NL","TX_ROAD_USR_TYPE1_NL","TX_ROAD_USR_TYPE2_NL","TX_COLLISION_TYPE_NL","TX_OBSTACLES_NL"
"1100","2018","11","14",2018-11-01,2018-11-01 14:00:00,2024-01-02 14:00:00,"34009","Vlaams Gewest","Provincie West-Vlaanderen","Deerlijk",50.855531151,3.35208816500006,"Buiten Kruispunt","Onbekend","Onbekend","binnen bebouwde kom","Dag","Gemeenteweg","dodelijk gewonden","Fiets","een weggebruiker tegen een hindernis","Weggebruiker tegen hindernis buiten rijbaan","Onbekend"
"1101","2018","11","17",2018-11-01,2018-11-01 17:00:00,2024-01-02 17:00:00,"33011","Vlaams Gewest","Provincie West-Vlaanderen","Ieper",50.8587332760001,2.87613486900005,"Buiten Kruispunt","Regenval","Nat, plassen","binnen bebouwde kom","Nacht, openbare verlichting aanwezig en ontstoken","Gewestweg","dodelijk gewonden","personenauto","Voetganger","Met een voetganger","Geen hindernis"
"1102","2018","11","02",2018-11-01,2018-11-01 02:00:00,2024-01-02 02:00:00,"33041","Vlaams Gewest","Provincie West-Vlaanderen","Vleteren",50.933951516,2.73515148200005,"Buiten Kruispunt","Normaal","Droog","binnen bebouwde kom","Nacht, openb. verlicht. aanw., maar niet ontstoken","Gewestweg","Met doden","personenauto","een weggebruiker tegen een hindernis","Weggebruiker tegen hindernis op de rijbaan","Op de rijbaan: Verkeersdrempel, ezelsrug"
"1103","2018","11","18",2018-11-01,2018-11-01 18:00:00,2024-01-02 18:00:00,"33040","Vlaams Gewest","Provincie West-Vlaanderen","Langemark-Poelkapelle",NA,NA,"Buiten Kruispunt","Normaal","Nat, plassen","buiten bebouwde kom","Nacht, geen openbare verlichting aanwezig","Gemeenteweg","dodelijk gewonden","personenauto","personenauto","Tussen 2 bestuurders: Frontale botsing","Geen hindernis"
"1104","2018","11","09",2018-11-01,2018-11-01 09:00:00,2024-01-02 09:00:00,"71022","Vlaams Gewest","Provincie Limburg","Hasselt",50.9427406780001,5.33196437800007,"Buiten Kruispunt","Normaal","Droog","buiten bebouwde kom","Dag","Gewestweg","dodelijk gewonden","personenauto","een weggebruiker tegen een hindernis","Weggebruiker tegen hindernis buiten rijbaan","Buiten de rijbaan: Vangrails niet overgestoken"
"1105","2018","11","20",2018-11-01,2018-11-01 20:00:00,2024-01-02 20:00:00,"71037","Vlaams Gewest","Provincie Limburg","Lummen",51.015611429,5.12084973200007,"Op Kruispunt","Normaal","Droog","buiten bebouwde kom","Nacht, openbare verlichting aanwezig en ontstoken","Gewestweg","Met doden","personenauto","Voetganger","Met een voetganger","Geen hindernis"
"1106","2018","12","19",2018-12-01,2018-12-01 19:00:00,2024-01-02 19:00:00,"23050","Vlaams Gewest","Provincie Vlaams-Brabant","Meise",50.9926255660001,4.31599452700004,"Buiten Kruispunt","Normaal","Nat, plassen","buiten bebouwde kom","Nacht, openbare verlichting aanwezig en ontstoken","Autosnelweg","Met doden","personenauto","personenauto","Tss. 2 best.: langs opzij (voor-/achterkant-flank)","Geen hindernis"
"1107","2018","12","17",2018-12-01,2018-12-01 17:00:00,2024-01-02 17:00:00,"62063","Waals Gewest","Provincie Luik","Luik",50.6435043370001,5.59327277400007,"Buiten Kruispunt","Normaal","Droog","binnen bebouwde kom","Nacht, openbare verlichting aanwezig en ontstoken","Gewestweg","dodelijk gewonden","personenauto","personenauto","Tussen 2 bestuurders: Langs achteren","Geen hindernis"
"1108","2018","12","01",2018-12-01,2018-12-01 01:00:00,2024-01-02 01:00:00,"62093","Waals Gewest","Provincie Luik","Saint-Nicolas (Luik)",50.6178715610001,5.52327964100004,"Buiten Kruispunt","Onbekend","Droog","buiten bebouwde kom","Nacht, openbare verlichting aanwezig en ontstoken","Gewestweg","dodelijk gewonden","personenauto","een weggebruiker tegen een hindernis","Weggebruiker tegen hindernis buiten rijbaan","Buiten de rijbaan: Andere paal"
"1109","2018","12","08",2018-12-01,2018-12-01 08:00:00,2024-01-02 08:00:00,"63038","Waals Gewest","Provincie Luik","Jalhay",50.5061710620001,5.95605977200006,"Buiten Kruispunt","Normaal","Nat, plassen","buiten bebouwde kom","Dag","Gewestweg","Met doden","personenauto","een weggebruiker tegen een hindernis","Weggebruiker tegen hindernis buiten rijbaan","Buiten de rijbaan: Boom"
"1110","2018","12","17",2018-12-01,2018-12-01 17:00:00,2024-01-02 17:00:00,"57081","Waals Gewest","Provincie Henegouwen","Doornik",50.6449122540001,3.40268975500004,"Buiten Kruispunt","Normaal","Nat, plassen","buiten bebouwde kom","Nacht, openbare verlichting aanwezig en ontstoken","Gemeenteweg","Met doden","personenauto","Voetganger","Met een voetganger","Geen hindernis"
"1111","2018","12","05",2018-12-01,2018-12-01 05:00:00,2024-01-02 05:00:00,"11009","Vlaams Gewest","Provincie Antwerpen","Brecht",51.335873113,4.69246040200005,"Op Kruispunt","Normaal","Nat, plassen","buiten bebouwde kom","Nacht, openbare verlichting aanwezig en ontstoken","Gewestweg","dodelijk gewonden","Motorfiets","personenauto","Tussen 2 bestuurders: Frontale botsing","Geen hindernis"
"1112","2018","12","08",2018-12-01,2018-12-01 08:00:00,2024-01-02 08:00:00,"41002","Vlaams Gewest","Provincie Oost-Vlaanderen","Aalst (Aalst)",50.9349591860001,4.03824395100003,"Buiten Kruispunt","Normaal","Nat, plassen","binnen bebouwde kom","Dag","Gemeenteweg","Met doden","Lichte vrachtauto","Voetganger","Met een voetganger","Geen hindernis"
"1113","2018","12","13",2018-12-01,2018-12-01 13:00:00,2024-01-02 13:00:00,"31022","Vlaams Gewest","Provincie West-Vlaanderen","Oostkamp",51.159236756,3.24160355800006,"Buiten Kruispunt","Regenval","Nat, plassen","buiten bebouwde kom","Dag","Gewestweg","dodelijk gewonden","personenauto","een weggebruiker tegen een hindernis","Weggebruiker tegen hindernis buiten rijbaan","Buiten de rijbaan: Omheining"
"1114","2018","12","19",2018-12-01,2018-12-01 19:00:00,2024-01-02 19:00:00,"13011","Vlaams Gewest","Provincie Antwerpen","Herentals",51.1524925300001,4.84605590200005,"Buiten Kruispunt","Normaal","Droog","buiten bebouwde kom","Nacht, openb. verlicht. aanw., maar niet ontstoken","Autosnelweg","Met doden","Vrachtwagen","Voetganger","Met een voetganger","Geen hindernis"
"1115","2018","12","05",2018-12-01,2018-12-01 05:00:00,2024-01-02 05:00:00,"57081","Waals Gewest","Provincie Henegouwen","Doornik",50.6092857740001,3.30059613200007,"Buiten Kruispunt","Regenval","Nat, plassen","buiten bebouwde kom","Nacht, openbare verlichting aanwezig en ontstoken","Autosnelweg","Met doden","Andere weggebruiker","Andere weggebruiker","Kettingbotsing (3 bestuurders of meer)","Geen hindernis"
"1116","2018","12","21",2018-12-01,2018-12-01 21:00:00,2024-01-02 21:00:00,"53053","Waals Gewest","Provincie Henegouwen","Bergen",50.4378695130001,3.91375237900007,"Buiten Kruispunt","Normaal","Nat, plassen","buiten bebouwde kom","Nacht, openbare verlichting aanwezig en ontstoken","Autosnelweg","Met doden","personenauto","een weggebruiker tegen een hindernis","Weggebruiker tegen hindernis buiten rijbaan","Buiten de rijbaan: Muur gebouw"
"1117","2018","12","05",2018-12-01,2018-12-01 05:00:00,2024-01-02 05:00:00,"81001","Waals Gewest","Provincie Luxemburg","Aarlen",49.679597126,5.75947081100003,"Buiten Kruispunt","Normaal","Nat, plassen+Proper","buiten bebouwde kom","Nacht, openbare verlichting aanwezig en ontstoken","Autosnelweg","Met doden","Vrachtwagen","Lichte vrachtauto","Tussen 2 bestuurders: Langs achteren","Geen hindernis"
"1118","2018","12","22",2018-12-01,2018-12-01 22:00:00,2024-01-02 22:00:00,"82036","Waals Gewest","Provincie Luxemburg","Vaux-sur-Sûre",49.9074248430001,5.58187080200003,"Buiten Kruispunt","Normaal","Nat, plassen","buiten bebouwde kom","Nacht, openbare verlichting aanwezig en ontstoken","Autosnelweg","Met doden","personenauto","een weggebruiker tegen een hindernis","Weggebruiker tegen hindernis buiten rijbaan","Buiten de rijbaan: Vangrails overschreden"
"1119","2018","12","15",2018-12-01,2018-12-01 15:00:00,2024-01-02 15:00:00,"62096","Waals Gewest","Provincie Luik","Seraing",NA,NA,"Buiten Kruispunt","Normaal","Droog","binnen bebouwde kom","Dag","Gemeenteweg","dodelijk gewonden","personenauto","een weggebruiker tegen een hindernis","Weggebruiker tegen hindernis buiten rijbaan","Buiten de rijbaan: Omheining"
"1120","2018","12","17",2018-12-01,2018-12-01 17:00:00,2024-01-02 17:00:00,"62118","Waals Gewest","Provincie Luik","Grâce-Hollogne",50.6386992270001,5.50391590400005,"Buiten Kruispunt","Regenval","Nat, plassen","binnen bebouwde kom","Nacht, openbare verlichting aanwezig en ontstoken","Gemeenteweg","dodelijk gewonden","personenauto","Voetganger","Met een voetganger","Geen hindernis"
"1121","2018","12","15",2018-12-01,2018-12-01 15:00:00,2024-01-02 15:00:00,"61019","Waals Gewest","Provincie Luik","Ferrières",50.427205056,5.60277883000003,"Buiten Kruispunt","Normaal","Droog+Proper","buiten bebouwde kom","Dag","Gewestweg","Met doden","personenauto","een weggebruiker tegen een hindernis","Weggebruiker tegen hindernis buiten rijbaan","Buiten de rijbaan: Boom"
"1122","2018","12","02",2018-12-01,2018-12-01 02:00:00,2024-01-02 02:00:00,"85045","Waals Gewest","Provincie Luxemburg","Virton",NA,NA,"Buiten Kruispunt","Normaal","Nat, plassen","buiten bebouwde kom","Nacht, geen openbare verlichting aanwezig","Gemeenteweg","Met doden","personenauto","een weggebruiker tegen een hindernis","Weggebruiker tegen hindernis buiten rijbaan","Buiten de rijbaan: Andere paal"
"1123","2018","12","13",2018-12-01,2018-12-01 13:00:00,2024-01-02 13:00:00,"84077","Waals Gewest","Provincie Luxemburg","Libramont-Chevigny",49.912401775,5.39095708900004,"Buiten Kruispunt","Normaal","Nat, plassen","buiten bebouwde kom","Dag","Gemeenteweg","Met doden","personenauto","een weggebruiker tegen een hindernis","Weggebruiker tegen hindernis buiten rijbaan","Buiten de rijbaan: Muur gebouw"
"1124","2018","12","07",2018-12-01,2018-12-01 07:00:00,2024-01-02 07:00:00,"92035","Waals Gewest","Provincie Namen","Eghezée",50.614475714,4.91583830600007,"Op Kruispunt","Normaal","Nat, plassen+Proper","binnen bebouwde kom","Nacht, openbare verlichting aanwezig en ontstoken","Gewestweg","dodelijk gewonden","personenauto","Autobus","Tss. 2 best.: langs opzij (voor-/achterkant-flank)","Geen hindernis"
"1125","2018","12","01",2018-12-01,2018-12-01 01:00:00,2024-01-02 01:00:00,"92003","Waals Gewest","Provincie Namen","Andenne",50.46743503,4.98975782000002,"Buiten Kruispunt","Normaal","Nat, plassen","binnen bebouwde kom","Nacht, openbare verlichting aanwezig en ontstoken","Gewestweg","Met doden","personenauto","een weggebruiker tegen een hindernis","Weggebruiker tegen hindernis buiten rijbaan","Andere hindernis"
"1126","2018","12","18",2018-12-01,2018-12-01 18:00:00,2024-01-02 18:00:00,"93010","Waals Gewest","Provincie Namen","Cerfontaine",50.232044398,4.42090757200003,"Buiten Kruispunt","Regenval","Nat, plassen","buiten bebouwde kom","Nacht, geen openbare verlichting aanwezig","Gewestweg","Met doden","personenauto","personenauto","Tussen 2 bestuurders: Frontale botsing","Geen hindernis"
"1127","2018","12","17",2018-12-01,2018-12-01 17:00:00,2024-01-02 17:00:00,"57096","Waals Gewest","Provincie Henegouwen","Moeskroen",50.762295491,3.21967349800002,"Buiten Kruispunt","Regenval+Sterke wind, rukwind","Nat, plassen","binnen bebouwde kom","Nacht, openbare verlichting aanwezig en ontstoken","Gemeenteweg","Met doden","personenauto","Voetganger","Met een voetganger","Geen hindernis"
"1128","2018","12","06",2018-12-01,2018-12-01 06:00:00,2024-01-02 06:00:00,"53084","Waals Gewest","Provincie Henegouwen","Quévy",50.392395795,3.96509716200006,"Op Kruispunt","Normaal","Nat, plassen+Proper","buiten bebouwde kom","Nacht, openbare verlichting aanwezig en ontstoken","Gewestweg","Met doden","personenauto","een weggebruiker tegen een hindernis","Weggebruiker tegen hindernis buiten rijbaan","Buiten de rijbaan: Verlichtingspaal"
"1129","2018","12","18",2018-12-01,2018-12-01 18:00:00,2024-01-02 18:00:00,"51067","Waals Gewest","Provincie Henegouwen","Edingen",NA,NA,"Buiten Kruispunt","Onbekend","Onbekend","buiten bebouwde kom","Nacht, geen openbare verlichting aanwezig","Gemeenteweg","dodelijk gewonden","onbekend","onbekend","Andere of onbekend","Geen vermelding van de aanwezigheid van een hindernis"
"1130","2018","12","08",2018-12-01,2018-12-01 08:00:00,2024-01-02 08:00:00,"53014","Waals Gewest","Provincie Henegouwen","Boussu",50.4140171160001,3.78376169100005,"Buiten Kruispunt","Onbekend","Droog","binnen bebouwde kom","Nacht, openbare verlichting aanwezig en ontstoken","Gewestweg","Met doden","personenauto","Voetganger","Met een voetganger","Geen hindernis"
"1131","2018","12","00",2018-12-01,2018-12-01 00:00:00,2024-01-02 00:00:00,"55040","Waals Gewest","Provincie Henegouwen","Zinnik",50.549459584,4.08864336700003,"Buiten Kruispunt","Sterke wind, rukwind","Nat, plassen+Proper","buiten bebouwde kom","Nacht, openbare verlichting aanwezig en ontstoken","Gewestweg","Met doden","Lichte vrachtauto","een weggebruiker tegen een hindernis","Weggebruiker tegen hindernis buiten rijbaan","Andere hindernis"
"1132","2018","12","18",2018-12-01,2018-12-01 18:00:00,2024-01-02 18:00:00,"56022","Waals Gewest","Provincie Henegouwen","Erquelinnes",NA,NA,"Buiten Kruispunt","Normaal","Droog","buiten bebouwde kom","Nacht, openbare verlichting aanwezig en ontstoken","Gewestweg","Met doden","Vrachtwagen","personenauto","Tussen 2 bestuurders: Langs achteren","Geen hindernis"
"1133","2018","12","08",2018-12-01,2018-12-01 08:00:00,2024-01-02 08:00:00,"58003","Waals Gewest","Provincie Henegouwen","Estinnes",50.4245441040001,4.11445244300006,"Buiten Kruispunt","Regenval","Nat, plassen","buiten bebouwde kom","Dageraad - schemering","Gewestweg","Met doden","personenauto","Motorfiets","Tss. 2 best.: langs opzij (voor-/achterkant-flank)","Geen hindernis"
"1134","2018","12","09",2018-12-01,2018-12-01 09:00:00,2024-01-02 09:00:00,"21009","Brussels Hoofdstedelijk Gewest",NA,"Elsene",50.819756575,4.39389324300004,"Buiten Kruispunt","Regenval","Nat, plassen","binnen bebouwde kom","Dag","Gewestweg","Met doden","personenauto","personenauto","Tussen 2 bestuurders: Langs achteren","Geen hindernis"
"1135","2018","12","18",2018-12-01,2018-12-01 18:00:00,2024-01-02 18:00:00,"21015","Brussels Hoofdstedelijk Gewest",NA,"Schaarbeek",50.8700878560001,4.37713384800003,"Buiten Kruispunt","Regenval","Nat, plassen+Proper","binnen bebouwde kom","Nacht, openbare verlichting aanwezig en ontstoken","Gemeenteweg","Met doden","personenauto","Voetganger","Met een voetganger","Geen hindernis"
"1136","2018","12","17",2018-12-01,2018-12-01 17:00:00,2024-01-02 17:00:00,"21015","Brussels Hoofdstedelijk Gewest",NA,"Schaarbeek",50.8485765610001,4.40477842900003,"Buiten Kruispunt","Normaal","Nat, plassen","binnen bebouwde kom","Dageraad - schemering","Gemeenteweg","Met doden","Voetganger","Autobus","Met een voetganger","Geen hindernis"
"1137","2018","12","00",2018-12-01,2018-12-01 00:00:00,2024-01-02 00:00:00,"11002","Vlaams Gewest","Provincie Antwerpen","Antwerpen",51.2117089970001,4.47905041300004,"Op Kruispunt","Normaal","Nat, plassen","binnen bebouwde kom","Nacht, openbare verlichting aanwezig en ontstoken","Gemeenteweg","Met doden","personenauto","een weggebruiker tegen een hindernis","Weggebruiker tegen hindernis buiten rijbaan","Buiten de rijbaan: Omheining"
"1138","2018","12","14",2018-12-01,2018-12-01 14:00:00,2024-01-02 14:00:00,"11023","Vlaams Gewest","Provincie Antwerpen","Kapellen (Antwerpen)",51.310995861,4.41912425700002,"Op Kruispunt","Normaal","Droog","binnen bebouwde kom","Dag","Gemeenteweg","dodelijk gewonden","Lichte vrachtauto","Voetganger","Met een voetganger","Geen hindernis"
"1139","2018","12","07",2018-12-01,2018-12-01 07:00:00,2024-01-02 07:00:00,"11052","Vlaams Gewest","Provincie Antwerpen","Wommelgem",51.2112050790001,4.50335739400003,"Buiten Kruispunt","Normaal","Nat, plassen","binnen bebouwde kom","Nacht, openbare verlichting aanwezig en ontstoken","Gemeenteweg","dodelijk gewonden","personenauto","Vrachtwagen","Tussen 2 bestuurders: Frontale botsing","Geen hindernis"
"1140","2018","12","17",2018-12-01,2018-12-01 17:00:00,2024-01-02 17:00:00,"72020","Vlaams Gewest","Provincie Limburg","Lommel",51.216000471,5.34529192500003,"Buiten Kruispunt","Regenval","Nat, plassen","buiten bebouwde kom","Nacht, openb. verlicht. aanw., maar niet ontstoken","Gewestweg","Met doden","personenauto","personenauto","Tss. 2 best.: langs opzij (voor-/achterkant-flank)","Geen hindernis"
"1141","2018","12","16",2018-12-01,2018-12-01 16:00:00,2024-01-02 16:00:00,"72037","Vlaams Gewest","Provincie Limburg","Hamont-Achel",51.230384955,5.55640677800005,"Buiten Kruispunt","Normaal","Droog","buiten bebouwde kom","Dag","Gewestweg","Met doden","personenauto","een weggebruiker tegen een hindernis","Weggebruiker tegen hindernis buiten rijbaan","Buiten de rijbaan: Boom"
"1142","2018","12","15",2018-12-01,2018-12-01 15:00:00,2024-01-02 15:00:00,"71053","Vlaams Gewest","Provincie Limburg","Sint-Truiden",NA,NA,"Buiten Kruispunt","Normaal","Droog+Proper","buiten bebouwde kom","Dag","Gemeenteweg","Met doden","Motorfiets","personenauto","Tussen 2 bestuurders: Frontale botsing","Geen hindernis"
"1143","2018","12","11",2018-12-01,2018-12-01 11:00:00,2024-01-02 11:00:00,"71053","Vlaams Gewest","Provincie Limburg","Sint-Truiden",50.8144226900001,5.16743308500003,"Buiten Kruispunt","Normaal","Droog","binnen bebouwde kom","Dag","Gewestweg","dodelijk gewonden","personenauto","een weggebruiker tegen een hindernis","Weggebruiker tegen hindernis buiten rijbaan","Andere hindernis"
"1144","2018","12","10",2018-12-01,2018-12-01 10:00:00,2024-01-02 10:00:00,"23064","Vlaams Gewest","Provincie Vlaams-Brabant","Pepingen",50.756373818,4.16987754500002,"Op Kruispunt","Normaal","Droog","buiten bebouwde kom","Dag","Gewestweg","Met doden","personenauto","een weggebruiker tegen een hindernis","Weggebruiker tegen hindernis buiten rijbaan","Buiten de rijbaan: Andere paal"
"1145","2018","12","16",2018-12-01,2018-12-01 16:00:00,2024-01-02 16:00:00,"23039","Vlaams Gewest","Provincie Vlaams-Brabant","Kapelle-op-den-Bos",51.01036659,4.35414859400004,"Op Kruispunt","Regenval","Nat, plassen","binnen bebouwde kom","Dag","Gemeenteweg","Met doden","Autobus","Fiets","Tss. 2 best.: langs opzij (voor-/achterkant-flank)","Geen hindernis"
"1146","2018","12","17",2018-12-01,2018-12-01 17:00:00,2024-01-02 17:00:00,"44083","Vlaams Gewest","Provincie Oost-Vlaanderen","Deinze",50.980608085,3.54275142700004,"Buiten Kruispunt","Normaal","Nat, plassen","buiten bebouwde kom","Nacht, openbare verlichting aanwezig en ontstoken","Gewestweg","Met doden","Voetganger","personenauto","Met een voetganger","Geen hindernis"
"1147","2018","12","21",2018-12-01,2018-12-01 21:00:00,2024-01-02 21:00:00,"41018","Vlaams Gewest","Provincie Oost-Vlaanderen","Geraardsbergen",50.792212642,3.87284102600006,"Buiten Kruispunt","Regenval","Nat, plassen","buiten bebouwde kom","Nacht, openbare verlichting aanwezig en ontstoken","Gewestweg","dodelijk gewonden","personenauto","personenauto","Tussen 2 bestuurders: Frontale botsing","Geen hindernis"
"1148","2018","12","16",2018-12-01,2018-12-01 16:00:00,2024-01-02 16:00:00,"37015","Vlaams Gewest","Provincie West-Vlaanderen","Tielt (Tielt)",NA,NA,"Buiten Kruispunt","Normaal","Droog","buiten bebouwde kom","Dag","Gewestweg","Met doden","Lichte vrachtauto","Vrachtwagen","Tussen 2 bestuurders: Flank tegen flank","Geen hindernis"
"1149","2018","12","11",2018-12-01,2018-12-01 11:00:00,2024-01-02 11:00:00,"34023","Vlaams Gewest","Provincie West-Vlaanderen","Kuurne",50.8654647930001,3.27485763000004,"Op Kruispunt","Normaal","Droog","binnen bebouwde kom","Dag","Gemeenteweg","dodelijk gewonden","personenauto","Fiets","Tss. 2 best.: langs opzij (voor-/achterkant-flank)","Geen hindernis"
"1150","2018","12","08",2018-12-01,2018-12-01 08:00:00,2024-01-02 08:00:00,"73042","Vlaams Gewest","Provincie Limburg","Lanaken",50.898573888,5.63993194400007,"Op Kruispunt","Normaal","Droog","buiten bebouwde kom","Nacht, openbare verlichting aanwezig en ontstoken","Gewestweg","dodelijk gewonden","personenauto","personenauto","Tss. 2 best.: langs opzij (voor-/achterkant-flank)","Geen hindernis"
"1151","2018","12","23",2018-12-01,2018-12-01 23:00:00,2024-01-02 23:00:00,"52074","Waals Gewest","Provincie Henegouwen","Aiseau-Presles",NA,NA,"Buiten Kruispunt","Regenval","Nat, plassen","binnen bebouwde kom","Nacht, openbare verlichting aanwezig en ontstoken","Gemeenteweg","Met doden","personenauto","personenauto","Tss. 2 best.: langs opzij (voor-/achterkant-flank)","Geen hindernis"
"1152","2019","01","10",2019-01-01,2019-01-01 10:00:00,2024-01-02 10:00:00,"11035","Vlaams Gewest","Provincie Antwerpen","Ranst",51.2070521890001,4.61020488900004,"Buiten Kruispunt","Normaal","Nat, plassen","buiten bebouwde kom","Dag","Autosnelweg","Met doden","Lichte vrachtauto","Vrachtwagen","Tussen 2 bestuurders: Langs achteren","Geen hindernis"
"1153","2019","01","19",2019-01-01,2019-01-01 19:00:00,2024-01-02 19:00:00,"11044","Vlaams Gewest","Provincie Antwerpen","Stabroek",51.3218816520001,4.35064557300007,"Buiten Kruispunt","Normaal","Droog","buiten bebouwde kom","Dageraad - schemering","Autosnelweg","Met doden","personenauto","Lichte vrachtauto","Kettingbotsing (3 bestuurders of meer)","Geen hindernis"
"1154","2019","01","01",2019-01-01,2019-01-01 01:00:00,2024-01-02 01:00:00,"71016","Vlaams Gewest","Provincie Limburg","Genk",50.9890627350001,5.51147680200006,"Buiten Kruispunt","Normaal","Droog","buiten bebouwde kom","Nacht, openb. verlicht. aanw., maar niet ontstoken","Autosnelweg","dodelijk gewonden","personenauto","personenauto","Tussen 2 bestuurders: Langs achteren","Geen hindernis"
"1155","2019","01","22",2019-01-01,2019-01-01 22:00:00,2024-01-02 22:00:00,"46013","Vlaams Gewest","Provincie Oost-Vlaanderen","Kruibeke",NA,NA,"Buiten Kruispunt","Regenval","Nat, plassen","buiten bebouwde kom","Nacht, openbare verlichting aanwezig en ontstoken","Autosnelweg","dodelijk gewonden","personenauto","Vrachtwagen","Tussen 2 bestuurders: Langs achteren","Geen hindernis"
"1156","2019","01","07",2019-01-01,2019-01-01 07:00:00,2024-01-02 07:00:00,"24059","Vlaams Gewest","Provincie Vlaams-Brabant","Landen",50.7155640870001,5.06320196300004,"Buiten Kruispunt","Normaal","Droog","buiten bebouwde kom","Nacht, openbare verlichting aanwezig en ontstoken","Autosnelweg","Met doden","personenauto","personenauto","Tussen 2 bestuurders: Langs achteren","Geen hindernis"
"1157","2019","01","21",2019-01-01,2019-01-01 21:00:00,2024-01-02 21:00:00,"24094","Vlaams Gewest","Provincie Vlaams-Brabant","Rotselaar",50.944619007,4.76854563800003,"Buiten Kruispunt","Normaal","Droog","buiten bebouwde kom","Nacht, openbare verlichting aanwezig en ontstoken","Autosnelweg","Met doden","personenauto","Lichte vrachtauto","Tussen 2 bestuurders: Langs achteren","Geen hindernis"
"1158","2019","01","18",2019-01-01,2019-01-01 18:00:00,2024-01-02 18:00:00,"55035","Waals Gewest","Provincie Henegouwen","Le Roeulx",50.4866427910001,4.08406531500003,"Buiten Kruispunt","Normaal","Droog","buiten bebouwde kom","Nacht, openbare verlichting aanwezig en ontstoken","Autosnelweg","Met doden","Voetganger","personenauto","Met een voetganger","Geen hindernis"
"1159","2019","01","06",2019-01-01,2019-01-01 06:00:00,2024-01-02 06:00:00,"52011","Waals Gewest","Provincie Henegouwen","Charleroi",50.4360180570001,4.49883969200005,"Buiten Kruispunt","Normaal","Onbekend","buiten bebouwde kom","Nacht, openbare verlichting aanwezig en ontstoken","Autosnelweg","dodelijk gewonden","personenauto","een weggebruiker tegen een hindernis","Weggebruiker tegen hindernis buiten rijbaan","Buiten de rijbaan: Vangrails overschreden"
"1160","2019","01","17",2019-01-01,2019-01-01 17:00:00,2024-01-02 17:00:00,"52055","Waals Gewest","Provincie Henegouwen","Pont-à-Celles",50.5531501020001,4.36486581300005,"Buiten Kruispunt","Normaal","Proper","buiten bebouwde kom","Dageraad - schemering","Autosnelweg","Met doden","personenauto","Vrachtwagen","Tussen 2 bestuurders: Langs achteren","Geen hindernis"
"1161","2019","01","19",2019-01-01,2019-01-01 19:00:00,2024-01-02 19:00:00,"52011","Waals Gewest","Provincie Henegouwen","Charleroi",50.463955705,4.41653992100004,"Buiten Kruispunt","Sneeuwval","Ijzel, sneeuw","buiten bebouwde kom","Nacht, openb. verlicht. aanw., maar niet ontstoken","Autosnelweg","Met doden","Voetganger","personenauto","Met een voetganger","Geen hindernis"
"1162","2019","01","19",2019-01-01,2019-01-01 19:00:00,2024-01-02 19:00:00,"62108","Waals Gewest","Provincie Luik","Wezet",50.6741398670001,5.67934430600007,"Buiten Kruispunt","Normaal","Nat, plassen","buiten bebouwde kom","Nacht, openbare verlichting aanwezig en ontstoken","Autosnelweg","Met doden","Lichte vrachtauto","personenauto","Tussen 2 bestuurders: Langs achteren","Geen hindernis"
"1163","2019","01","19",2019-01-01,2019-01-01 19:00:00,2024-01-02 19:00:00,"62108","Waals Gewest","Provincie Luik","Wezet",50.7329036670001,5.69365534500002,"Buiten Kruispunt","Regenval","Nat, plassen","buiten bebouwde kom","Nacht, openbare verlichting aanwezig en ontstoken","Autosnelweg","Met doden","Vrachtwagen","Voetganger","Met een voetganger","Geen hindernis"
"1164","2019","01","04",2019-01-01,2019-01-01 04:00:00,2024-01-02 04:00:00,"82005","Waals Gewest","Provincie Luxemburg","Bertogne",50.015917775,5.63560647700007,"Buiten Kruispunt","Sneeuwval","Nat, plassen","buiten bebouwde kom","Nacht, openbare verlichting aanwezig en ontstoken","Gewestweg","Met doden","personenauto","een weggebruiker tegen een hindernis","Weggebruiker tegen hindernis buiten rijbaan","Buiten de rijbaan: Verlichtingspaal"
"1165","2019","01","01",2019-01-01,2019-01-01 01:00:00,2024-01-02 01:00:00,"62063","Waals Gewest","Provincie Luik","Luik",50.630664955,5.57075961200007,"Op Kruispunt","Normaal","Droog","binnen bebouwde kom","Nacht, openbare verlichting aanwezig en ontstoken","Gewestweg","Met doden","personenauto","Voetganger","Met een voetganger","Geen hindernis"