"","DT_YEAR_COLLISION","DT_MONTH_COLLISION","DT_TIME","YEAR_MONTH_DAY","YEAR_MONTH_DAY_HOUR","TIME_DT","CD_NIS","TX_RGN_COLLISION_NL","TX_PROV_COLLISION_NL","TX_MUNTY_COLLISION_NL","LAT_WGS84","LONG_WGS84","TX_CROSSWAY_NL","TX_WEATHER_NL","TX_ROAD_CONDITION_NL","TX_BUILD_UP_AREA_NL","TX_LIGHT_CONDITION_NL","CD_ROAD_TYPE_NL","TX_CLASS_ACCIDENTS_NL","TX_ROAD_USR_TYPE1_NL","TX_ROAD_USR_TYPE2_NL","TX_COLLISION_TYPE_NL","TX_OBSTACLES_NL"
"1166","2019","01","03",2019-01-01,2019-01-01 03:00:00,2024-01-02 03:00:00,"62063","Waals Gewest","Provincie Luik","Luik",50.6374189890001,5.56855464300003,"Buiten Kruispunt","Regenval","Nat, plassen","binnen bebouwde kom","Nacht, openbare verlichting aanwezig en ontstoken","Gewestweg","dodelijk gewonden","personenauto","een weggebruiker tegen een hindernis","Weggebruiker tegen hindernis op de rijbaan","Op de rijbaan: Container"
"1167","2019","01","04",2019-01-01,2019-01-01 04:00:00,2024-01-02 04:00:00,"62032","Waals Gewest","Provincie Luik","Esneux",50.518393916,5.56263216900004,"Buiten Kruispunt","Normaal","Ijzel, sneeuw","buiten bebouwde kom","Nacht, openbare verlichting aanwezig en ontstoken","Gewestweg","Met doden","personenauto","een weggebruiker tegen een hindernis","Weggebruiker tegen hindernis buiten rijbaan","Buiten de rijbaan: Verlichtingspaal"
"1168","2019","01","12",2019-01-01,2019-01-01 12:00:00,2024-01-02 12:00:00,"63035","Waals Gewest","Provincie Luik","Herve",50.636993241,5.76516883600004,"Buiten Kruispunt","Normaal","Proper","buiten bebouwde kom","Dag","Gewestweg","Met doden","personenauto","Vrachtwagen","Tss. 2 best.: langs opzij (voor-/achterkant-flank)","Geen hindernis"
"1169","2019","01","03",2019-01-01,2019-01-01 03:00:00,2024-01-02 03:00:00,"61031","Waals Gewest","Provincie Luik","Hoei",50.5209533890001,5.26002589200004,"Buiten Kruispunt","Normaal","Proper","binnen bebouwde kom","Nacht, openbare verlichting aanwezig en ontstoken","Gemeenteweg","Met doden","personenauto","een weggebruiker tegen een hindernis","Weggebruiker tegen hindernis buiten rijbaan","Buiten de rijbaan: Muur gebouw"
"1170","2019","01","09",2019-01-01,2019-01-01 09:00:00,2024-01-02 09:00:00,"61012","Waals Gewest","Provincie Luik","Clavier",50.4026746120001,5.34344502700003,"Buiten Kruispunt","Normaal","Ijzel, sneeuw","buiten bebouwde kom","Dag","Gewestweg","Met doden","personenauto","Andere weggebruiker","Tussen 2 bestuurders: Langs achteren","Geen hindernis"
"1171","2019","01","17",2019-01-01,2019-01-01 17:00:00,2024-01-02 17:00:00,"84043","Waals Gewest","Provincie Luxemburg","Neufchâteau (Neufchâteau)",NA,NA,"Buiten Kruispunt","Regenval","Nat, plassen","buiten bebouwde kom","Nacht, geen openbare verlichting aanwezig","Gewestweg","Met doden","personenauto","personenauto","Tussen 2 bestuurders: Frontale botsing","Geen hindernis"
"1172","2019","01","13",2019-01-01,2019-01-01 13:00:00,2024-01-02 13:00:00,"84059","Waals Gewest","Provincie Luxemburg","Saint-Hubert",50.0227652680001,5.38199110600004,"Buiten Kruispunt","Regenval","Nat, plassen","buiten bebouwde kom","Dag","Gewestweg","Met doden","personenauto","een weggebruiker tegen een hindernis","Weggebruiker tegen hindernis buiten rijbaan","Buiten de rijbaan: Muur gebouw"
"1173","2019","01","18",2019-01-01,2019-01-01 18:00:00,2024-01-02 18:00:00,"92094","Waals Gewest","Provincie Namen","Namen",NA,NA,"Buiten Kruispunt","Regenval","Nat, plassen","binnen bebouwde kom","Nacht, openbare verlichting aanwezig en ontstoken","Gemeenteweg","Met doden","personenauto","één bestuurder, geen hindernis","Eén bestuurder, geen hindernis (incl. val)","Geen hindernis"
"1174","2019","01","21",2019-01-01,2019-01-01 21:00:00,2024-01-02 21:00:00,"91013","Waals Gewest","Provincie Namen","Beauraing",50.1236584110001,4.98827992400004,"Buiten Kruispunt","Normaal","Droog","buiten bebouwde kom","Dag","Gemeenteweg","Met doden","Motorfiets","één bestuurder, geen hindernis","Eén bestuurder, geen hindernis (incl. val)","Geen hindernis"
"1175","2019","01","13",2019-01-01,2019-01-01 13:00:00,2024-01-02 13:00:00,"57096","Waals Gewest","Provincie Henegouwen","Moeskroen",50.729745656,3.32346149000006,"Op Kruispunt","Regenval","Nat, plassen","binnen bebouwde kom","Dag","Gewestweg","dodelijk gewonden","Fiets","personenauto","Tss. 2 best.: langs opzij (voor-/achterkant-flank)","Geen hindernis"
"1176","2019","01","14",2019-01-01,2019-01-01 14:00:00,2024-01-02 14:00:00,"57096","Waals Gewest","Provincie Henegouwen","Moeskroen",50.722730111,3.24866068600005,"Buiten Kruispunt","Normaal","Nat, plassen","binnen bebouwde kom","Dag","Gemeenteweg","Met doden","personenauto","een weggebruiker tegen een hindernis","Weggebruiker tegen hindernis buiten rijbaan","Buiten de rijbaan: Verlichtingspaal"
"1177","2019","01","14",2019-01-01,2019-01-01 14:00:00,2024-01-02 14:00:00,"51004","Waals Gewest","Provincie Henegouwen","Aat",50.5726990860001,3.70558623500005,"Buiten Kruispunt","Regenval","Nat, plassen","buiten bebouwde kom","Dag","Gewestweg","Met doden","personenauto","een weggebruiker tegen een hindernis","Weggebruiker tegen hindernis buiten rijbaan","Buiten de rijbaan: Boom"
"1178","2019","01","11",2019-01-01,2019-01-01 11:00:00,2024-01-02 11:00:00,"55035","Waals Gewest","Provincie Henegouwen","Le Roeulx",NA,NA,"Buiten Kruispunt","Regenval+Sterke wind, rukwind","Nat, plassen","buiten bebouwde kom","Dag","Gewestweg","Met doden","Vrachtwagen","personenauto","Tussen 2 bestuurders: Frontale botsing","Geen hindernis"
"1179","2019","01","21",2019-01-01,2019-01-01 21:00:00,2024-01-02 21:00:00,"56049","Waals Gewest","Provincie Henegouwen","Merbes-le-Château",50.318536769,4.19468806400005,"Buiten Kruispunt","Normaal","Ijzel, sneeuw","buiten bebouwde kom","Nacht, openbare verlichting aanwezig en ontstoken","Gemeenteweg","Met doden","personenauto","een weggebruiker tegen een hindernis","Weggebruiker tegen hindernis buiten rijbaan","Buiten de rijbaan: Andere paal"
"1180","2019","01","07",2019-01-01,2019-01-01 07:00:00,2024-01-02 07:00:00,"21013","Brussels Hoofdstedelijk Gewest",NA,"Sint-Gillis",50.833000892,4.33459180100004,"Buiten Kruispunt","Onbekend","Nat, plassen","binnen bebouwde kom","Nacht, openbare verlichting aanwezig en ontstoken","Gewestweg","Met doden","onbekend","onbekend","Andere of onbekend","Geen vermelding van de aanwezigheid van een hindernis"
"1181","2019","01","00",2019-01-01,2019-01-01 00:00:00,2024-01-02 00:00:00,"11002","Vlaams Gewest","Provincie Antwerpen","Antwerpen",NA,NA,"Buiten Kruispunt","Regenval","Nat, plassen","binnen bebouwde kom","Nacht, openbare verlichting aanwezig en ontstoken","Gewestweg","Met doden","personenauto","een weggebruiker tegen een hindernis","Weggebruiker tegen hindernis buiten rijbaan","Buiten de rijbaan: Andere paal"
"1182","2019","01","14",2019-01-01,2019-01-01 14:00:00,2024-01-02 14:00:00,"11016","Vlaams Gewest","Provincie Antwerpen","Essen",51.4280572010001,4.45502046500008,"Buiten Kruispunt","Normaal","Onbekend","binnen bebouwde kom","Dag","Gemeenteweg","Met doden","personenauto","een weggebruiker tegen een hindernis","Weggebruiker tegen hindernis buiten rijbaan","Buiten de rijbaan: Boom"
"1183","2019","01","18",2019-01-01,2019-01-01 18:00:00,2024-01-02 18:00:00,"12014","Vlaams Gewest","Provincie Antwerpen","Heist-op-den-Berg",51.08457994,4.72906931500006,"Buiten Kruispunt","Regenval","Nat, plassen","binnen bebouwde kom","Nacht, openbare verlichting aanwezig en ontstoken","Gemeenteweg","Met doden","personenauto","Voetganger","Met een voetganger","Geen hindernis"
"1184","2019","01","15",2019-01-01,2019-01-01 15:00:00,2024-01-02 15:00:00,"13017","Vlaams Gewest","Provincie Antwerpen","Kasterlee",51.2253576260001,4.92331061000004,"Buiten Kruispunt","Normaal","Nat, plassen","binnen bebouwde kom","Dag","Gewestweg","Met doden","personenauto","Voetganger","Met een voetganger","Geen hindernis"
"1185","2019","01","17",2019-01-01,2019-01-01 17:00:00,2024-01-02 17:00:00,"13025","Vlaams Gewest","Provincie Antwerpen","Mol",51.1996130910001,5.14403801700007,"Op Kruispunt","Regenval","Nat, plassen","buiten bebouwde kom","Nacht, geen openbare verlichting aanwezig","Gewestweg","Met doden","Vrachtwagen","personenauto","Tussen 2 bestuurders: Langs achteren","Geen hindernis"
"1186","2019","01","13",2019-01-01,2019-01-01 13:00:00,2024-01-02 13:00:00,"71053","Vlaams Gewest","Provincie Limburg","Sint-Truiden",50.8186423000001,5.20714702600003,"Op Kruispunt","Normaal","Droog","buiten bebouwde kom","Dag","Gemeenteweg","Met doden","Vrachtwagen","Fiets","Tussen 2 bestuurders: Frontale botsing","Geen hindernis"
"1187","2019","01","07",2019-01-01,2019-01-01 07:00:00,2024-01-02 07:00:00,"23098","Vlaams Gewest","Provincie Vlaams-Brabant","Drogenbos",50.7925633720001,4.30725926100007,"Op Kruispunt","Normaal","Droog+Proper","binnen bebouwde kom","Nacht, openbare verlichting aanwezig en ontstoken","Gewestweg","Met doden","personenauto","een weggebruiker tegen een hindernis","Weggebruiker tegen hindernis buiten rijbaan","Buiten de rijbaan: Andere paal"
"1188","2019","01","20",2019-01-01,2019-01-01 20:00:00,2024-01-02 20:00:00,"45068","Vlaams Gewest","Provincie Oost-Vlaanderen","Kruisem",50.900635831,3.50693315500007,"Buiten Kruispunt","Normaal","Droog","buiten bebouwde kom","Nacht, openbare verlichting aanwezig en ontstoken","Gewestweg","Met doden","Motorfiets","een weggebruiker tegen een hindernis","Weggebruiker tegen hindernis buiten rijbaan","Andere hindernis"
"1189","2019","01","19",2019-01-01,2019-01-01 19:00:00,2024-01-02 19:00:00,"42004","Vlaams Gewest","Provincie Oost-Vlaanderen","Buggenhout",51.0212962520001,4.21393465100005,"Buiten Kruispunt","Normaal","Droog","binnen bebouwde kom","Dag","Gemeenteweg","Met doden","personenauto","een weggebruiker tegen een hindernis","Weggebruiker tegen hindernis buiten rijbaan","Buiten de rijbaan: Boom"
"1190","2019","01","12",2019-01-01,2019-01-01 12:00:00,2024-01-02 12:00:00,"35013","Vlaams Gewest","Provincie West-Vlaanderen","Oostende",51.2275547400001,2.92380287400005,"Buiten Kruispunt","Normaal","Droog","binnen bebouwde kom","Dag","Gewestweg","Met doden","Andere weggebruiker","Voetganger","Met een voetganger","Geen hindernis"
"1191","2019","01","08",2019-01-01,2019-01-01 08:00:00,2024-01-02 08:00:00,"33039","Vlaams Gewest","Provincie West-Vlaanderen","Heuvelland",50.820915923,2.73261451400003,"Buiten Kruispunt","Normaal","Nat, plassen","buiten bebouwde kom","Nacht, openbare verlichting aanwezig en ontstoken","Gewestweg","Met doden","Andere weggebruiker","personenauto","Tussen 2 bestuurders: Frontale botsing","Geen hindernis"
"1192","2019","01","21",2019-01-01,2019-01-01 21:00:00,2024-01-02 21:00:00,"33037","Vlaams Gewest","Provincie West-Vlaanderen","Zonnebeke",50.8611995210001,2.95585686700002,"Buiten Kruispunt","Normaal","Droog","buiten bebouwde kom","Nacht, openbare verlichting aanwezig en ontstoken","Gemeenteweg","Met doden","personenauto","Voetganger","Met een voetganger","Geen hindernis"
"1193","2019","03","16",2019-03-01,2019-03-01 16:00:00,2024-01-02 16:00:00,"11002","Vlaams Gewest","Provincie Antwerpen","Antwerpen",51.2662006910001,4.43668571500007,"Buiten Kruispunt","Normaal","Nat, plassen","buiten bebouwde kom","Dag","Autosnelweg","dodelijk gewonden","personenauto","een weggebruiker tegen een hindernis","Weggebruiker tegen hindernis buiten rijbaan","Buiten de rijbaan: Verkeerseiland, middenberm"
"1194","2019","02","01",2019-02-01,2019-02-01 01:00:00,2024-01-02 01:00:00,"44040","Vlaams Gewest","Provincie Oost-Vlaanderen","Melle",50.980095954,3.82239744300006,"Buiten Kruispunt","Normaal","Droog","onbekend","Nacht, openbare verlichting aanwezig en ontstoken","Autosnelweg","Met doden","Lichte vrachtauto","Vrachtwagen","Tss. 2 best.: langs opzij (voor-/achterkant-flank)","Geen hindernis"
"1195","2019","02","21",2019-02-01,2019-02-01 21:00:00,2024-01-02 21:00:00,"44021","Vlaams Gewest","Provincie Oost-Vlaanderen","Gent",51.0106560020001,3.72967197400004,"Buiten Kruispunt","Regenval","Nat, plassen","buiten bebouwde kom","Nacht, openbare verlichting aanwezig en ontstoken","Autosnelweg","dodelijk gewonden","personenauto","een weggebruiker tegen een hindernis","Weggebruiker tegen hindernis buiten rijbaan","Buiten de rijbaan: Verkeerseiland, middenberm"
"1196","2019","02","04",2019-02-01,2019-02-01 04:00:00,2024-01-02 04:00:00,"42023","Vlaams Gewest","Provincie Oost-Vlaanderen","Waasmunster",51.113729538,4.06034591600007,"Buiten Kruispunt","Normaal","Droog","buiten bebouwde kom","Nacht, openb. verlicht. aanw., maar niet ontstoken","Autosnelweg","Met doden","personenauto","Vrachtwagen","Tussen 2 bestuurders: Langs achteren","Geen hindernis"
"1197","2019","02","08",2019-02-01,2019-02-01 08:00:00,2024-01-02 08:00:00,"46024","Vlaams Gewest","Provincie Oost-Vlaanderen","Stekene",51.2193464280001,4.02189206500003,"Buiten Kruispunt","Normaal","Droog","buiten bebouwde kom","Dag","Autosnelweg","dodelijk gewonden","Vrachtwagen","Vrachtwagen","Tussen 2 bestuurders: Langs achteren","Geen hindernis"
"1198","2019","02","12",2019-02-01,2019-02-01 12:00:00,2024-01-02 12:00:00,"31033","Vlaams Gewest","Provincie West-Vlaanderen","Torhout",51.0675909450001,3.15475945600002,"Buiten Kruispunt","Normaal","Droog","buiten bebouwde kom","Dag","Autosnelweg","Met doden","Motorfiets","personenauto","Tussen 2 bestuurders: Langs achteren","Geen hindernis"
"1199","2019","02","02",2019-02-01,2019-02-01 02:00:00,2024-01-02 02:00:00,"33029","Vlaams Gewest","Provincie West-Vlaanderen","Wervik",50.816158973,3.10708931200003,"Buiten Kruispunt","Normaal","Droog","buiten bebouwde kom","Nacht, geen openbare verlichting aanwezig","Autosnelweg","Met doden","Fiets","personenauto","Tussen 2 bestuurders: Frontale botsing","Geen hindernis"
"1200","2019","02","16",2019-02-01,2019-02-01 16:00:00,2024-01-02 16:00:00,"23094","Vlaams Gewest","Provincie Vlaams-Brabant","Zaventem",50.8680094100001,4.46976476400005,"Buiten Kruispunt","Onbekend","Onbekend","onbekend","Dag","Autosnelweg","Met doden","onbekend","onbekend","Geen vermelding van de type aanrijding","Geen vermelding van de type aanrijding"
"1201","2019","02","15",2019-02-01,2019-02-01 15:00:00,2024-01-02 15:00:00,"23094","Vlaams Gewest","Provincie Vlaams-Brabant","Zaventem",50.8680094100001,4.46976476400005,"Buiten Kruispunt","Normaal","Droog","buiten bebouwde kom","Dag","Autosnelweg","Met doden","Vrachtwagen","Lichte vrachtauto","Kettingbotsing (3 bestuurders of meer)","Geen hindernis"
"1202","2019","02","11",2019-02-01,2019-02-01 11:00:00,2024-01-02 11:00:00,"25031","Waals Gewest","Provincie Waals-Brabant","Genepiën",50.619895736,4.43114034100006,"Buiten Kruispunt","Normaal","Droog+Proper","buiten bebouwde kom","Dag","Gewestweg","Met doden","personenauto","Andere weggebruiker","Tussen 2 bestuurders: Langs achteren","Geen hindernis"
"1203","2019","03","08",2019-03-01,2019-03-01 08:00:00,2024-01-02 08:00:00,"25014","Waals Gewest","Provincie Waals-Brabant","Eigenbrakel",50.650399301,4.30902696600003,"Buiten Kruispunt","Normaal","Nat, plassen","buiten bebouwde kom","Dag","Autosnelweg","Met doden","Vrachtwagen","Voetganger","Met een voetganger","Geen hindernis"
"1204","2019","03","13",2019-03-01,2019-03-01 13:00:00,2024-01-02 13:00:00,"57018","Waals Gewest","Provincie Henegouwen","Celles (Doornik)",50.657827674,3.51889576800005,"Buiten Kruispunt","Normaal","Droog","buiten bebouwde kom","Dag","Autosnelweg","Met doden","personenauto","een weggebruiker tegen een hindernis","Weggebruiker tegen hindernis buiten rijbaan","Buiten de rijbaan: Boom"
"1205","2019","02","15",2019-02-01,2019-02-01 15:00:00,2024-01-02 15:00:00,"62063","Waals Gewest","Provincie Luik","Luik",NA,NA,"Buiten Kruispunt","Normaal","Droog","binnen bebouwde kom","Dag","Gemeenteweg","Met doden","Fiets","Vrachtwagen","Tss. 2 best.: langs opzij (voor-/achterkant-flank)","Geen hindernis"
"1206","2019","02","14",2019-02-01,2019-02-01 14:00:00,2024-01-02 14:00:00,"63067","Waals Gewest","Provincie Luik","Sankt Vith",50.306973827,6.03258912100006,"Buiten Kruispunt","Normaal","Droog","buiten bebouwde kom","Dag","Gewestweg","dodelijk gewonden","Motorfiets","een weggebruiker tegen een hindernis","Weggebruiker tegen hindernis buiten rijbaan","Buiten de rijbaan: Boom"
"1207","2019","02","22",2019-02-01,2019-02-01 22:00:00,2024-01-02 22:00:00,"81013","Waals Gewest","Provincie Luxemburg","Martelange",49.821102909,5.74339681400005,"Op Kruispunt","Normaal","Droog","buiten bebouwde kom","Nacht, openbare verlichting aanwezig en ontstoken","Gewestweg","Met doden","Vrachtwagen","personenauto","Tss. 2 best.: langs opzij (voor-/achterkant-flank)","Geen hindernis"
"1208","2019","02","16",2019-02-01,2019-02-01 16:00:00,2024-01-02 16:00:00,"84010","Waals Gewest","Provincie Luxemburg","Bouillon",49.767446508,5.08749125000003,"Buiten Kruispunt","Normaal","Droog","buiten bebouwde kom","Dag","Gewestweg","Met doden","Motorfiets","Vrachtwagen","Tss. 2 best.: langs opzij (voor-/achterkant-flank)","Geen hindernis"
"1209","2019","02","11",2019-02-01,2019-02-01 11:00:00,2024-01-02 11:00:00,"84035","Waals Gewest","Provincie Luxemburg","Libin",49.9751296810001,5.26910678300004,"Buiten Kruispunt","Normaal","Nat, plassen","buiten bebouwde kom","Dag","Gewestweg","Met doden","personenauto","een weggebruiker tegen een hindernis","Weggebruiker tegen hindernis buiten rijbaan","Buiten de rijbaan: Boom"
"1210","2019","02","06",2019-02-01,2019-02-01 06:00:00,2024-01-02 06:00:00,"92094","Waals Gewest","Provincie Namen","Namen",NA,NA,"Buiten Kruispunt","Onbekend","Nat, plassen","binnen bebouwde kom","Nacht, geen openbare verlichting aanwezig","Gemeenteweg","Met doden","personenauto","één bestuurder, geen hindernis","Eén bestuurder, geen hindernis (incl. val)","Geen hindernis"
"1211","2019","02","20",2019-02-01,2019-02-01 20:00:00,2024-01-02 20:00:00,"92142","Waals Gewest","Provincie Namen","Gembloux",50.542747219,4.65115202800007,"Op Kruispunt","Normaal","Droog+Proper","buiten bebouwde kom","Nacht, openbare verlichting aanwezig en ontstoken","Gewestweg","Met doden","personenauto","Motorfiets","Tss. 2 best.: langs opzij (voor-/achterkant-flank)","Geen hindernis"
"1212","2019","02","07",2019-02-01,2019-02-01 07:00:00,2024-01-02 07:00:00,"92138","Waals Gewest","Provincie Namen","Fernelmont",50.5247336050001,5.00246468100005,"Buiten Kruispunt","Normaal","Droog","binnen bebouwde kom","Nacht, openbare verlichting aanwezig en ontstoken","Gewestweg","dodelijk gewonden","personenauto","Voetganger","Met een voetganger","Geen hindernis"
"1213","2019","02","19",2019-02-01,2019-02-01 19:00:00,2024-01-02 19:00:00,"53053","Waals Gewest","Provincie Henegouwen","Bergen",50.440933484,3.92764644200003,"Buiten Kruispunt","Normaal","Droog","binnen bebouwde kom","Nacht, openbare verlichting aanwezig en ontstoken","Gewestweg","Met doden","personenauto","Voetganger","Met een voetganger","Geen hindernis"
"1214","2019","02","12",2019-02-01,2019-02-01 12:00:00,2024-01-02 12:00:00,"53065","Waals Gewest","Provincie Henegouwen","Quaregnon",50.4537275490001,3.86983208000004,"Buiten Kruispunt","Normaal","Proper","buiten bebouwde kom","Dag","Gewestweg","Met doden","personenauto","Motorfiets","Tussen 2 bestuurders: Langs achteren","Geen hindernis"
"1215","2019","02","16",2019-02-01,2019-02-01 16:00:00,2024-01-02 16:00:00,"53070","Waals Gewest","Provincie Henegouwen","Saint-Ghislain",50.4641755480001,3.81034271700003,"Op Kruispunt","Normaal","Proper","binnen bebouwde kom","Dag","Gewestweg","Met doden","Fiets","Vrachtwagen","Tussen 2 bestuurders: Flank tegen flank","Geen hindernis"
"1216","2019","02","05",2019-02-01,2019-02-01 05:00:00,2024-01-02 05:00:00,"52011","Waals Gewest","Provincie Henegouwen","Charleroi",NA,NA,"Op Kruispunt","Normaal","Proper","binnen bebouwde kom","Nacht, openbare verlichting aanwezig en ontstoken","Gemeenteweg","Met doden","personenauto","Fiets","Tss. 2 best.: langs opzij (voor-/achterkant-flank)","Geen hindernis"
"1217","2019","02","14",2019-02-01,2019-02-01 14:00:00,2024-01-02 14:00:00,"56005","Waals Gewest","Provincie Henegouwen","Beaumont",50.225935157,4.22843717500007,"Buiten Kruispunt","Normaal","Nat, plassen","buiten bebouwde kom","Dag","Gewestweg","Met doden","Vrachtwagen","personenauto","Tss. 2 best.: langs opzij (voor-/achterkant-flank)","Geen hindernis"
"1218","2019","02","06",2019-02-01,2019-02-01 06:00:00,2024-01-02 06:00:00,"52022","Waals Gewest","Provincie Henegouwen","Fontaine-l’Evêque",50.437335137,4.31488449800003,"Op Kruispunt","Mist (zichtbaarheid minder dan 100m)","Proper","binnen bebouwde kom","Nacht, openbare verlichting aanwezig en ontstoken","Gemeenteweg","Met doden","personenauto","een weggebruiker tegen een hindernis","Weggebruiker tegen hindernis buiten rijbaan","Buiten de rijbaan: Muur gebouw"
"1219","2019","02","18",2019-02-01,2019-02-01 18:00:00,2024-01-02 18:00:00,"21009","Brussels Hoofdstedelijk Gewest",NA,"Elsene",50.8277310240001,4.37143455000006,"Op Kruispunt","Normaal","Proper","binnen bebouwde kom","Dag","Gemeenteweg","Met doden","Autobus","Voetganger","Met een voetganger","Geen hindernis"
"1220","2019","02","17",2019-02-01,2019-02-01 17:00:00,2024-01-02 17:00:00,"11002","Vlaams Gewest","Provincie Antwerpen","Antwerpen",51.2096486500001,4.40418064100004,"Buiten Kruispunt","Regenval","Nat, plassen","binnen bebouwde kom","Nacht, openbare verlichting aanwezig en ontstoken","Gewestweg","dodelijk gewonden","personenauto","Voetganger","Met een voetganger","Geen hindernis"
"1221","2019","02","09",2019-02-01,2019-02-01 09:00:00,2024-01-02 09:00:00,"11009","Vlaams Gewest","Provincie Antwerpen","Brecht",51.3384556820001,4.67648303100003,"Op Kruispunt","Normaal","Droog","buiten bebouwde kom","Dag","Gewestweg","dodelijk gewonden","Vrachtwagen","personenauto","Tss. 2 best.: langs opzij (voor-/achterkant-flank)","Geen hindernis"
"1222","2019","02","14",2019-02-01,2019-02-01 14:00:00,2024-01-02 14:00:00,"13017","Vlaams Gewest","Provincie Antwerpen","Kasterlee",51.2171066010001,4.93948047900005,"Op Kruispunt","Normaal","Droog","buiten bebouwde kom","Dag","Gemeenteweg","dodelijk gewonden","onbekend","onbekend","Geen vermelding van de type aanrijding","Geen vermelding van de type aanrijding"
"1223","2019","02","13",2019-02-01,2019-02-01 13:00:00,2024-01-02 13:00:00,"13049","Vlaams Gewest","Provincie Antwerpen","Westerlo",51.087242916,4.84998427800002,"Op Kruispunt","Onbekend","Droog","buiten bebouwde kom","Dag","Gemeenteweg","dodelijk gewonden","Motorfiets","Fiets","Tss. 2 best.: langs opzij (voor-/achterkant-flank)","Geen hindernis"
"1224","2019","02","15",2019-02-01,2019-02-01 15:00:00,2024-01-02 15:00:00,"72020","Vlaams Gewest","Provincie Limburg","Lommel",51.24356741,5.38086062400004,"Buiten Kruispunt","Normaal","Droog","buiten bebouwde kom","Dag","Gewestweg","Met doden","Motorfiets","personenauto","Tss. 2 best.: langs opzij (voor-/achterkant-flank)","Geen hindernis"
"1225","2019","02","16",2019-02-01,2019-02-01 16:00:00,2024-01-02 16:00:00,"71053","Vlaams Gewest","Provincie Limburg","Sint-Truiden",50.8275578860001,5.20037603600002,"Buiten Kruispunt","Normaal","Droog","buiten bebouwde kom","Dag","Gewestweg","dodelijk gewonden","Fiets","personenauto","Tss. 2 best.: langs opzij (voor-/achterkant-flank)","Geen hindernis"
"1226","2019","02","10",2019-02-01,2019-02-01 10:00:00,2024-01-02 10:00:00,"72038","Vlaams Gewest","Provincie Limburg","Hechtel-Eksel",51.1571749600001,5.40336172100007,"Buiten Kruispunt","Normaal","Droog","buiten bebouwde kom","Dag","Gewestweg","Met doden","Motorfiets","personenauto","Tss. 2 best.: langs opzij (voor-/achterkant-flank)","Geen hindernis"
"1227","2019","02","23",2019-02-01,2019-02-01 23:00:00,2024-01-02 23:00:00,"73083","Vlaams Gewest","Provincie Limburg","Tongeren",50.768286555,5.52388912400005,"Buiten Kruispunt","Normaal","Droog","binnen bebouwde kom","Nacht, openbare verlichting aanwezig en ontstoken","Gemeenteweg","dodelijk gewonden","personenauto","een weggebruiker tegen een hindernis","Weggebruiker tegen hindernis buiten rijbaan","Buiten de rijbaan: Omheining"
"1228","2019","02","15",2019-02-01,2019-02-01 15:00:00,2024-01-02 15:00:00,"71016","Vlaams Gewest","Provincie Limburg","Genk",50.9555659640001,5.52278567600007,"Buiten Kruispunt","Normaal","Droog","buiten bebouwde kom","Dag","Gewestweg","Met doden","Lichte vrachtauto","Voetganger","Met een voetganger","Geen hindernis"
"1229","2019","02","10",2019-02-01,2019-02-01 10:00:00,2024-01-02 10:00:00,"24008","Vlaams Gewest","Provincie Vlaams-Brabant","Bekkevoort",50.9527266480001,5.01706918100007,"Buiten Kruispunt","Normaal","Droog","binnen bebouwde kom","Dag","Gemeenteweg","Met doden","personenauto","Fiets","Tss. 2 best.: langs opzij (voor-/achterkant-flank)","Geen hindernis"
"1230","2019","02","22",2019-02-01,2019-02-01 22:00:00,2024-01-02 22:00:00,"24038","Vlaams Gewest","Provincie Vlaams-Brabant","Herent",50.889803396,4.65337749400004,"Buiten Kruispunt","Normaal","Nat, plassen","buiten bebouwde kom","Nacht, openbare verlichting aanwezig en ontstoken","Gewestweg","dodelijk gewonden","personenauto","personenauto","Tussen 2 bestuurders: Frontale botsing","Geen hindernis"
"1231","2019","02","01",2019-02-01,2019-02-01 01:00:00,2024-01-02 01:00:00,"23101","Vlaams Gewest","Provincie Vlaams-Brabant","Sint-Genesius-Rode",50.7517770910001,4.39152909100005,"Op Kruispunt","Normaal","Droog","buiten bebouwde kom","Nacht, openbare verlichting aanwezig en ontstoken","Gewestweg","dodelijk gewonden","Bromfiets","personenauto","Tussen 2 bestuurders: Frontale botsing","Geen hindernis"
"1232","2019","02","09",2019-02-01,2019-02-01 09:00:00,2024-01-02 09:00:00,"23045","Vlaams Gewest","Provincie Vlaams-Brabant","Londerzeel",51.0131188280001,4.24918951900003,"Buiten Kruispunt","Normaal","Droog","binnen bebouwde kom","Dag","Gemeenteweg","Met doden","personenauto","een weggebruiker tegen een hindernis","Weggebruiker tegen hindernis buiten rijbaan","Buiten de rijbaan: Omheining"
"1233","2019","02","00",2019-02-01,2019-02-01 00:00:00,2024-01-02 00:00:00,"44021","Vlaams Gewest","Provincie Oost-Vlaanderen","Gent",51.0342446330001,3.71601765800005,"Buiten Kruispunt","Normaal","Droog","binnen bebouwde kom","Nacht, openbare verlichting aanwezig en ontstoken","Gewestweg","dodelijk gewonden","Fiets","een weggebruiker tegen een hindernis","Weggebruiker tegen hindernis buiten rijbaan","Onbekend"