"","DT_YEAR_COLLISION","DT_MONTH_COLLISION","DT_TIME","YEAR_MONTH_DAY","YEAR_MONTH_DAY_HOUR","TIME_DT","CD_NIS","TX_RGN_COLLISION_NL","TX_PROV_COLLISION_NL","TX_MUNTY_COLLISION_NL","LAT_WGS84","LONG_WGS84","TX_CROSSWAY_NL","TX_WEATHER_NL","TX_ROAD_CONDITION_NL","TX_BUILD_UP_AREA_NL","TX_LIGHT_CONDITION_NL","CD_ROAD_TYPE_NL","TX_CLASS_ACCIDENTS_NL","TX_ROAD_USR_TYPE1_NL","TX_ROAD_USR_TYPE2_NL","TX_COLLISION_TYPE_NL","TX_OBSTACLES_NL"
"1234","2019","02","00",2019-02-01,2019-02-01 00:00:00,2024-01-02 00:00:00,"43005","Vlaams Gewest","Provincie Oost-Vlaanderen","Eeklo",51.1838359980001,3.56730785700006,"Buiten Kruispunt","Normaal","Droog","binnen bebouwde kom","Nacht, openbare verlichting aanwezig en ontstoken","Gewestweg","Met doden","personenauto","Voetganger","Met een voetganger","Geen hindernis"
"1235","2019","02","18",2019-02-01,2019-02-01 18:00:00,2024-01-02 18:00:00,"44013","Vlaams Gewest","Provincie Oost-Vlaanderen","Destelbergen",51.0362186340001,3.80913911300007,"Buiten Kruispunt","Normaal","Droog","binnen bebouwde kom","Nacht, openbare verlichting aanwezig en ontstoken","Gemeenteweg","Met doden","Fiets","één bestuurder, geen hindernis","Eén bestuurder, geen hindernis (incl. val)","Geen hindernis"
"1236","2019","02","08",2019-02-01,2019-02-01 08:00:00,2024-01-02 08:00:00,"31006","Vlaams Gewest","Provincie West-Vlaanderen","Damme",51.2459126460001,3.39789906800007,"Buiten Kruispunt","Andere (dikke rook,...)","Ijzel, sneeuw","buiten bebouwde kom","Dageraad - schemering","Autosnelweg","Met doden","personenauto","een weggebruiker tegen een hindernis","Weggebruiker tegen hindernis buiten rijbaan","Buiten de rijbaan: Vangrails overschreden"
"1237","2019","02","06",2019-02-01,2019-02-01 06:00:00,2024-01-02 06:00:00,"37015","Vlaams Gewest","Provincie West-Vlaanderen","Tielt (Tielt)",50.9891581700001,3.31507018800005,"Buiten Kruispunt","Normaal","Droog","binnen bebouwde kom","Nacht, openbare verlichting aanwezig en ontstoken","Gewestweg","dodelijk gewonden","Bromfiets","personenauto","Tss. 2 best.: langs opzij (voor-/achterkant-flank)","Geen hindernis"
"1238","2019","02","15",2019-02-01,2019-02-01 15:00:00,2024-01-02 15:00:00,"37017","Vlaams Gewest","Provincie West-Vlaanderen","Wielsbeke",50.887127236,3.32656490300008,"Buiten Kruispunt","Normaal","Vuil (zand, grint, bladeren,...)","buiten bebouwde kom","Dag","Gemeenteweg","dodelijk gewonden","Fiets","één bestuurder, geen hindernis","Eén bestuurder, geen hindernis (incl. val)","Geen hindernis"
"1239","2019","02","09",2019-02-01,2019-02-01 09:00:00,2024-01-02 09:00:00,"34009","Vlaams Gewest","Provincie West-Vlaanderen","Deerlijk",50.854669217,3.36039951000004,"Buiten Kruispunt","Normaal","Droog","binnen bebouwde kom","Dag","Gemeenteweg","dodelijk gewonden","personenauto","Andere weggebruiker","Tss. 2 best.: langs opzij (voor-/achterkant-flank)","Geen hindernis"
"1240","2019","02","15",2019-02-01,2019-02-01 15:00:00,2024-01-02 15:00:00,"32011","Vlaams Gewest","Provincie West-Vlaanderen","Kortemark",50.996980926,2.98043090700003,"Buiten Kruispunt","Normaal","Droog","buiten bebouwde kom","Dag","Gewestweg","Met doden","personenauto","Vrachtwagen","Tussen 2 bestuurders: Langs achteren","Geen hindernis"
"1241","2019","02","16",2019-02-01,2019-02-01 16:00:00,2024-01-02 16:00:00,"23027","Vlaams Gewest","Provincie Vlaams-Brabant","Halle (Halle-Vilvoorde)",50.7266540520001,4.24513102900005,"Buiten Kruispunt","Normaal","Droog","binnen bebouwde kom","Dag","Gewestweg","Met doden","personenauto","Lichte vrachtauto","Tss. 2 best.: langs opzij (voor-/achterkant-flank)","Geen hindernis"
"1242","2019","02","18",2019-02-01,2019-02-01 18:00:00,2024-01-02 18:00:00,"12025","Vlaams Gewest","Provincie Antwerpen","Mechelen",NA,NA,"Buiten Kruispunt","Normaal","Vuil (zand, grint, bladeren,...)","binnen bebouwde kom","Nacht, geen openbare verlichting aanwezig","Gemeenteweg","Met doden","personenauto","één bestuurder, geen hindernis","Eén bestuurder, geen hindernis (incl. val)","Geen hindernis"
"1243","2019","04","14",2019-04-01,2019-04-01 14:00:00,2024-01-02 14:00:00,"11035","Vlaams Gewest","Provincie Antwerpen","Ranst",51.2045559170001,4.56445643900003,"Buiten Kruispunt","Normaal","Droog","buiten bebouwde kom","Dag","Autosnelweg","Met doden","personenauto","een weggebruiker tegen een hindernis","Weggebruiker tegen hindernis buiten rijbaan","Buiten de rijbaan: Andere paal"
"1244","2019","03","05",2019-03-01,2019-03-01 05:00:00,2024-01-02 05:00:00,"11001","Vlaams Gewest","Provincie Antwerpen","Aartselaar",51.1372798200001,4.37782620100006,"Op Kruispunt","Normaal","Nat, plassen","buiten bebouwde kom","Nacht, openbare verlichting aanwezig en ontstoken","Gemeenteweg","Met doden","Voetganger","personenauto","Met een voetganger","Geen hindernis"
"1245","2019","05","15",2019-05-01,2019-05-01 15:00:00,2024-01-02 15:00:00,"11002","Vlaams Gewest","Provincie Antwerpen","Antwerpen",51.1863265640001,4.41539829800007,"Buiten Kruispunt","Normaal","Droog","buiten bebouwde kom","Dag","Autosnelweg","Met doden","personenauto","een weggebruiker tegen een hindernis","Weggebruiker tegen hindernis buiten rijbaan","Buiten de rijbaan: Muur gebouw"
"1246","2019","04","13",2019-04-01,2019-04-01 13:00:00,2024-01-02 13:00:00,"46003","Vlaams Gewest","Provincie Oost-Vlaanderen","Beveren (Sint-Niklaas)",51.283320872,4.28704134800006,"Buiten Kruispunt","Normaal","Nat, plassen","buiten bebouwde kom","Dag","Autosnelweg","dodelijk gewonden","Motorfiets","één bestuurder, geen hindernis","Eén bestuurder, geen hindernis (incl. val)","Geen hindernis"
"1247","2019","04","11",2019-04-01,2019-04-01 11:00:00,2024-01-02 11:00:00,"13053","Vlaams Gewest","Provincie Antwerpen","Laakdal",51.1099555580001,5.01187246900002,"Buiten Kruispunt","Normaal","Droog","buiten bebouwde kom","Dag","Autosnelweg","Met doden","Vrachtwagen","Vrachtwagen","Kettingbotsing (3 bestuurders of meer)","Geen hindernis"
"1248","2019","04","03",2019-04-01,2019-04-01 03:00:00,2024-01-02 03:00:00,"71004","Vlaams Gewest","Provincie Limburg","Beringen",51.0459621860001,5.17981451600002,"Buiten Kruispunt","Normaal","Droog","buiten bebouwde kom","Nacht, openbare verlichting aanwezig en ontstoken","Autosnelweg","dodelijk gewonden","personenauto","een weggebruiker tegen een hindernis","Weggebruiker tegen hindernis buiten rijbaan","Buiten de rijbaan: Vangrails niet overgestoken"
"1249","2019","05","01",2019-05-01,2019-05-01 01:00:00,2024-01-02 01:00:00,"73107","Vlaams Gewest","Provincie Limburg","Maasmechelen",50.962443701,5.61928599200007,"Buiten Kruispunt","Normaal","Droog","buiten bebouwde kom","Nacht, geen openbare verlichting aanwezig","Autosnelweg","dodelijk gewonden","personenauto","een weggebruiker tegen een hindernis","Weggebruiker tegen hindernis buiten rijbaan","Buiten de rijbaan: Vangrails niet overgestoken"
"1250","2019","05","20",2019-05-01,2019-05-01 20:00:00,2024-01-02 20:00:00,"42023","Vlaams Gewest","Provincie Oost-Vlaanderen","Waasmunster",51.1257264540001,4.07709911800004,"Buiten Kruispunt","Normaal","Droog","buiten bebouwde kom","Dag","Autosnelweg","dodelijk gewonden","personenauto","personenauto","Kettingbotsing (3 bestuurders of meer)","Geen hindernis"
"1251","2019","05","14",2019-05-01,2019-05-01 14:00:00,2024-01-02 14:00:00,"34041","Vlaams Gewest","Provincie West-Vlaanderen","Wevelgem",50.8451915370001,3.17467918000006,"Buiten Kruispunt","Normaal","Droog","buiten bebouwde kom","Dag","Autosnelweg","Met doden","personenauto","Voetganger","Met een voetganger","Geen hindernis"
"1252","2019","05","23",2019-05-01,2019-05-01 23:00:00,2024-01-02 23:00:00,"23025","Vlaams Gewest","Provincie Vlaams-Brabant","Grimbergen",50.916926699,4.35226271300007,"Buiten Kruispunt","Normaal","Droog","buiten bebouwde kom","Nacht, openbare verlichting aanwezig en ontstoken","Autosnelweg","Met doden","Voetganger","personenauto","Met een voetganger","Geen hindernis"
"1253","2019","03","18",2019-03-01,2019-03-01 18:00:00,2024-01-02 18:00:00,"23045","Vlaams Gewest","Provincie Vlaams-Brabant","Londerzeel",51.0141926270001,4.31675189100002,"Buiten Kruispunt","Normaal","Droog","buiten bebouwde kom","Nacht, geen openbare verlichting aanwezig","Autosnelweg","Met doden","personenauto","een weggebruiker tegen een hindernis","Weggebruiker tegen hindernis buiten rijbaan","Buiten de rijbaan: Boom"
"1254","2019","06","02",2019-06-01,2019-06-01 02:00:00,2024-01-02 02:00:00,"21004","Brussels Hoofdstedelijk Gewest",NA,"Brussel",50.8959121460001,4.35212687400002,"Buiten Kruispunt","Normaal","Droog","buiten bebouwde kom","Nacht, openbare verlichting aanwezig en ontstoken","Autosnelweg","Met doden","personenauto","een weggebruiker tegen een hindernis","Weggebruiker tegen hindernis buiten rijbaan","Buiten de rijbaan: Verlichtingspaal"
"1255","2019","06","04",2019-06-01,2019-06-01 04:00:00,2024-01-02 04:00:00,"25110","Waals Gewest","Provincie Waals-Brabant","Waterloo",50.720756409,4.41410847900005,"Buiten Kruispunt","Normaal","Droog","buiten bebouwde kom","Nacht, openbare verlichting aanwezig en ontstoken","Autosnelweg","Met doden","personenauto","Vrachtwagen","Tussen 2 bestuurders: Langs achteren","Geen hindernis"
"1256","2019","05","09",2019-05-01,2019-05-01 09:00:00,2024-01-02 09:00:00,"52015","Waals Gewest","Provincie Henegouwen","Courcelles",50.479237835,4.31207678200008,"Buiten Kruispunt","Normaal","Droog","buiten bebouwde kom","Dag","Autosnelweg","Met doden","Vrachtwagen","Vrachtwagen","Kettingbotsing (3 bestuurders of meer)","Geen hindernis"
"1257","2019","05","08",2019-05-01,2019-05-01 08:00:00,2024-01-02 08:00:00,"52021","Waals Gewest","Provincie Henegouwen","Fleurus",50.4695782360001,4.53204343100003,"Buiten Kruispunt","Normaal","Proper","buiten bebouwde kom","Dag","Autosnelweg","Met doden","personenauto","een weggebruiker tegen een hindernis","Weggebruiker tegen hindernis buiten rijbaan","Buiten de rijbaan: Vangrails overschreden"
"1258","2019","05","15",2019-05-01,2019-05-01 15:00:00,2024-01-02 15:00:00,"56001","Waals Gewest","Provincie Henegouwen","Anderlues",50.40582827,4.29029716300005,"Buiten Kruispunt","Normaal","Proper","buiten bebouwde kom","Dag","Gewestweg","Met doden","personenauto","Autobus","Tussen 2 bestuurders: Langs achteren","Geen hindernis"
"1259","2019","03","10",2019-03-01,2019-03-01 10:00:00,2024-01-02 10:00:00,"52012","Waals Gewest","Provincie Henegouwen","Châtelet",50.42541419,4.51942159600003,"Buiten Kruispunt","Normaal","Nat, plassen","buiten bebouwde kom","Dag","Gewestweg","Met doden","Andere weggebruiker","personenauto","Tussen 2 bestuurders: Langs achteren","Geen hindernis"
"1260","2019","05","04",2019-05-01,2019-05-01 04:00:00,2024-01-02 04:00:00,"52011","Waals Gewest","Provincie Henegouwen","Charleroi",50.384854073,4.48060072400006,"Buiten Kruispunt","Regenval","Proper","buiten bebouwde kom","Nacht, openbare verlichting aanwezig en ontstoken","Autosnelweg","Met doden","personenauto","een weggebruiker tegen een hindernis","Weggebruiker tegen hindernis buiten rijbaan","Buiten de rijbaan: Muur gebouw"
"1261","2019","04","07",2019-04-01,2019-04-01 07:00:00,2024-01-02 07:00:00,"57096","Waals Gewest","Provincie Henegouwen","Moeskroen",50.7345812360001,3.29194062200003,"Buiten Kruispunt","Normaal","Droog+Proper","buiten bebouwde kom","Dag","Autosnelweg","Met doden","personenauto","een weggebruiker tegen een hindernis","Weggebruiker tegen hindernis buiten rijbaan","Buiten de rijbaan: Vangrails overschreden"
"1262","2019","04","16",2019-04-01,2019-04-01 16:00:00,2024-01-02 16:00:00,"92140","Waals Gewest","Provincie Namen","Jemeppe-sur-Sambre",50.4592401730001,4.66280349300007,"Op Kruispunt","Normaal","Droog","buiten bebouwde kom","Dag","Gewestweg","Met doden","Motorfiets","personenauto","Tss. 2 best.: langs opzij (voor-/achterkant-flank)","Geen hindernis"
"1263","2019","05","10",2019-05-01,2019-05-01 10:00:00,2024-01-02 10:00:00,"62003","Waals Gewest","Provincie Luik","Ans",50.660494031,5.49916221800004,"Buiten Kruispunt","Regenval","Nat, plassen","buiten bebouwde kom","Dag","Autosnelweg","Met doden","Vrachtwagen","Lichte vrachtauto","Kettingbotsing (3 bestuurders of meer)","Geen hindernis"
"1264","2019","03","01",2019-03-01,2019-03-01 01:00:00,2024-01-02 01:00:00,"62099","Waals Gewest","Provincie Luik","Soumagne",50.657614977,5.70520176900004,"Buiten Kruispunt","Normaal","Proper","buiten bebouwde kom","Nacht, openb. verlicht. aanw., maar niet ontstoken","Autosnelweg","Met doden","personenauto","personenauto","Tussen 2 bestuurders: Langs achteren","Geen hindernis"
"1265","2019","05","12",2019-05-01,2019-05-01 12:00:00,2024-01-02 12:00:00,"63046","Waals Gewest","Provincie Luik","Limburg",50.6494882330001,5.92842260100002,"Buiten Kruispunt","Normaal","Droog","buiten bebouwde kom","Dag","Autosnelweg","Met doden","personenauto","Lichte vrachtauto","Kettingbotsing (3 bestuurders of meer)","Geen hindernis"
"1266","2019","03","02",2019-03-01,2019-03-01 02:00:00,2024-01-02 02:00:00,"81001","Waals Gewest","Provincie Luxemburg","Aarlen",49.693008696,5.71410751200006,"Buiten Kruispunt","Normaal","Droog","buiten bebouwde kom","Nacht, openbare verlichting aanwezig en ontstoken","Autosnelweg","Met doden","personenauto","Vrachtwagen","Tussen 2 bestuurders: Langs achteren","Geen hindernis"
"1267","2019","06","10",2019-06-01,2019-06-01 10:00:00,2024-01-02 10:00:00,"82005","Waals Gewest","Provincie Luxemburg","Bertogne",50.0218515920001,5.61276781100003,"Buiten Kruispunt","Regenval","Nat, plassen","buiten bebouwde kom","Dag","Gewestweg","Met doden","personenauto","een weggebruiker tegen een hindernis","Weggebruiker tegen hindernis buiten rijbaan","Buiten de rijbaan: Vangrails overschreden"
"1268","2019","04","02",2019-04-01,2019-04-01 02:00:00,2024-01-02 02:00:00,"82036","Waals Gewest","Provincie Luxemburg","Vaux-sur-Sûre",NA,NA,"Buiten Kruispunt","Regenval","Nat, plassen","buiten bebouwde kom","Nacht, openbare verlichting aanwezig en ontstoken","Autosnelweg","Met doden","personenauto","Vrachtwagen","Tussen 2 bestuurders: Langs achteren","Geen hindernis"
"1269","2019","03","10",2019-03-01,2019-03-01 10:00:00,2024-01-02 10:00:00,"84035","Waals Gewest","Provincie Luxemburg","Libin",50.007934441,5.21785683500002,"Buiten Kruispunt","Normaal","Droog+Proper","buiten bebouwde kom","Dag","Autosnelweg","Met doden","personenauto","een weggebruiker tegen een hindernis","Weggebruiker tegen hindernis buiten rijbaan","Buiten de rijbaan: Vangrails niet overgestoken"
"1270","2019","05","06",2019-05-01,2019-05-01 06:00:00,2024-01-02 06:00:00,"83055","Waals Gewest","Provincie Luxemburg","Manhay",50.3339256190001,5.69861223400005,"Buiten Kruispunt","Normaal","Droog+Proper","buiten bebouwde kom","Dag","Autosnelweg","Met doden","personenauto","Vrachtwagen","Tussen 2 bestuurders: Langs achteren","Geen hindernis"
"1271","2019","05","15",2019-05-01,2019-05-01 15:00:00,2024-01-02 15:00:00,"83034","Waals Gewest","Provincie Luxemburg","Marche-en-Famenne",50.2302656030001,5.32750530900006,"Buiten Kruispunt","Normaal","Droog","buiten bebouwde kom","Dag","Gewestweg","Met doden","Vrachtwagen","personenauto","Tss. 2 best.: langs opzij (voor-/achterkant-flank)","Geen hindernis"
"1272","2019","04","15",2019-04-01,2019-04-01 15:00:00,2024-01-02 15:00:00,"84068","Waals Gewest","Provincie Luxemburg","Tellin",50.073188271,5.18079733400003,"Buiten Kruispunt","Normaal","Droog+Proper","buiten bebouwde kom","Dag","Autosnelweg","Met doden","personenauto","Vrachtwagen","Tussen 2 bestuurders: Langs achteren","Geen hindernis"
"1273","2019","03","16",2019-03-01,2019-03-01 16:00:00,2024-01-02 16:00:00,"25031","Waals Gewest","Provincie Waals-Brabant","Genepiën",50.570225803,4.45314485500006,"Buiten Kruispunt","Normaal","Proper","buiten bebouwde kom","Dag","Gewestweg","Met doden","Vrachtwagen","Motorfiets","Tss. 2 best.: langs opzij (voor-/achterkant-flank)","Geen hindernis"
"1274","2019","03","22",2019-03-01,2019-03-01 22:00:00,2024-01-02 22:00:00,"25048","Waals Gewest","Provincie Waals-Brabant","Geldenaken",NA,NA,"Buiten Kruispunt","Normaal","Droog","buiten bebouwde kom","Nacht, openbare verlichting aanwezig en ontstoken","Gemeenteweg","Met doden","Fiets","personenauto","Tussen 2 bestuurders: Langs achteren","Geen hindernis"
"1275","2019","05","13",2019-05-01,2019-05-01 13:00:00,2024-01-02 13:00:00,"25084","Waals Gewest","Provincie Waals-Brabant","Perwijs (Nijvel)",50.6480273860001,4.76304250000004,"Buiten Kruispunt","Normaal","Droog+Proper","buiten bebouwde kom","Dag","Gewestweg","Met doden","onbekend","onbekend","Andere of onbekend","Geen vermelding van de aanwezigheid van een hindernis"
"1276","2019","05","15",2019-05-01,2019-05-01 15:00:00,2024-01-02 15:00:00,"62063","Waals Gewest","Provincie Luik","Luik",NA,NA,"Buiten Kruispunt","Normaal","Droog","binnen bebouwde kom","Dag","Gemeenteweg","dodelijk gewonden","Voetganger","Lichte vrachtauto","Met een voetganger","Geen hindernis"
"1277","2019","06","15",2019-06-01,2019-06-01 15:00:00,2024-01-02 15:00:00,"62063","Waals Gewest","Provincie Luik","Luik",50.637485789,5.58493012600007,"Buiten Kruispunt","Normaal","Droog","binnen bebouwde kom","Dag","Gewestweg","Met doden","Motorfiets","een weggebruiker tegen een hindernis","Weggebruiker tegen hindernis buiten rijbaan","Buiten de rijbaan: Verkeerseiland, middenberm"
"1278","2019","06","16",2019-06-01,2019-06-01 16:00:00,2024-01-02 16:00:00,"62079","Waals Gewest","Provincie Luik","Oupeye",NA,NA,"Buiten Kruispunt","Normaal","Proper","binnen bebouwde kom","Dag","Gemeenteweg","Met doden","Bromfiets","één bestuurder, geen hindernis","Eén bestuurder, geen hindernis (incl. val)","Geen hindernis"
"1279","2019","03","11",2019-03-01,2019-03-01 11:00:00,2024-01-02 11:00:00,"62011","Waals Gewest","Provincie Luik","Bitsingen",50.7585770630001,5.59733183500003,"Buiten Kruispunt","Normaal","Droog","binnen bebouwde kom","Dag","Gemeenteweg","Met doden","Fiets","één bestuurder, geen hindernis","Eén bestuurder, geen hindernis (incl. val)","Geen hindernis"
"1280","2019","03","14",2019-03-01,2019-03-01 14:00:00,2024-01-02 14:00:00,"62120","Waals Gewest","Provincie Luik","Flémalle",50.5991133090001,5.47122502500002,"Buiten Kruispunt","Normaal","Droog+Proper","binnen bebouwde kom","Dag","Gemeenteweg","dodelijk gewonden","personenauto","Voetganger","Met een voetganger","Geen hindernis"
"1281","2019","05","15",2019-05-01,2019-05-01 15:00:00,2024-01-02 15:00:00,"62032","Waals Gewest","Provincie Luik","Esneux",50.5455716230001,5.59140598000005,"Buiten Kruispunt","Normaal","Proper","buiten bebouwde kom","Dag","Gewestweg","dodelijk gewonden","Lichte vrachtauto","personenauto","Tussen 2 bestuurders: Frontale botsing","Geen hindernis"
"1282","2019","05","20",2019-05-01,2019-05-01 20:00:00,2024-01-02 20:00:00,"62032","Waals Gewest","Provincie Luik","Esneux",50.543129428,5.59118880400007,"Buiten Kruispunt","Normaal","Nat, plassen","buiten bebouwde kom","Dag","Gewestweg","Met doden","personenauto","een weggebruiker tegen een hindernis","Weggebruiker tegen hindernis buiten rijbaan","Buiten de rijbaan: Verlichtingspaal"
"1283","2019","06","12",2019-06-01,2019-06-01 12:00:00,2024-01-02 12:00:00,"63038","Waals Gewest","Provincie Luik","Jalhay",50.511825867,5.95181655100004,"Buiten Kruispunt","Normaal","Droog+Proper","buiten bebouwde kom","Dag","Gewestweg","Met doden","Motorfiets","Voetganger","Met een voetganger","Geen hindernis"
"1284","2019","05","11",2019-05-01,2019-05-01 11:00:00,2024-01-02 11:00:00,"63084","Waals Gewest","Provincie Luik","Welkenraedt",50.657798858,5.98647477700007,"Buiten Kruispunt","Normaal","Proper","binnen bebouwde kom","Dag","Gewestweg","Met doden","Vrachtwagen","een weggebruiker tegen een hindernis","Weggebruiker tegen hindernis op de rijbaan","Op de rijbaan: Verkeersdrempel, ezelsrug"
"1285","2019","05","07",2019-05-01,2019-05-01 07:00:00,2024-01-02 07:00:00,"63075","Waals Gewest","Provincie Luik","Stoumont",50.4307518350001,5.89356019600007,"Buiten Kruispunt","Regenval","Proper","binnen bebouwde kom","Dag","Gemeenteweg","Met doden","personenauto","een weggebruiker tegen een hindernis","Weggebruiker tegen hindernis buiten rijbaan","Buiten de rijbaan: Andere paal"
"1286","2019","05","20",2019-05-01,2019-05-01 20:00:00,2024-01-02 20:00:00,"63080","Waals Gewest","Provincie Luik","Weismes",50.4585812780001,6.11151226500004,"Buiten Kruispunt","Regenval","Nat, plassen","binnen bebouwde kom","Dag","Gemeenteweg","Met doden","Voetganger","personenauto","Met een voetganger","Geen hindernis"
"1287","2019","03","15",2019-03-01,2019-03-01 15:00:00,2024-01-02 15:00:00,"63049","Waals Gewest","Provincie Luik","Malmedy",NA,NA,"Buiten Kruispunt","Sterke wind, rukwind+Hagelbui","Nat, plassen+Ijzel of sneeuw","binnen bebouwde kom","Dag","Gemeenteweg","dodelijk gewonden","Voetganger","Vrachtwagen","Met een voetganger","Geen hindernis"
"1288","2019","04","08",2019-04-01,2019-04-01 08:00:00,2024-01-02 08:00:00,"63087","Waals Gewest","Provincie Luik","Burg-Reuland",NA,NA,"Buiten Kruispunt","Normaal","Droog+Proper","buiten bebouwde kom","Dag","Gemeenteweg","Met doden","Lichte vrachtauto","één bestuurder, geen hindernis","Eén bestuurder, geen hindernis (incl. val)","Geen hindernis"
"1289","2019","04","09",2019-04-01,2019-04-01 09:00:00,2024-01-02 09:00:00,"63023","Waals Gewest","Provincie Luik","Eupen",50.6473158840001,6.04687596600007,"Op Kruispunt","Normaal","Droog+Proper","binnen bebouwde kom","Dag","Gewestweg","dodelijk gewonden","Fiets","een weggebruiker tegen een hindernis","Weggebruiker tegen hindernis op de rijbaan","Op de rijbaan: Verkeersdrempel, ezelsrug"
"1290","2019","04","17",2019-04-01,2019-04-01 17:00:00,2024-01-02 17:00:00,"61072","Waals Gewest","Provincie Luik","Wanze",50.549851475,5.23361019100003,"Op Kruispunt","Normaal","Proper","binnen bebouwde kom","Dag","Gemeenteweg","Met doden","personenauto","een weggebruiker tegen een hindernis","Weggebruiker tegen hindernis buiten rijbaan","Buiten de rijbaan: Muur gebouw"
"1291","2019","03","13",2019-03-01,2019-03-01 13:00:00,2024-01-02 13:00:00,"61003","Waals Gewest","Provincie Luik","Amay",50.5366427880001,5.32210391100006,"Buiten Kruispunt","Normaal","Proper","buiten bebouwde kom","Dag","Gewestweg","dodelijk gewonden","Motorfiets","personenauto","Tussen 2 bestuurders: Langs achteren","Geen hindernis"
"1292","2019","04","07",2019-04-01,2019-04-01 07:00:00,2024-01-02 07:00:00,"61080","Waals Gewest","Provincie Luik","Engis",50.592511168,5.40058692000002,"Buiten Kruispunt","Normaal","Droog","buiten bebouwde kom","Dag","Gemeenteweg","Met doden","Motorfiets","Bromfiets","Tss. 2 best.: langs opzij (voor-/achterkant-flank)","Geen hindernis"
"1293","2019","04","17",2019-04-01,2019-04-01 17:00:00,2024-01-02 17:00:00,"81013","Waals Gewest","Provincie Luxemburg","Martelange",49.8086120990001,5.73920466100003,"Buiten Kruispunt","Normaal","Droog","buiten bebouwde kom","Dag","Gewestweg","Met doden","personenauto","personenauto","Kettingbotsing (3 bestuurders of meer)","Geen hindernis"
"1294","2019","04","14",2019-04-01,2019-04-01 14:00:00,2024-01-02 14:00:00,"81001","Waals Gewest","Provincie Luxemburg","Aarlen",49.68631652,5.74949126200005,"Buiten Kruispunt","Normaal","Droog","buiten bebouwde kom","Dag","Gewestweg","Met doden","personenauto","een weggebruiker tegen een hindernis","Weggebruiker tegen hindernis buiten rijbaan","Buiten de rijbaan: Muur gebouw"
"1295","2019","05","12",2019-05-01,2019-05-01 12:00:00,2024-01-02 12:00:00,"85046","Waals Gewest","Provincie Luxemburg","Habay",49.6979665120001,5.61843208100004,"Buiten Kruispunt","Normaal","Proper","buiten bebouwde kom","Dag","Gewestweg","Met doden","personenauto","Autobus","Tussen 2 bestuurders: Frontale botsing","Geen hindernis"
"1296","2019","05","07",2019-05-01,2019-05-01 07:00:00,2024-01-02 07:00:00,"81004","Waals Gewest","Provincie Luxemburg","Aubange",49.5582532400001,5.73505170700003,"Op Kruispunt","Regenval","Nat, plassen","binnen bebouwde kom","Dag","Gewestweg","Met doden","personenauto","een weggebruiker tegen een hindernis","Weggebruiker tegen hindernis buiten rijbaan","Buiten de rijbaan: Andere paal"
"1297","2019","04","03",2019-04-01,2019-04-01 03:00:00,2024-01-02 03:00:00,"81004","Waals Gewest","Provincie Luxemburg","Aubange",49.5535263780001,5.84087486100003,"Buiten Kruispunt","Normaal","Droog","buiten bebouwde kom","Nacht, openbare verlichting aanwezig en ontstoken","Gewestweg","Met doden","personenauto","een weggebruiker tegen een hindernis","Weggebruiker tegen hindernis buiten rijbaan","Buiten de rijbaan: Vangrails niet overgestoken"
"1298","2019","03","18",2019-03-01,2019-03-01 18:00:00,2024-01-02 18:00:00,"85026","Waals Gewest","Provincie Luxemburg","Musson",49.561151857,5.71641266800003,"Buiten Kruispunt","Normaal","Droog+Proper","buiten bebouwde kom","Dag","Gewestweg","dodelijk gewonden","personenauto","een weggebruiker tegen een hindernis","Weggebruiker tegen hindernis buiten rijbaan","Buiten de rijbaan: Boom"
"1299","2019","04","02",2019-04-01,2019-04-01 02:00:00,2024-01-02 02:00:00,"85007","Waals Gewest","Provincie Luxemburg","Chiny",49.6946541190001,5.36208417600005,"Op Kruispunt","Normaal","Droog","buiten bebouwde kom","Nacht, geen openbare verlichting aanwezig","Gemeenteweg","Met doden","personenauto","een weggebruiker tegen een hindernis","Weggebruiker tegen hindernis buiten rijbaan","Buiten de rijbaan: Boom"
"1300","2019","04","23",2019-04-01,2019-04-01 23:00:00,2024-01-02 23:00:00,"83012","Waals Gewest","Provincie Luxemburg","Durbuy",50.403279303,5.50283316300005,"Buiten Kruispunt","Normaal","Droog","buiten bebouwde kom","Nacht, geen openbare verlichting aanwezig","Gewestweg","dodelijk gewonden","personenauto","personenauto","Tussen 2 bestuurders: Frontale botsing","Geen hindernis"
"1301","2019","03","14",2019-03-01,2019-03-01 14:00:00,2024-01-02 14:00:00,"82037","Waals Gewest","Provincie Luxemburg","Gouvy",50.1848832910001,5.88398136800004,"Buiten Kruispunt","Normaal","Proper","binnen bebouwde kom","Dag","Gewestweg","Met doden","Andere weggebruiker","Fiets","Tussen 2 bestuurders: Flank tegen flank","Geen hindernis"