"","DT_YEAR_COLLISION","DT_MONTH_COLLISION","DT_TIME","YEAR_MONTH_DAY","YEAR_MONTH_DAY_HOUR","TIME_DT","CD_NIS","TX_RGN_COLLISION_NL","TX_PROV_COLLISION_NL","TX_MUNTY_COLLISION_NL","LAT_WGS84","LONG_WGS84","TX_CROSSWAY_NL","TX_WEATHER_NL","TX_ROAD_CONDITION_NL","TX_BUILD_UP_AREA_NL","TX_LIGHT_CONDITION_NL","CD_ROAD_TYPE_NL","TX_CLASS_ACCIDENTS_NL","TX_ROAD_USR_TYPE1_NL","TX_ROAD_USR_TYPE2_NL","TX_COLLISION_TYPE_NL","TX_OBSTACLES_NL"
"1302","2019","04","05",2019-04-01,2019-04-01 05:00:00,2024-01-02 05:00:00,"92094","Waals Gewest","Provincie Namen","Namen",50.437403814,4.86762209700004,"Buiten Kruispunt","Normaal","Proper","binnen bebouwde kom","Dageraad - schemering","Gewestweg","Met doden","personenauto","personenauto","Tussen 2 bestuurders: Frontale botsing","Geen hindernis"
"1303","2019","05","04",2019-05-01,2019-05-01 04:00:00,2024-01-02 04:00:00,"92141","Waals Gewest","Provincie Namen","La Bruyère",50.557594463,4.79568535300007,"Op Kruispunt","Regenval","Nat, plassen","binnen bebouwde kom","Nacht, openbare verlichting aanwezig en ontstoken","Gemeenteweg","Met doden","personenauto","een weggebruiker tegen een hindernis","Weggebruiker tegen hindernis buiten rijbaan","Buiten de rijbaan: Muur gebouw"
"1304","2019","03","19",2019-03-01,2019-03-01 19:00:00,2024-01-02 19:00:00,"92138","Waals Gewest","Provincie Namen","Fernelmont",50.5217143990001,4.98106252700006,"Buiten Kruispunt","Normaal","Droog","binnen bebouwde kom","Dageraad - schemering","Gewestweg","Met doden","personenauto","een weggebruiker tegen een hindernis","Weggebruiker tegen hindernis buiten rijbaan","Buiten de rijbaan: Muur gebouw"
"1305","2019","04","15",2019-04-01,2019-04-01 15:00:00,2024-01-02 15:00:00,"92138","Waals Gewest","Provincie Namen","Fernelmont",50.523752953,4.97954101800002,"Op Kruispunt","Normaal","Proper","binnen bebouwde kom","Dag","Gewestweg","Met doden","personenauto","Motorfiets","Tss. 2 best.: langs opzij (voor-/achterkant-flank)","Geen hindernis"
"1306","2019","04","04",2019-04-01,2019-04-01 04:00:00,2024-01-02 04:00:00,"92087","Waals Gewest","Provincie Namen","Mettet",50.326370017,4.64172039800007,"Buiten Kruispunt","Normaal","Droog","buiten bebouwde kom","Nacht, geen openbare verlichting aanwezig","Gewestweg","Met doden","personenauto","een weggebruiker tegen een hindernis","Weggebruiker tegen hindernis buiten rijbaan","Buiten de rijbaan: Boom"
"1307","2019","03","22",2019-03-01,2019-03-01 22:00:00,2024-01-02 22:00:00,"93088","Waals Gewest","Provincie Namen","Walcourt",50.2534145770001,4.42970701100006,"Op Kruispunt","Normaal","Proper","buiten bebouwde kom","Nacht, geen openbare verlichting aanwezig","Gewestweg","Met doden","personenauto","Voetganger","Met een voetganger","Geen hindernis"
"1308","2019","05","02",2019-05-01,2019-05-01 02:00:00,2024-01-02 02:00:00,"91013","Waals Gewest","Provincie Namen","Beauraing",50.1062795340001,4.90665528600005,"Buiten Kruispunt","Normaal","Proper","binnen bebouwde kom","Nacht, openbare verlichting aanwezig en ontstoken","Gewestweg","dodelijk gewonden","personenauto","een weggebruiker tegen een hindernis","Weggebruiker tegen hindernis buiten rijbaan","Buiten de rijbaan: Muur gebouw"
"1309","2019","04","23",2019-04-01,2019-04-01 23:00:00,2024-01-02 23:00:00,"91034","Waals Gewest","Provincie Namen","Dinant",50.2463971820001,4.93347129300003,"Buiten Kruispunt","Normaal","Nat, plassen+Proper","binnen bebouwde kom","Nacht, openbare verlichting aanwezig en ontstoken","Gewestweg","Met doden","personenauto","een weggebruiker tegen een hindernis","Weggebruiker tegen hindernis buiten rijbaan","Buiten de rijbaan: Gracht"
"1310","2019","05","02",2019-05-01,2019-05-01 02:00:00,2024-01-02 02:00:00,"91142","Waals Gewest","Provincie Namen","Hastière",50.185535993,4.82362456100003,"Buiten Kruispunt","Normaal","Droog","buiten bebouwde kom","Nacht, openbare verlichting aanwezig en ontstoken","Gewestweg","Met doden","personenauto","een weggebruiker tegen een hindernis","Weggebruiker tegen hindernis buiten rijbaan","Andere hindernis"
"1311","2019","04","18",2019-04-01,2019-04-01 18:00:00,2024-01-02 18:00:00,"91142","Waals Gewest","Provincie Namen","Hastière",50.2008157510001,4.85750583700008,"Buiten Kruispunt","Normaal","Proper","binnen bebouwde kom","Dag","Gewestweg","Met doden","Motorfiets","één bestuurder, geen hindernis","Eén bestuurder, geen hindernis (incl. val)","Geen hindernis"
"1312","2019","05","12",2019-05-01,2019-05-01 12:00:00,2024-01-02 12:00:00,"91072","Waals Gewest","Provincie Namen","Houyet",50.2222870360001,4.98691124700002,"Buiten Kruispunt","Normaal","Nat, plassen","buiten bebouwde kom","Dag","Gewestweg","Met doden","personenauto","Lichte vrachtauto","Tussen 2 bestuurders: Frontale botsing","Geen hindernis"
"1313","2019","04","16",2019-04-01,2019-04-01 16:00:00,2024-01-02 16:00:00,"91030","Waals Gewest","Provincie Namen","Ciney",50.2616472030001,5.06487910900006,"Buiten Kruispunt","Normaal","Onbekend","binnen bebouwde kom","Dag","Gemeenteweg","Met doden","personenauto","een weggebruiker tegen een hindernis","Weggebruiker tegen hindernis buiten rijbaan","Buiten de rijbaan: Boom"
"1314","2019","03","14",2019-03-01,2019-03-01 14:00:00,2024-01-02 14:00:00,"57081","Waals Gewest","Provincie Henegouwen","Doornik",50.64224412,3.47090186600002,"Op Kruispunt","Normaal","Proper","buiten bebouwde kom","Dag","Gewestweg","dodelijk gewonden","onbekend","onbekend","Geen vermelding van de type aanrijding","Geen vermelding van de type aanrijding"
"1315","2019","05","14",2019-05-01,2019-05-01 14:00:00,2024-01-02 14:00:00,"57072","Waals Gewest","Provincie Henegouwen","Rumes",50.5473623920001,3.30023319800006,"Buiten Kruispunt","Normaal","Proper","buiten bebouwde kom","Dag","Gewestweg","Met doden","Fiets","Lichte vrachtauto","Tussen 2 bestuurders: Langs achteren","Geen hindernis"
"1316","2019","03","00",2019-03-01,2019-03-01 00:00:00,2024-01-02 00:00:00,"57081","Waals Gewest","Provincie Henegouwen","Doornik",50.599299,3.37667812800004,"Buiten Kruispunt","Normaal","Droog+Proper","binnen bebouwde kom","Nacht, openbare verlichting aanwezig en ontstoken","Gemeenteweg","Met doden","onbekend","onbekend","Geen vermelding van de type aanrijding","Geen vermelding van de type aanrijding"
"1317","2019","04","16",2019-04-01,2019-04-01 16:00:00,2024-01-02 16:00:00,"57096","Waals Gewest","Provincie Henegouwen","Moeskroen",NA,NA,"Buiten Kruispunt","Normaal","Droog+Proper","binnen bebouwde kom","Dag","Gewestweg","Met doden","Motorfiets","personenauto","Tss. 2 best.: langs opzij (voor-/achterkant-flank)","Geen hindernis"
"1318","2019","04","01",2019-04-01,2019-04-01 01:00:00,2024-01-02 01:00:00,"57097","Waals Gewest","Provincie Henegouwen","Komen-Waasten",NA,NA,"Op Kruispunt","Normaal","Nat, plassen+Proper","binnen bebouwde kom","Nacht, openbare verlichting aanwezig en ontstoken","Gewestweg","Met doden","personenauto","een weggebruiker tegen een hindernis","Weggebruiker tegen hindernis buiten rijbaan","Buiten de rijbaan: Verlichtingspaal"
"1319","2019","04","09",2019-04-01,2019-04-01 09:00:00,2024-01-02 09:00:00,"51008","Waals Gewest","Provincie Henegouwen","Beloeil",50.5533899180001,3.70829352100003,"Buiten Kruispunt","Normaal","Droog+Proper","buiten bebouwde kom","Dag","Gewestweg","dodelijk gewonden","Vrachtwagen","een weggebruiker tegen een hindernis","Weggebruiker tegen hindernis buiten rijbaan","Buiten de rijbaan: Boom"
"1320","2019","04","19",2019-04-01,2019-04-01 19:00:00,2024-01-02 19:00:00,"51004","Waals Gewest","Provincie Henegouwen","Aat",50.659600793,3.81428617100005,"Buiten Kruispunt","Normaal","Droog","binnen bebouwde kom","Dag","Gemeenteweg","Met doden","Motorfiets","een weggebruiker tegen een hindernis","Weggebruiker tegen hindernis buiten rijbaan","Buiten de rijbaan: Muur gebouw"
"1321","2019","05","04",2019-05-01,2019-05-01 04:00:00,2024-01-02 04:00:00,"53053","Waals Gewest","Provincie Henegouwen","Bergen",50.4500249380001,3.91127235500005,"Op Kruispunt","Normaal","Droog","binnen bebouwde kom","Dageraad - schemering","Gewestweg","Met doden","personenauto","Motorfiets","Tss. 2 best.: langs opzij (voor-/achterkant-flank)","Geen hindernis"
"1322","2019","03","22",2019-03-01,2019-03-01 22:00:00,2024-01-02 22:00:00,"53070","Waals Gewest","Provincie Henegouwen","Saint-Ghislain",NA,NA,"Buiten Kruispunt","Regenval","Nat, plassen","binnen bebouwde kom","Nacht, openbare verlichting aanwezig en ontstoken","Gemeenteweg","dodelijk gewonden","onbekend","onbekend","Andere of onbekend","Geen vermelding van de aanwezigheid van een hindernis"
"1323","2019","04","00",2019-04-01,2019-04-01 00:00:00,2024-01-02 00:00:00,"53070","Waals Gewest","Provincie Henegouwen","Saint-Ghislain",NA,NA,"Buiten Kruispunt","Normaal","Proper","buiten bebouwde kom","Nacht, openbare verlichting aanwezig en ontstoken","Gewestweg","Met doden","personenauto","een weggebruiker tegen een hindernis","Weggebruiker tegen hindernis buiten rijbaan","Buiten de rijbaan: Omheining"
"1324","2019","03","00",2019-03-01,2019-03-01 00:00:00,2024-01-02 00:00:00,"53070","Waals Gewest","Provincie Henegouwen","Saint-Ghislain",50.457947786,3.79777100900003,"Op Kruispunt","Normaal","Droog","buiten bebouwde kom","Nacht, openbare verlichting aanwezig en ontstoken","Gemeenteweg","Met doden","Motorfiets","een weggebruiker tegen een hindernis","Weggebruiker tegen hindernis op de rijbaan","Op de rijbaan: Werken (signal., aarde, toestel,…)"
"1325","2019","03","03",2019-03-01,2019-03-01 03:00:00,2024-01-02 03:00:00,"53039","Waals Gewest","Provincie Henegouwen","Hensies",50.4481778520001,3.90061281500004,"Buiten Kruispunt","Normaal","Droog","binnen bebouwde kom","Nacht, openbare verlichting aanwezig en ontstoken","Gewestweg","Met doden","personenauto","personenauto","Tussen 2 bestuurders: Langs achteren","Geen hindernis"
"1326","2019","05","12",2019-05-01,2019-05-01 12:00:00,2024-01-02 12:00:00,"52011","Waals Gewest","Provincie Henegouwen","Charleroi",50.3937570360001,4.44077932600004,"Buiten Kruispunt","Normaal","Droog","binnen bebouwde kom","Dag","Gewestweg","dodelijk gewonden","personenauto","personenauto","Tussen 2 bestuurders: Langs achteren","Geen hindernis"
"1327","2019","04","19",2019-04-01,2019-04-01 19:00:00,2024-01-02 19:00:00,"52074","Waals Gewest","Provincie Henegouwen","Aiseau-Presles",50.425964519,4.58841081200006,"Buiten Kruispunt","Normaal","Droog+Proper","binnen bebouwde kom","Dag","Gemeenteweg","Met doden","personenauto","een weggebruiker tegen een hindernis","Weggebruiker tegen hindernis buiten rijbaan","Buiten de rijbaan: Muur gebouw"
"1328","2019","03","09",2019-03-01,2019-03-01 09:00:00,2024-01-02 09:00:00,"58003","Waals Gewest","Provincie Henegouwen","Estinnes",50.343628777,4.08001364400008,"Buiten Kruispunt","Normaal","Droog+Proper","buiten bebouwde kom","Dag","Gewestweg","Met doden","personenauto","Vrachtwagen","Tussen 2 bestuurders: Frontale botsing","Geen hindernis"
"1329","2019","04","17",2019-04-01,2019-04-01 17:00:00,2024-01-02 17:00:00,"56044","Waals Gewest","Provincie Henegouwen","Lobbes",50.3702647490001,4.27301599900005,"Buiten Kruispunt","Normaal","Nat, plassen","binnen bebouwde kom","Dag","Gemeenteweg","dodelijk gewonden","Lichte vrachtauto","een weggebruiker tegen een hindernis","Weggebruiker tegen hindernis buiten rijbaan","Andere hindernis"
"1330","2019","04","00",2019-04-01,2019-04-01 00:00:00,2024-01-02 00:00:00,"56005","Waals Gewest","Provincie Henegouwen","Beaumont",50.2372829650001,4.24117900700003,"Buiten Kruispunt","Normaal","Proper","binnen bebouwde kom","Nacht, openbare verlichting aanwezig en ontstoken","Gewestweg","Met doden","personenauto","Voetganger","Met een voetganger","Geen hindernis"
"1331","2019","04","12",2019-04-01,2019-04-01 12:00:00,2024-01-02 12:00:00,"21004","Brussels Hoofdstedelijk Gewest",NA,"Brussel",NA,NA,"Buiten Kruispunt","Normaal","Droog","binnen bebouwde kom","Dag","Gewestweg","Met doden","Fiets","één bestuurder, geen hindernis","Eén bestuurder, geen hindernis (incl. val)","Geen hindernis"
"1332","2019","03","11",2019-03-01,2019-03-01 11:00:00,2024-01-02 11:00:00,"21011","Brussels Hoofdstedelijk Gewest",NA,"Koekelberg",50.865605504,4.32824408600004,"Buiten Kruispunt","Normaal","Droog+Proper","binnen bebouwde kom","Dag","Gemeenteweg","Met doden","personenauto","Voetganger","Met een voetganger","Geen hindernis"
"1333","2019","03","10",2019-03-01,2019-03-01 10:00:00,2024-01-02 10:00:00,"21001","Brussels Hoofdstedelijk Gewest",NA,"Anderlecht",50.8272283260001,4.28875558600004,"Buiten Kruispunt","Normaal","Droog","binnen bebouwde kom","Dag","Gemeenteweg","Met doden","personenauto","Andere weggebruiker","Met een voetganger","Geen hindernis"
"1334","2019","05","16",2019-05-01,2019-05-01 16:00:00,2024-01-02 16:00:00,"21001","Brussels Hoofdstedelijk Gewest",NA,"Anderlecht",50.828641378,4.29985116700004,"Op Kruispunt","Normaal","Droog+Proper","binnen bebouwde kom","Dag","Gewestweg","Met doden","Lichte vrachtauto","Voetganger","Met een voetganger","Geen hindernis"
"1335","2019","04","21",2019-04-01,2019-04-01 21:00:00,2024-01-02 21:00:00,"11001","Vlaams Gewest","Provincie Antwerpen","Aartselaar",51.141612014,4.38137394200004,"Op Kruispunt","Normaal","Droog","binnen bebouwde kom","Nacht, openbare verlichting aanwezig en ontstoken","Gemeenteweg","Met doden","Motorfiets","een weggebruiker tegen een hindernis","Weggebruiker tegen hindernis buiten rijbaan","Buiten de rijbaan: Andere paal"
"1336","2019","03","13",2019-03-01,2019-03-01 13:00:00,2024-01-02 13:00:00,"11029","Vlaams Gewest","Provincie Antwerpen","Mortsel",51.1711178400001,4.44832285500007,"Buiten Kruispunt","Normaal","Droog","binnen bebouwde kom","Dag","Gewestweg","Met doden","Vrachtwagen","Voetganger","Met een voetganger","Geen hindernis"
"1337","2019","04","20",2019-04-01,2019-04-01 20:00:00,2024-01-02 20:00:00,"11035","Vlaams Gewest","Provincie Antwerpen","Ranst",51.2169114800001,4.58077616900005,"Buiten Kruispunt","Normaal","Droog","buiten bebouwde kom","Dageraad - schemering","Gemeenteweg","Met doden","Motorfiets","een weggebruiker tegen een hindernis","Weggebruiker tegen hindernis buiten rijbaan","Buiten de rijbaan: Verlichtingspaal"
"1338","2019","03","00",2019-03-01,2019-03-01 00:00:00,2024-01-02 00:00:00,"12007","Vlaams Gewest","Provincie Antwerpen","Bornem",51.0816407190001,4.21591587100005,"Buiten Kruispunt","Normaal","Droog","buiten bebouwde kom","Nacht, openbare verlichting aanwezig en ontstoken","Gemeenteweg","Met doden","personenauto","een weggebruiker tegen een hindernis","Weggebruiker tegen hindernis buiten rijbaan","Buiten de rijbaan: Boom"
"1339","2019","03","03",2019-03-01,2019-03-01 03:00:00,2024-01-02 03:00:00,"12009","Vlaams Gewest","Provincie Antwerpen","Duffel",51.086566213,4.57144951700008,"Buiten Kruispunt","Regenval","Nat, plassen","buiten bebouwde kom","Nacht, openbare verlichting aanwezig en ontstoken","Gemeenteweg","Met doden","personenauto","personenauto","Tss. 2 best.: langs opzij (voor-/achterkant-flank)","Geen hindernis"
"1340","2019","03","13",2019-03-01,2019-03-01 13:00:00,2024-01-02 13:00:00,"13017","Vlaams Gewest","Provincie Antwerpen","Kasterlee",51.2491857580001,5.01538901600003,"Buiten Kruispunt","Normaal","Droog","buiten bebouwde kom","Dag","Gewestweg","Met doden","personenauto","een weggebruiker tegen een hindernis","Weggebruiker tegen hindernis buiten rijbaan","Buiten de rijbaan: Boom"
"1341","2019","05","09",2019-05-01,2019-05-01 09:00:00,2024-01-02 09:00:00,"13013","Vlaams Gewest","Provincie Antwerpen","Herselt",51.0523210520001,4.88079434500003,"Op Kruispunt","Normaal","Droog","binnen bebouwde kom","Dag","Gewestweg","Met doden","Fiets","Vrachtwagen","Tss. 2 best.: langs opzij (voor-/achterkant-flank)","Geen hindernis"
"1342","2019","04","21",2019-04-01,2019-04-01 21:00:00,2024-01-02 21:00:00,"13001","Vlaams Gewest","Provincie Antwerpen","Arendonk",51.3076760100001,5.09475565400004,"Buiten Kruispunt","Regenval","Nat, plassen","buiten bebouwde kom","Nacht, openbare verlichting aanwezig en ontstoken","Gewestweg","dodelijk gewonden","personenauto","Fiets","Tss. 2 best.: langs opzij (voor-/achterkant-flank)","Geen hindernis"
"1343","2019","05","16",2019-05-01,2019-05-01 16:00:00,2024-01-02 16:00:00,"13036","Vlaams Gewest","Provincie Antwerpen","Retie",51.257811879,5.09922992300005,"Buiten Kruispunt","Normaal","Droog","buiten bebouwde kom","Dag","Gewestweg","Met doden","onbekend","onbekend","Andere of onbekend","Geen vermelding van de aanwezigheid van een hindernis"
"1344","2019","05","05",2019-05-01,2019-05-01 05:00:00,2024-01-02 05:00:00,"13025","Vlaams Gewest","Provincie Antwerpen","Mol",51.183927387,5.11534001100006,"Op Kruispunt","Normaal","Droog","binnen bebouwde kom","Nacht, openbare verlichting aanwezig en ontstoken","Gewestweg","Met doden","personenauto","een weggebruiker tegen een hindernis","Weggebruiker tegen hindernis buiten rijbaan","Buiten de rijbaan: Muur gebouw"
"1345","2019","03","15",2019-03-01,2019-03-01 15:00:00,2024-01-02 15:00:00,"13003","Vlaams Gewest","Provincie Antwerpen","Balen",51.1733177950001,5.14737881300005,"Buiten Kruispunt","Sterke wind, rukwind","Ijzel, sneeuw","buiten bebouwde kom","Dag","Gewestweg","Met doden","personenauto","personenauto","Tussen 2 bestuurders: Langs achteren","Geen hindernis"
"1346","2019","04","15",2019-04-01,2019-04-01 15:00:00,2024-01-02 15:00:00,"13011","Vlaams Gewest","Provincie Antwerpen","Herentals",51.1786971770001,4.80578683500005,"Op Kruispunt","Normaal","Droog","buiten bebouwde kom","Dag","Gemeenteweg","dodelijk gewonden","Fiets","één bestuurder, geen hindernis","Eén bestuurder, geen hindernis (incl. val)","Geen hindernis"
"1347","2019","03","08",2019-03-01,2019-03-01 08:00:00,2024-01-02 08:00:00,"72043","Vlaams Gewest","Provincie Limburg","Pelt",NA,NA,"Buiten Kruispunt","Normaal","Droog","buiten bebouwde kom","Dag","Gemeenteweg","Met doden","Lichte vrachtauto","Voetganger","Met een voetganger","Geen hindernis"
"1348","2019","05","08",2019-05-01,2019-05-01 08:00:00,2024-01-02 08:00:00,"71053","Vlaams Gewest","Provincie Limburg","Sint-Truiden",50.7809024220001,5.24163528700007,"Buiten Kruispunt","Normaal","Droog","buiten bebouwde kom","Dag","Gewestweg","Met doden","Vrachtwagen","personenauto","Tussen 2 bestuurders: Langs achteren","Geen hindernis"
"1349","2019","03","00",2019-03-01,2019-03-01 00:00:00,2024-01-02 00:00:00,"72038","Vlaams Gewest","Provincie Limburg","Hechtel-Eksel",51.088529453,5.37696731200003,"Buiten Kruispunt","Regenval","Nat, plassen","buiten bebouwde kom","Nacht, openbare verlichting aanwezig en ontstoken","Gewestweg","Met doden","personenauto","personenauto","Tussen 2 bestuurders: Frontale botsing","Geen hindernis"
"1350","2019","05","13",2019-05-01,2019-05-01 13:00:00,2024-01-02 13:00:00,"72004","Vlaams Gewest","Provincie Limburg","Bree",51.126822438,5.56852857900003,"Op Kruispunt","Normaal","Droog","buiten bebouwde kom","Dag","Gewestweg","Met doden","Motorfiets","personenauto","Tussen 2 bestuurders: Frontale botsing","Geen hindernis"
"1351","2019","05","18",2019-05-01,2019-05-01 18:00:00,2024-01-02 18:00:00,"72003","Vlaams Gewest","Provincie Limburg","Bocholt",NA,NA,"Buiten Kruispunt","Normaal","Droog","buiten bebouwde kom","Dag","Gewestweg","Met doden","personenauto","Lichte vrachtauto","Tss. 2 best.: langs opzij (voor-/achterkant-flank)","Geen hindernis"
"1352","2019","04","22",2019-04-01,2019-04-01 22:00:00,2024-01-02 22:00:00,"71016","Vlaams Gewest","Provincie Limburg","Genk",NA,NA,"Buiten Kruispunt","Normaal","Droog","onbekend","Nacht, geen openbare verlichting aanwezig","onbekend","Met doden","Vrachtwagen","een weggebruiker tegen een hindernis","Weggebruiker tegen hindernis buiten rijbaan","Buiten de rijbaan: Muur gebouw"
"1353","2019","05","01",2019-05-01,2019-05-01 01:00:00,2024-01-02 01:00:00,"72003","Vlaams Gewest","Provincie Limburg","Bocholt",51.182903788,5.58069710300003,"Op Kruispunt","Normaal","Droog","buiten bebouwde kom","Nacht, openbare verlichting aanwezig en ontstoken","Gewestweg","Met doden","personenauto","Fiets","Tss. 2 best.: langs opzij (voor-/achterkant-flank)","Geen hindernis"
"1354","2019","03","21",2019-03-01,2019-03-01 21:00:00,2024-01-02 21:00:00,"72042","Vlaams Gewest","Provincie Limburg","Oudsbergen",51.1371915880001,5.53614484700006,"Op Kruispunt","Normaal","Droog","buiten bebouwde kom","Nacht, openbare verlichting aanwezig en ontstoken","Gewestweg","Met doden","personenauto","personenauto","Tussen 2 bestuurders: Langs achteren","Geen hindernis"
"1355","2019","05","11",2019-05-01,2019-05-01 11:00:00,2024-01-02 11:00:00,"72039","Vlaams Gewest","Provincie Limburg","Houthalen-Helchteren",51.056286604,5.38243350000005,"Op Kruispunt","Normaal","Droog","binnen bebouwde kom","Dag","Gewestweg","Met doden","Vrachtwagen","Fiets","Tussen 2 bestuurders: Flank tegen flank","Geen hindernis"
"1356","2019","03","08",2019-03-01,2019-03-01 08:00:00,2024-01-02 08:00:00,"24062","Vlaams Gewest","Provincie Vlaams-Brabant","Leuven",50.904026984,4.72273591200008,"Buiten Kruispunt","Normaal","Droog","binnen bebouwde kom","Dag","Gemeenteweg","Met doden","Autobus","Voetganger","Met een voetganger","Geen hindernis"
"1357","2019","05","09",2019-05-01,2019-05-01 09:00:00,2024-01-02 09:00:00,"24135","Vlaams Gewest","Provincie Vlaams-Brabant","Tielt-Winge",50.9309855210001,4.93303810900005,"Buiten Kruispunt","Normaal","Droog","buiten bebouwde kom","Dag","Gewestweg","Met doden","onbekend","onbekend","Geen vermelding van de type aanrijding","Geen vermelding van de type aanrijding"
"1358","2019","03","11",2019-03-01,2019-03-01 11:00:00,2024-01-02 11:00:00,"24028","Vlaams Gewest","Provincie Vlaams-Brabant","Geetbets",50.885582238,5.11130017100004,"Op Kruispunt","Normaal","Droog","buiten bebouwde kom","Dag","Gemeenteweg","dodelijk gewonden","Fiets","Fiets","Tussen 2 bestuurders: Langs achteren","Geen hindernis"
"1359","2019","05","22",2019-05-01,2019-05-01 22:00:00,2024-01-02 22:00:00,"24001","Vlaams Gewest","Provincie Vlaams-Brabant","Aarschot",50.979318359,4.85620036500006,"Buiten Kruispunt","Normaal","Droog","buiten bebouwde kom","Nacht, openbare verlichting aanwezig en ontstoken","Gemeenteweg","dodelijk gewonden","personenauto","Voetganger","Met een voetganger","Geen hindernis"
"1360","2019","06","20",2019-06-01,2019-06-01 20:00:00,2024-01-02 20:00:00,"24134","Vlaams Gewest","Provincie Vlaams-Brabant","Scherpenheuvel-Zichem",51.023641985,4.96601105000002,"Buiten Kruispunt","Normaal","Droog","buiten bebouwde kom","Dag","Gemeenteweg","Met doden","Motorfiets","één bestuurder, geen hindernis","Eén bestuurder, geen hindernis (incl. val)","Geen hindernis"
"1361","2019","05","17",2019-05-01,2019-05-01 17:00:00,2024-01-02 17:00:00,"24001","Vlaams Gewest","Provincie Vlaams-Brabant","Aarschot",51.008239867,4.89110295800003,"Buiten Kruispunt","Normaal","Droog","buiten bebouwde kom","Dag","Gemeenteweg","Met doden","Motorfiets","Vrachtwagen","Tussen 2 bestuurders: Flank tegen flank","Geen hindernis"
"1362","2019","05","12",2019-05-01,2019-05-01 12:00:00,2024-01-02 12:00:00,"24020","Vlaams Gewest","Provincie Vlaams-Brabant","Diest",NA,NA,"Buiten Kruispunt","Normaal","Droog","buiten bebouwde kom","Dag","Gemeenteweg","dodelijk gewonden","Motorfiets","een weggebruiker tegen een hindernis","Weggebruiker tegen hindernis buiten rijbaan","Buiten de rijbaan: Verkeerseiland, middenberm"
"1363","2019","04","14",2019-04-01,2019-04-01 14:00:00,2024-01-02 14:00:00,"23099","Vlaams Gewest","Provincie Vlaams-Brabant","Kraainem",50.8499680300001,4.46516994200004,"Op Kruispunt","Normaal","Droog","binnen bebouwde kom","Dag","Gemeenteweg","dodelijk gewonden","personenauto","Voetganger","Met een voetganger","Geen hindernis"
"1364","2019","05","14",2019-05-01,2019-05-01 14:00:00,2024-01-02 14:00:00,"23024","Vlaams Gewest","Provincie Vlaams-Brabant","Gooik",50.7781156010001,4.10423401200006,"Buiten Kruispunt","Regenval","Nat, plassen","buiten bebouwde kom","Dag","Gewestweg","Met doden","personenauto","Vrachtwagen","Tussen 2 bestuurders: Frontale botsing","Geen hindernis"
"1365","2019","03","09",2019-03-01,2019-03-01 09:00:00,2024-01-02 09:00:00,"23016","Vlaams Gewest","Provincie Vlaams-Brabant","Dilbeek",50.8448599160001,4.27480644500002,"Buiten Kruispunt","Normaal","Droog","binnen bebouwde kom","Dag","Gewestweg","Met doden","Voetganger","personenauto","Met een voetganger","Geen hindernis"
"1366","2019","04","13",2019-04-01,2019-04-01 13:00:00,2024-01-02 13:00:00,"23038","Vlaams Gewest","Provincie Vlaams-Brabant","Kampenhout",50.9286530430001,4.52651894000007,"Op Kruispunt","Normaal","Droog","buiten bebouwde kom","Dag","Gewestweg","Met doden","Motorfiets","personenauto","Tss. 2 best.: langs opzij (voor-/achterkant-flank)","Geen hindernis"
"1367","2019","03","23",2019-03-01,2019-03-01 23:00:00,2024-01-02 23:00:00,"44021","Vlaams Gewest","Provincie Oost-Vlaanderen","Gent",NA,NA,"Buiten Kruispunt","Onbekend","Onbekend","binnen bebouwde kom","Onbekend","Gemeenteweg","Met doden","onbekend","onbekend","Andere of onbekend","Geen vermelding van de aanwezigheid van een hindernis"
"1368","2019","04","20",2019-04-01,2019-04-01 20:00:00,2024-01-02 20:00:00,"44073","Vlaams Gewest","Provincie Oost-Vlaanderen","Wachtebeke",51.156906124,3.86267965600007,"Buiten Kruispunt","Normaal","Droog+Proper","buiten bebouwde kom","Dag","Gewestweg","Met doden","personenauto","een weggebruiker tegen een hindernis","Weggebruiker tegen hindernis buiten rijbaan","Buiten de rijbaan: Boom"
"1369","2019","05","07",2019-05-01,2019-05-01 07:00:00,2024-01-02 07:00:00,"43005","Vlaams Gewest","Provincie Oost-Vlaanderen","Eeklo",51.213689457,3.51386604100003,"Buiten Kruispunt","Normaal","Droog","buiten bebouwde kom","Dag","Gewestweg","Met doden","Lichte vrachtauto","Voetganger","Met een voetganger","Geen hindernis"
"1370","2019","05","08",2019-05-01,2019-05-01 08:00:00,2024-01-02 08:00:00,"43007","Vlaams Gewest","Provincie Oost-Vlaanderen","Kaprijke",NA,NA,"Buiten Kruispunt","Normaal","Droog","buiten bebouwde kom","Dag","Gemeenteweg","dodelijk gewonden","Bromfiets","één bestuurder, geen hindernis","Eén bestuurder, geen hindernis (incl. val)","Geen hindernis"