"","DT_YEAR_COLLISION","DT_MONTH_COLLISION","DT_TIME","YEAR_MONTH_DAY","YEAR_MONTH_DAY_HOUR","TIME_DT","CD_NIS","TX_RGN_COLLISION_NL","TX_PROV_COLLISION_NL","TX_MUNTY_COLLISION_NL","LAT_WGS84","LONG_WGS84","TX_CROSSWAY_NL","TX_WEATHER_NL","TX_ROAD_CONDITION_NL","TX_BUILD_UP_AREA_NL","TX_LIGHT_CONDITION_NL","CD_ROAD_TYPE_NL","TX_CLASS_ACCIDENTS_NL","TX_ROAD_USR_TYPE1_NL","TX_ROAD_USR_TYPE2_NL","TX_COLLISION_TYPE_NL","TX_OBSTACLES_NL"
"1371","2019","04","09",2019-04-01,2019-04-01 09:00:00,2024-01-02 09:00:00,"44064","Vlaams Gewest","Provincie Oost-Vlaanderen","Sint-Martens-Latem",51.005674406,3.62538432200006,"Op Kruispunt","Normaal","Droog","buiten bebouwde kom","Dag","Gewestweg","dodelijk gewonden","personenauto","een weggebruiker tegen een hindernis","Weggebruiker tegen hindernis buiten rijbaan","Buiten de rijbaan: Andere paal"
"1372","2019","03","17",2019-03-01,2019-03-01 17:00:00,2024-01-02 17:00:00,"43010","Vlaams Gewest","Provincie Oost-Vlaanderen","Maldegem",51.2033552020001,3.50045415600005,"Buiten Kruispunt","Normaal","Droog+Proper","buiten bebouwde kom","Dag","Gewestweg","dodelijk gewonden","personenauto","een weggebruiker tegen een hindernis","Weggebruiker tegen hindernis buiten rijbaan","Buiten de rijbaan: Andere paal"
"1373","2019","06","22",2019-06-01,2019-06-01 22:00:00,2024-01-02 22:00:00,"43010","Vlaams Gewest","Provincie Oost-Vlaanderen","Maldegem",51.21481032,3.41703600900007,"Buiten Kruispunt","Normaal","Droog","buiten bebouwde kom","Nacht, openbare verlichting aanwezig en ontstoken","Gewestweg","dodelijk gewonden","personenauto","een weggebruiker tegen een hindernis","Weggebruiker tegen hindernis buiten rijbaan","Buiten de rijbaan: Boom"
"1374","2019","04","19",2019-04-01,2019-04-01 19:00:00,2024-01-02 19:00:00,"45060","Vlaams Gewest","Provincie Oost-Vlaanderen","Kluisbergen",50.783426455,3.52747709600004,"Buiten Kruispunt","Normaal","Droog","buiten bebouwde kom","Dag","Gemeenteweg","dodelijk gewonden","Fiets","Voetganger","Met een voetganger","Geen hindernis"
"1375","2019","03","20",2019-03-01,2019-03-01 20:00:00,2024-01-02 20:00:00,"45035","Vlaams Gewest","Provincie Oost-Vlaanderen","Oudenaarde",50.846671417,3.60191176100005,"Op Kruispunt","Normaal","Droog","binnen bebouwde kom","Nacht, openbare verlichting aanwezig en ontstoken","Gemeenteweg","Met doden","personenauto","een weggebruiker tegen een hindernis","Weggebruiker tegen hindernis buiten rijbaan","Andere hindernis"
"1376","2019","03","20",2019-03-01,2019-03-01 20:00:00,2024-01-02 20:00:00,"45035","Vlaams Gewest","Provincie Oost-Vlaanderen","Oudenaarde",50.8295881350001,3.63158804900007,"Buiten Kruispunt","Normaal","Nat, plassen","buiten bebouwde kom","Nacht, openbare verlichting aanwezig en ontstoken","Gewestweg","Met doden","Voetganger","personenauto","Met een voetganger","Geen hindernis"
"1377","2019","05","02",2019-05-01,2019-05-01 02:00:00,2024-01-02 02:00:00,"45035","Vlaams Gewest","Provincie Oost-Vlaanderen","Oudenaarde",50.85536517,3.63232152000006,"Buiten Kruispunt","Regenval","Nat, plassen","binnen bebouwde kom","Nacht, openbare verlichting aanwezig en ontstoken","Gewestweg","Met doden","personenauto","Voetganger","Met een voetganger","Geen hindernis"
"1378","2019","04","20",2019-04-01,2019-04-01 20:00:00,2024-01-02 20:00:00,"45059","Vlaams Gewest","Provincie Oost-Vlaanderen","Brakel",50.8090439750001,3.77007071100007,"Buiten Kruispunt","Normaal","Droog","buiten bebouwde kom","Dag","Gewestweg","Met doden","personenauto","een weggebruiker tegen een hindernis","Weggebruiker tegen hindernis buiten rijbaan","Buiten de rijbaan: Muur gebouw"
"1379","2019","04","13",2019-04-01,2019-04-01 13:00:00,2024-01-02 13:00:00,"46021","Vlaams Gewest","Provincie Oost-Vlaanderen","Sint-Niklaas (Sint-Niklaas)",51.1682210120001,4.03860324300007,"Buiten Kruispunt","Onbekend","Onbekend","onbekend","Dag","Gemeenteweg","Met doden","onbekend","onbekend","Geen vermelding van de type aanrijding","Geen vermelding van de type aanrijding"
"1380","2019","03","10",2019-03-01,2019-03-01 10:00:00,2024-01-02 10:00:00,"46021","Vlaams Gewest","Provincie Oost-Vlaanderen","Sint-Niklaas (Sint-Niklaas)",51.2053030600001,4.19184547200007,"Buiten Kruispunt","Normaal","Droog","buiten bebouwde kom","Dag","Gewestweg","Met doden","personenauto","Fiets","Tussen 2 bestuurders: Langs achteren","Geen hindernis"
"1381","2019","03","21",2019-03-01,2019-03-01 21:00:00,2024-01-02 21:00:00,"46025","Vlaams Gewest","Provincie Oost-Vlaanderen","Temse",51.166144511,4.21261749400003,"Buiten Kruispunt","Normaal","Droog","binnen bebouwde kom","Nacht, openbare verlichting aanwezig en ontstoken","Gemeenteweg","Met doden","Motorfiets","een weggebruiker tegen een hindernis","Weggebruiker tegen hindernis buiten rijbaan","Buiten de rijbaan: Omheining"
"1382","2019","04","01",2019-04-01,2019-04-01 01:00:00,2024-01-02 01:00:00,"41034","Vlaams Gewest","Provincie Oost-Vlaanderen","Lede",50.9661803540001,3.88197713300002,"Buiten Kruispunt","Normaal","Droog","buiten bebouwde kom","Nacht, openbare verlichting aanwezig en ontstoken","Gewestweg","dodelijk gewonden","personenauto","een weggebruiker tegen een hindernis","Weggebruiker tegen hindernis buiten rijbaan","Buiten de rijbaan: Boom"
"1383","2019","04","17",2019-04-01,2019-04-01 17:00:00,2024-01-02 17:00:00,"41048","Vlaams Gewest","Provincie Oost-Vlaanderen","Ninove",50.818574407,3.96534353600003,"Buiten Kruispunt","Normaal","Droog","binnen bebouwde kom","Dag","Gemeenteweg","Met doden","Motorfiets","een weggebruiker tegen een hindernis","Weggebruiker tegen hindernis buiten rijbaan","Buiten de rijbaan: Andere paal"
"1384","2019","05","21",2019-05-01,2019-05-01 21:00:00,2024-01-02 21:00:00,"31005","Vlaams Gewest","Provincie West-Vlaanderen","Brugge",51.2225363200001,3.22422921400005,"Buiten Kruispunt","Normaal","Droog","binnen bebouwde kom","Nacht, openbare verlichting aanwezig en ontstoken","Gewestweg","Met doden","Bromfiets","een weggebruiker tegen een hindernis","Weggebruiker tegen hindernis op de rijbaan","Op de rijbaan: Put, straatgoot, tramspoor"
"1385","2019","03","06",2019-03-01,2019-03-01 06:00:00,2024-01-02 06:00:00,"31005","Vlaams Gewest","Provincie West-Vlaanderen","Brugge",51.189772598,3.24330542600006,"Buiten Kruispunt","Onbekend","Nat, plassen","binnen bebouwde kom","Nacht, openbare verlichting aanwezig en ontstoken","Gemeenteweg","Met doden","Bromfiets","personenauto","Tussen 2 bestuurders: Frontale botsing","Geen hindernis"
"1386","2019","03","23",2019-03-01,2019-03-01 23:00:00,2024-01-02 23:00:00,"31005","Vlaams Gewest","Provincie West-Vlaanderen","Brugge",51.222168459,3.23381236900002,"Buiten Kruispunt","Regenval","Nat, plassen","buiten bebouwde kom","Nacht, openbare verlichting aanwezig en ontstoken","Gewestweg","Met doden","personenauto","een weggebruiker tegen een hindernis","Weggebruiker tegen hindernis buiten rijbaan","Buiten de rijbaan: Verkeerseiland, middenberm"
"1387","2019","05","21",2019-05-01,2019-05-01 21:00:00,2024-01-02 21:00:00,"31006","Vlaams Gewest","Provincie West-Vlaanderen","Damme",NA,NA,"Buiten Kruispunt","Regenval","Nat, plassen","buiten bebouwde kom","Dageraad - schemering","Gemeenteweg","Met doden","personenauto","een weggebruiker tegen een hindernis","Weggebruiker tegen hindernis buiten rijbaan","Andere hindernis"
"1388","2019","04","09",2019-04-01,2019-04-01 09:00:00,2024-01-02 09:00:00,"37015","Vlaams Gewest","Provincie West-Vlaanderen","Tielt (Tielt)",50.9942427990001,3.32570262600007,"Op Kruispunt","Normaal","Droog+Proper","binnen bebouwde kom","Dag","Gewestweg","Met doden","Vrachtwagen","Fiets","Tussen 2 bestuurders: Langs achteren","Geen hindernis"
"1389","2019","04","17",2019-04-01,2019-04-01 17:00:00,2024-01-02 17:00:00,"35002","Vlaams Gewest","Provincie West-Vlaanderen","Bredene",NA,NA,"Buiten Kruispunt","Normaal","Droog","buiten bebouwde kom","Dag","Gewestweg","Met doden","Motorfiets","een weggebruiker tegen een hindernis","Weggebruiker tegen hindernis buiten rijbaan","Buiten de rijbaan: Verlichtingspaal"
"1390","2019","05","15",2019-05-01,2019-05-01 15:00:00,2024-01-02 15:00:00,"35014","Vlaams Gewest","Provincie West-Vlaanderen","Oudenburg",NA,NA,"Op Kruispunt","Normaal","Droog","buiten bebouwde kom","Dag","Gemeenteweg","dodelijk gewonden","Fiets","een weggebruiker tegen een hindernis","Weggebruiker tegen hindernis op de rijbaan","Op de rijbaan: Verkeersdrempel, ezelsrug"
"1391","2019","06","21",2019-06-01,2019-06-01 21:00:00,2024-01-02 21:00:00,"34025","Vlaams Gewest","Provincie West-Vlaanderen","Lendelede",50.885194723,3.25836443500003,"Buiten Kruispunt","Normaal","Droog","buiten bebouwde kom","Dag","Gewestweg","Met doden","personenauto","Motorfiets","Tussen 2 bestuurders: Flank tegen flank","Geen hindernis"
"1392","2019","05","01",2019-05-01,2019-05-01 01:00:00,2024-01-02 01:00:00,"34040","Vlaams Gewest","Provincie West-Vlaanderen","Waregem",50.895142288,3.43065761700006,"Buiten Kruispunt","Normaal","Droog","binnen bebouwde kom","Nacht, openbare verlichting aanwezig en ontstoken","Gewestweg","Met doden","personenauto","een weggebruiker tegen een hindernis","Weggebruiker tegen hindernis buiten rijbaan","Andere hindernis"
"1393","2019","03","15",2019-03-01,2019-03-01 15:00:00,2024-01-02 15:00:00,"34040","Vlaams Gewest","Provincie West-Vlaanderen","Waregem",50.8759820920001,3.41811857900006,"Buiten Kruispunt","Normaal","Droog","binnen bebouwde kom","Dag","Gemeenteweg","dodelijk gewonden","personenauto","personenauto","Tss. 2 best.: langs opzij (voor-/achterkant-flank)","Geen hindernis"
"1394","2019","03","06",2019-03-01,2019-03-01 06:00:00,2024-01-02 06:00:00,"38008","Vlaams Gewest","Provincie West-Vlaanderen","De Panne",51.0980114320001,2.58328853200004,"Op Kruispunt","Regenval+Sterke wind, rukwind","Nat, plassen","binnen bebouwde kom","Nacht, openbare verlichting aanwezig en ontstoken","Gewestweg","Met doden","onbekend","onbekend","Andere of onbekend","Geen vermelding van de aanwezigheid van een hindernis"
"1395","2019","04","21",2019-04-01,2019-04-01 21:00:00,2024-01-02 21:00:00,"36019","Vlaams Gewest","Provincie West-Vlaanderen","Staden",50.9412472980001,2.98836565900007,"Buiten Kruispunt","Normaal","Droog","buiten bebouwde kom","Nacht, openbare verlichting aanwezig en ontstoken","Gemeenteweg","Met doden","Lichte vrachtauto","Fiets","Tussen 2 bestuurders: Frontale botsing","Geen hindernis"
"1396","2019","06","12",2019-06-01,2019-06-01 12:00:00,2024-01-02 12:00:00,"33011","Vlaams Gewest","Provincie West-Vlaanderen","Ieper",NA,NA,"Buiten Kruispunt","Normaal","Droog","buiten bebouwde kom","Dag","Gemeenteweg","dodelijk gewonden","personenauto","een weggebruiker tegen een hindernis","Weggebruiker tegen hindernis buiten rijbaan","Buiten de rijbaan: Verlichtingspaal"
"1397","2019","04","16",2019-04-01,2019-04-01 16:00:00,2024-01-02 16:00:00,"73042","Vlaams Gewest","Provincie Limburg","Lanaken",NA,NA,"Buiten Kruispunt","Normaal","Droog","buiten bebouwde kom","Dag","Gewestweg","Met doden","personenauto","één bestuurder, geen hindernis","Eén bestuurder, geen hindernis (incl. val)","Geen hindernis"
"1398","2019","06","01",2019-06-01,2019-06-01 01:00:00,2024-01-02 01:00:00,"11002","Vlaams Gewest","Provincie Antwerpen","Antwerpen",NA,NA,"Buiten Kruispunt","Normaal","Droog","buiten bebouwde kom","Nacht, geen openbare verlichting aanwezig","Gemeenteweg","dodelijk gewonden","Fiets","een weggebruiker tegen een hindernis","Weggebruiker tegen hindernis op de rijbaan","Op de rijbaan: Werken (signal., aarde, toestel,…)"
"1399","2019","05","10",2019-05-01,2019-05-01 10:00:00,2024-01-02 10:00:00,"12040","Vlaams Gewest","Provincie Antwerpen","Willebroek",51.0401460370001,4.35559421300007,"Buiten Kruispunt","Normaal","Droog","buiten bebouwde kom","Dag","Gemeenteweg","Met doden","Fiets","een weggebruiker tegen een hindernis","Weggebruiker tegen hindernis op de rijbaan","Op de rijbaan: Werken (signal., aarde, toestel,…)"
"1400","2019","04","14",2019-04-01,2019-04-01 14:00:00,2024-01-02 14:00:00,"12040","Vlaams Gewest","Provincie Antwerpen","Willebroek",51.070552149,4.39269940000003,"Op Kruispunt","Normaal","Droog","buiten bebouwde kom","Dag","Gemeenteweg","Met doden","Fiets","Autobus","Tussen 2 bestuurders: Flank tegen flank","Geen hindernis"
"1401","2019","05","14",2019-05-01,2019-05-01 14:00:00,2024-01-02 14:00:00,"71066","Vlaams Gewest","Provincie Limburg","Zonhoven",50.998930403,5.33273471700005,"Op Kruispunt","Normaal","Droog","buiten bebouwde kom","Dag","Gewestweg","dodelijk gewonden","Fiets","personenauto","Tss. 2 best.: langs opzij (voor-/achterkant-flank)","Geen hindernis"
"1402","2019","05","15",2019-05-01,2019-05-01 15:00:00,2024-01-02 15:00:00,"24059","Vlaams Gewest","Provincie Vlaams-Brabant","Landen",50.7577816830001,5.07928690100005,"Buiten Kruispunt","Normaal","Droog","binnen bebouwde kom","Dag","Gemeenteweg","dodelijk gewonden","Fiets","personenauto","Tss. 2 best.: langs opzij (voor-/achterkant-flank)","Geen hindernis"
"1403","2019","06","12",2019-06-01,2019-06-01 12:00:00,2024-01-02 12:00:00,"11044","Vlaams Gewest","Provincie Antwerpen","Stabroek",51.3219409880001,4.35145142500005,"Buiten Kruispunt","Normaal","Droog","buiten bebouwde kom","Dag","Autosnelweg","Met doden","Vrachtwagen","personenauto","Kettingbotsing (3 bestuurders of meer)","Geen hindernis"
"1404","2019","06","17",2019-06-01,2019-06-01 17:00:00,2024-01-02 17:00:00,"44021","Vlaams Gewest","Provincie Oost-Vlaanderen","Gent",51.0074024950001,3.72432883800008,"Buiten Kruispunt","Normaal","Droog","buiten bebouwde kom","Dag","Autosnelweg","dodelijk gewonden","personenauto","Motorfiets","Tss. 2 best.: langs opzij (voor-/achterkant-flank)","Geen hindernis"
"1405","2019","06","12",2019-06-01,2019-06-01 12:00:00,2024-01-02 12:00:00,"57027","Waals Gewest","Provincie Henegouwen","Estaimpuis",50.6502310860001,3.29467766400006,"Buiten Kruispunt","Normaal","Proper","buiten bebouwde kom","Dag","Autosnelweg","Met doden","Vrachtwagen","Vrachtwagen","Tussen 2 bestuurders: Langs achteren","Geen hindernis"
"1406","2019","06","17",2019-06-01,2019-06-01 17:00:00,2024-01-02 17:00:00,"91114","Waals Gewest","Provincie Namen","Rochefort",50.1715712880001,5.06943354500004,"Buiten Kruispunt","Normaal","Droog+Proper","buiten bebouwde kom","Dag","Autosnelweg","Met doden","personenauto","Vrachtwagen","Tussen 2 bestuurders: Langs achteren","Geen hindernis"
"1407","2019","06","15",2019-06-01,2019-06-01 15:00:00,2024-01-02 15:00:00,"63046","Waals Gewest","Provincie Luik","Limburg",50.649747167,5.93266176500003,"Buiten Kruispunt","Normaal","Droog+Proper","buiten bebouwde kom","Dag","Autosnelweg","Met doden","personenauto","Vrachtwagen","Tussen 2 bestuurders: Langs achteren","Geen hindernis"
"1408","2019","06","08",2019-06-01,2019-06-01 08:00:00,2024-01-02 08:00:00,"25112","Waals Gewest","Provincie Waals-Brabant","Waver",50.7308026580001,4.56672138400006,"Buiten Kruispunt","Normaal","Onbekend","binnen bebouwde kom","Dag","Gemeenteweg","Met doden","Lichte vrachtauto","Voetganger","Met een voetganger","Geen hindernis"
"1409","2019","06","22",2019-06-01,2019-06-01 22:00:00,2024-01-02 22:00:00,"25084","Waals Gewest","Provincie Waals-Brabant","Perwijs (Nijvel)",50.6497315010001,4.79698328700005,"Buiten Kruispunt","Normaal","Proper","buiten bebouwde kom","Nacht, geen openbare verlichting aanwezig","Gewestweg","Met doden","Fiets","personenauto","Tussen 2 bestuurders: Langs achteren","Geen hindernis"
"1410","2019","06","00",2019-06-01,2019-06-01 00:00:00,2024-01-02 00:00:00,"62063","Waals Gewest","Provincie Luik","Luik",50.6350505190001,5.56926625500006,"Buiten Kruispunt","Onbekend","Onbekend","binnen bebouwde kom","Nacht, openbare verlichting aanwezig en ontstoken","Gewestweg","Met doden","personenauto","personenauto","Tss. 2 best.: langs opzij (voor-/achterkant-flank)","Geen hindernis"
"1411","2019","06","13",2019-06-01,2019-06-01 13:00:00,2024-01-02 13:00:00,"63076","Waals Gewest","Provincie Luik","Theux",50.539144465,5.82252023300003,"Buiten Kruispunt","Normaal","Droog","buiten bebouwde kom","Dag","Gewestweg","Met doden","Motorfiets","personenauto","Tss. 2 best.: langs opzij (voor-/achterkant-flank)","Geen hindernis"
"1412","2019","06","16",2019-06-01,2019-06-01 16:00:00,2024-01-02 16:00:00,"63049","Waals Gewest","Provincie Luik","Malmedy",50.424455107,6.02124549400003,"Buiten Kruispunt","Onbekend","Droog","binnen bebouwde kom","Dag","Gewestweg","Met doden","onbekend","onbekend","Andere of onbekend","Geen vermelding van de aanwezigheid van een hindernis"
"1413","2019","06","15",2019-06-01,2019-06-01 15:00:00,2024-01-02 15:00:00,"83040","Waals Gewest","Provincie Luxemburg","Nassogne",50.1276489420001,5.36484351800004,"Buiten Kruispunt","Normaal","Proper","buiten bebouwde kom","Dag","Gewestweg","Met doden","Motorfiets","een weggebruiker tegen een hindernis","Weggebruiker tegen hindernis buiten rijbaan","Buiten de rijbaan: Boom"
"1414","2019","06","09",2019-06-01,2019-06-01 09:00:00,2024-01-02 09:00:00,"92138","Waals Gewest","Provincie Namen","Fernelmont",50.5673642730001,4.94216120900006,"Op Kruispunt","Normaal","Droog+Proper","buiten bebouwde kom","Dag","Gewestweg","dodelijk gewonden","personenauto","Fiets","Tss. 2 best.: langs opzij (voor-/achterkant-flank)","Geen hindernis"
"1415","2019","06","17",2019-06-01,2019-06-01 17:00:00,2024-01-02 17:00:00,"91013","Waals Gewest","Provincie Namen","Beauraing",50.0996277090001,4.99169100200004,"Buiten Kruispunt","Normaal","Droog","buiten bebouwde kom","Dag","Gewestweg","Met doden","Motorfiets","personenauto","Kettingbotsing (3 bestuurders of meer)","Geen hindernis"
"1416","2019","06","20",2019-06-01,2019-06-01 20:00:00,2024-01-02 20:00:00,"91143","Waals Gewest","Provincie Namen","Vresse-sur-Semois",NA,NA,"Buiten Kruispunt","Regenval","Nat, plassen","buiten bebouwde kom","Dag","Gewestweg","dodelijk gewonden","Andere weggebruiker","Andere weggebruiker","Tss. 2 best.: langs opzij (voor-/achterkant-flank)","Geen hindernis"
"1417","2019","06","17",2019-06-01,2019-06-01 17:00:00,2024-01-02 17:00:00,"93090","Waals Gewest","Provincie Namen","Viroinval",50.067705609,4.57221932900006,"Buiten Kruispunt","Normaal","Proper","buiten bebouwde kom","Dag","Gewestweg","Met doden","personenauto","personenauto","Tussen 2 bestuurders: Frontale botsing","Geen hindernis"
"1418","2019","06","03",2019-06-01,2019-06-01 03:00:00,2024-01-02 03:00:00,"91030","Waals Gewest","Provincie Namen","Ciney",50.2887771360001,5.10611951500005,"Buiten Kruispunt","Normaal","Proper","buiten bebouwde kom","Nacht, openbare verlichting aanwezig en ontstoken","Gewestweg","Met doden","personenauto","personenauto","Tussen 2 bestuurders: Frontale botsing","Geen hindernis"
"1419","2019","06","06",2019-06-01,2019-06-01 06:00:00,2024-01-02 06:00:00,"57081","Waals Gewest","Provincie Henegouwen","Doornik",50.6028832380001,3.42799303900006,"Buiten Kruispunt","Normaal","Proper","buiten bebouwde kom","Dageraad - schemering","Gewestweg","Met doden","personenauto","een weggebruiker tegen een hindernis","Weggebruiker tegen hindernis buiten rijbaan","Buiten de rijbaan: Muur gebouw"
"1420","2019","06","21",2019-06-01,2019-06-01 21:00:00,2024-01-02 21:00:00,"53053","Waals Gewest","Provincie Henegouwen","Bergen",50.4673956410001,4.06446896400007,"Buiten Kruispunt","Normaal","Droog+Proper","binnen bebouwde kom","Dag","Gemeenteweg","dodelijk gewonden","Motorfiets","een weggebruiker tegen een hindernis","Weggebruiker tegen hindernis op de rijbaan","Op de rijbaan: Verkeersdrempel, ezelsrug"
"1421","2019","06","14",2019-06-01,2019-06-01 14:00:00,2024-01-02 14:00:00,"53053","Waals Gewest","Provincie Henegouwen","Bergen",NA,NA,"Buiten Kruispunt","Normaal","Droog","binnen bebouwde kom","Dag","Gemeenteweg","dodelijk gewonden","personenauto","Voetganger","Met een voetganger","Geen hindernis"
"1422","2019","06","18",2019-06-01,2019-06-01 18:00:00,2024-01-02 18:00:00,"53046","Waals Gewest","Provincie Henegouwen","Lens",NA,NA,"Buiten Kruispunt","Normaal","Droog","buiten bebouwde kom","Nacht, openbare verlichting aanwezig en ontstoken","Gemeenteweg","Met doden","personenauto","Fiets","Tss. 2 best.: langs opzij (voor-/achterkant-flank)","Geen hindernis"
"1423","2019","06","20",2019-06-01,2019-06-01 20:00:00,2024-01-02 20:00:00,"53020","Waals Gewest","Provincie Henegouwen","Dour",50.383002139,3.77724275200006,"Buiten Kruispunt","Normaal","Droog","buiten bebouwde kom","Dageraad - schemering","Gewestweg","Met doden","Motorfiets","één bestuurder, geen hindernis","Eén bestuurder, geen hindernis (incl. val)","Geen hindernis"
"1424","2019","06","16",2019-06-01,2019-06-01 16:00:00,2024-01-02 16:00:00,"56078","Waals Gewest","Provincie Henegouwen","Thuin",50.354035905,4.28211743200006,"Buiten Kruispunt","Normaal","Droog","binnen bebouwde kom","Dag","Gewestweg","Met doden","personenauto","personenauto","Tussen 2 bestuurders: Flank tegen flank","Geen hindernis"
"1425","2019","06","05",2019-06-01,2019-06-01 05:00:00,2024-01-02 05:00:00,"21007","Brussels Hoofdstedelijk Gewest",NA,"Vorst (Brussel-Hoofdstad)",50.808203458,4.31250373100005,"Buiten Kruispunt","Andere (dikke rook,...)","Proper","binnen bebouwde kom","Dag","Gewestweg","Met doden","Motorfiets","personenauto","Tss. 2 best.: langs opzij (voor-/achterkant-flank)","Geen hindernis"
"1426","2019","06","23",2019-06-01,2019-06-01 23:00:00,2024-01-02 23:00:00,"11002","Vlaams Gewest","Provincie Antwerpen","Antwerpen",51.2034175300001,4.43725594700004,"Op Kruispunt","Normaal","Droog","buiten bebouwde kom","Nacht, openbare verlichting aanwezig en ontstoken","Gewestweg","dodelijk gewonden","personenauto","Fiets","Tussen 2 bestuurders: Frontale botsing","Geen hindernis"
"1427","2019","06","06",2019-06-01,2019-06-01 06:00:00,2024-01-02 06:00:00,"11002","Vlaams Gewest","Provincie Antwerpen","Antwerpen",NA,NA,"Buiten Kruispunt","Normaal","Droog","binnen bebouwde kom","Dag","Gewestweg","Met doden","Vrachtwagen","Motorfiets","Tussen 2 bestuurders: Flank tegen flank","Geen hindernis"
"1428","2019","06","14",2019-06-01,2019-06-01 14:00:00,2024-01-02 14:00:00,"11057","Vlaams Gewest","Provincie Antwerpen","Malle",51.276824671,4.65398178600003,"Buiten Kruispunt","Normaal","Droog","buiten bebouwde kom","Dag","Gewestweg","dodelijk gewonden","Autobus","Voetganger","Met een voetganger","Geen hindernis"
"1429","2019","06","00",2019-06-01,2019-06-01 00:00:00,2024-01-02 00:00:00,"12009","Vlaams Gewest","Provincie Antwerpen","Duffel",51.0812461460001,4.49753082700005,"Buiten Kruispunt","Normaal","Droog","buiten bebouwde kom","Nacht, openbare verlichting aanwezig en ontstoken","Gewestweg","Met doden","Motorfiets","een weggebruiker tegen een hindernis","Weggebruiker tegen hindernis buiten rijbaan","Andere hindernis"
"1430","2019","06","04",2019-06-01,2019-06-01 04:00:00,2024-01-02 04:00:00,"13008","Vlaams Gewest","Provincie Antwerpen","Geel",51.129587911,5.01127723300004,"Buiten Kruispunt","Onbekend","Droog","binnen bebouwde kom","Nacht, openbare verlichting aanwezig en ontstoken","Gewestweg","Met doden","Vrachtwagen","Voetganger","Met een voetganger","Geen hindernis"
"1431","2019","06","13",2019-06-01,2019-06-01 13:00:00,2024-01-02 13:00:00,"13006","Vlaams Gewest","Provincie Antwerpen","Dessel",NA,NA,"Buiten Kruispunt","Normaal","Droog","buiten bebouwde kom","Dag","Gemeenteweg","dodelijk gewonden","Fiets","een weggebruiker tegen een hindernis","Weggebruiker tegen hindernis op de rijbaan","Op de rijbaan: Lading"
"1432","2019","06","13",2019-06-01,2019-06-01 13:00:00,2024-01-02 13:00:00,"71034","Vlaams Gewest","Provincie Limburg","Leopoldsburg",NA,NA,"Buiten Kruispunt","Normaal","Droog","buiten bebouwde kom","Dag","Gewestweg","Met doden","Vrachtwagen","Fiets","Tss. 2 best.: langs opzij (voor-/achterkant-flank)","Geen hindernis"
"1433","2019","06","10",2019-06-01,2019-06-01 10:00:00,2024-01-02 10:00:00,"73098","Vlaams Gewest","Provincie Limburg","Wellen",50.862178553,5.35454822400004,"Buiten Kruispunt","Normaal","Droog+Proper","buiten bebouwde kom","Dag","Gemeenteweg","dodelijk gewonden","Fiets","Fiets","Kettingbotsing (3 bestuurders of meer)","Geen hindernis"
"1434","2019","06","09",2019-06-01,2019-06-01 09:00:00,2024-01-02 09:00:00,"72039","Vlaams Gewest","Provincie Limburg","Houthalen-Helchteren",NA,NA,"Buiten Kruispunt","Normaal","Droog","buiten bebouwde kom","Dag","Gemeenteweg","Met doden","Fiets","één bestuurder, geen hindernis","Eén bestuurder, geen hindernis (incl. val)","Geen hindernis"
"1435","2019","06","19",2019-06-01,2019-06-01 19:00:00,2024-01-02 19:00:00,"72018","Vlaams Gewest","Provincie Limburg","Kinrooi",51.1515058940001,5.74194257600004,"Buiten Kruispunt","Normaal","Droog","buiten bebouwde kom","Dag","Gewestweg","Met doden","Fiets","personenauto","Tss. 2 best.: langs opzij (voor-/achterkant-flank)","Geen hindernis"
"1436","2019","06","00",2019-06-01,2019-06-01 00:00:00,2024-01-02 00:00:00,"24094","Vlaams Gewest","Provincie Vlaams-Brabant","Rotselaar",50.963403671,4.69686698500004,"Buiten Kruispunt","Normaal","Vuil (zand, grint, bladeren,...)","buiten bebouwde kom","Nacht, geen openbare verlichting aanwezig","Gemeenteweg","dodelijk gewonden","personenauto","Voetganger","Met een voetganger","Geen hindernis"
"1437","2019","06","09",2019-06-01,2019-06-01 09:00:00,2024-01-02 09:00:00,"42025","Vlaams Gewest","Provincie Oost-Vlaanderen","Wetteren",50.970088446,3.86109229300007,"Buiten Kruispunt","Normaal","Droog","buiten bebouwde kom","Dag","Gemeenteweg","Met doden","Fiets","één bestuurder, geen hindernis","Eén bestuurder, geen hindernis (incl. val)","Geen hindernis"
"1438","2019","06","20",2019-06-01,2019-06-01 20:00:00,2024-01-02 20:00:00,"41002","Vlaams Gewest","Provincie Oost-Vlaanderen","Aalst (Aalst)",50.9159963120001,4.09019547100007,"Buiten Kruispunt","Normaal","Droog","buiten bebouwde kom","Dag","Gewestweg","dodelijk gewonden","Bromfiets","een weggebruiker tegen een hindernis","Weggebruiker tegen hindernis buiten rijbaan","Buiten de rijbaan: Verlichtingspaal"
"1439","2019","06","17",2019-06-01,2019-06-01 17:00:00,2024-01-02 17:00:00,"42006","Vlaams Gewest","Provincie Oost-Vlaanderen","Dendermonde",51.010981664,4.02738905800004,"Buiten Kruispunt","Normaal","Droog","buiten bebouwde kom","Dag","Gewestweg","Met doden","personenauto","personenauto","Tussen 2 bestuurders: Frontale botsing","Geen hindernis"