"","DT_YEAR_COLLISION","DT_MONTH_COLLISION","DT_TIME","YEAR_MONTH_DAY","YEAR_MONTH_DAY_HOUR","TIME_DT","CD_NIS","TX_RGN_COLLISION_NL","TX_PROV_COLLISION_NL","TX_MUNTY_COLLISION_NL","LAT_WGS84","LONG_WGS84","TX_CROSSWAY_NL","TX_WEATHER_NL","TX_ROAD_CONDITION_NL","TX_BUILD_UP_AREA_NL","TX_LIGHT_CONDITION_NL","CD_ROAD_TYPE_NL","TX_CLASS_ACCIDENTS_NL","TX_ROAD_USR_TYPE1_NL","TX_ROAD_USR_TYPE2_NL","TX_COLLISION_TYPE_NL","TX_OBSTACLES_NL"
"1440","2019","06","12",2019-06-01,2019-06-01 12:00:00,2024-01-02 12:00:00,"35011","Vlaams Gewest","Provincie West-Vlaanderen","Middelkerke",51.185435828,2.81304800500004,"Buiten Kruispunt","Normaal","Droog","binnen bebouwde kom","Dag","Gewestweg","Met doden","personenauto","een weggebruiker tegen een hindernis","Weggebruiker tegen hindernis buiten rijbaan","Buiten de rijbaan: Muur gebouw"
"1441","2019","06","17",2019-06-01,2019-06-01 17:00:00,2024-01-02 17:00:00,"35005","Vlaams Gewest","Provincie West-Vlaanderen","Gistel",51.1300313410001,2.89403448100006,"Buiten Kruispunt","Normaal","Droog","buiten bebouwde kom","Dag","Gewestweg","Met doden","Motorfiets","een weggebruiker tegen een hindernis","Weggebruiker tegen hindernis buiten rijbaan","Andere hindernis"
"1442","2019","06","07",2019-06-01,2019-06-01 07:00:00,2024-01-02 07:00:00,"34022","Vlaams Gewest","Provincie West-Vlaanderen","Kortrijk",50.788393818,3.31773442100007,"Op Kruispunt","Normaal","Droog","buiten bebouwde kom","Dag","Gemeenteweg","dodelijk gewonden","personenauto","personenauto","Tss. 2 best.: langs opzij (voor-/achterkant-flank)","Geen hindernis"
"1443","2019","06","07",2019-06-01,2019-06-01 07:00:00,2024-01-02 07:00:00,"34040","Vlaams Gewest","Provincie West-Vlaanderen","Waregem",50.9090535110001,3.40714200100007,"Buiten Kruispunt","Normaal","Droog","binnen bebouwde kom","Dag","Gemeenteweg","dodelijk gewonden","Lichte vrachtauto","Fiets","Tussen 2 bestuurders: Flank tegen flank","Geen hindernis"
"1444","2019","06","06",2019-06-01,2019-06-01 06:00:00,2024-01-02 06:00:00,"11002","Vlaams Gewest","Provincie Antwerpen","Antwerpen",NA,NA,"Buiten Kruispunt","Normaal","Droog","buiten bebouwde kom","Dag","Gemeenteweg","dodelijk gewonden","Fiets","Fiets","Tussen 2 bestuurders: Flank tegen flank","Geen hindernis"
"1445","2019","06","14",2019-06-01,2019-06-01 14:00:00,2024-01-02 14:00:00,"12025","Vlaams Gewest","Provincie Antwerpen","Mechelen",NA,NA,"Buiten Kruispunt","Normaal","Droog","buiten bebouwde kom","Dag","Gewestweg","Met doden","personenauto","personenauto","Tss. 2 best.: langs opzij (voor-/achterkant-flank)","Geen hindernis"
"1446","2019","06","13",2019-06-01,2019-06-01 13:00:00,2024-01-02 13:00:00,"44081","Vlaams Gewest","Provincie Oost-Vlaanderen","Zulte",50.92597362,3.47954989200002,"Buiten Kruispunt","Onbekend","Droog","buiten bebouwde kom","Dag","Gewestweg","Met doden","Voetganger","Vrachtwagen","Met een voetganger","Geen hindernis"
"1447","2019","07","08",2019-07-01,2019-07-01 08:00:00,2024-01-02 08:00:00,"11035","Vlaams Gewest","Provincie Antwerpen","Ranst",51.199060925,4.58608628800005,"Buiten Kruispunt","Normaal","Droog","buiten bebouwde kom","Dag","Autosnelweg","Met doden","personenauto","Vrachtwagen","Tussen 2 bestuurders: Langs achteren","Geen hindernis"
"1448","2019","07","10",2019-07-01,2019-07-01 10:00:00,2024-01-02 10:00:00,"12040","Vlaams Gewest","Provincie Antwerpen","Willebroek",51.03994664,4.32962542800004,"Buiten Kruispunt","Normaal","Droog","buiten bebouwde kom","Dag","Autosnelweg","Met doden","personenauto","Vrachtwagen","Kettingbotsing (3 bestuurders of meer)","Geen hindernis"
"1449","2019","07","06",2019-07-01,2019-07-01 06:00:00,2024-01-02 06:00:00,"44021","Vlaams Gewest","Provincie Oost-Vlaanderen","Gent",51.0050915910001,3.74721191600003,"Buiten Kruispunt","Regenval","Nat, plassen","buiten bebouwde kom","Dageraad - schemering","Autosnelweg","dodelijk gewonden","Vrachtwagen","personenauto","Tussen 2 bestuurders: Langs achteren","Geen hindernis"
"1450","2019","07","11",2019-07-01,2019-07-01 11:00:00,2024-01-02 11:00:00,"44083","Vlaams Gewest","Provincie Oost-Vlaanderen","Deinze",51.0587967640001,3.52825373200005,"Buiten Kruispunt","Normaal","Droog","buiten bebouwde kom","Dag","Autosnelweg","Met doden","personenauto","Vrachtwagen","Tussen 2 bestuurders: Langs achteren","Geen hindernis"
"1451","2019","07","19",2019-07-01,2019-07-01 19:00:00,2024-01-02 19:00:00,"34027","Vlaams Gewest","Provincie West-Vlaanderen","Menen",50.8201995360001,3.14743643200006,"Buiten Kruispunt","Normaal","Droog","buiten bebouwde kom","Dag","Autosnelweg","Met doden","personenauto","personenauto","Tussen 2 bestuurders: Frontale botsing","Geen hindernis"
"1452","2019","07","12",2019-07-01,2019-07-01 12:00:00,2024-01-02 12:00:00,"51068","Waals Gewest","Provincie Henegouwen","Opzullik",50.67557255,3.88346847000002,"Buiten Kruispunt","Normaal","Proper","buiten bebouwde kom","Dag","Autosnelweg","Met doden","personenauto","Vrachtwagen","Tussen 2 bestuurders: Frontale botsing","Geen hindernis"
"1453","2019","07","15",2019-07-01,2019-07-01 15:00:00,2024-01-02 15:00:00,"57064","Waals Gewest","Provincie Henegouwen","Péruwelz",50.5487876350001,3.52780541400006,"Buiten Kruispunt","Normaal","Droog+Proper","buiten bebouwde kom","Dag","Autosnelweg","Met doden","personenauto","een weggebruiker tegen een hindernis","Weggebruiker tegen hindernis buiten rijbaan","Buiten de rijbaan: Andere paal"
"1454","2019","08","03",2019-08-01,2019-08-01 03:00:00,2024-01-02 03:00:00,"63048","Waals Gewest","Provincie Luik","Lontzen",50.662809634,6.02217111700003,"Buiten Kruispunt","Normaal","Droog","buiten bebouwde kom","Nacht, openbare verlichting aanwezig en ontstoken","Autosnelweg","Met doden","personenauto","een weggebruiker tegen een hindernis","Weggebruiker tegen hindernis buiten rijbaan","Buiten de rijbaan: Vangrails niet overgestoken"
"1455","2019","08","05",2019-08-01,2019-08-01 05:00:00,2024-01-02 05:00:00,"61019","Waals Gewest","Provincie Luik","Ferrières",50.3795200110001,5.67357642400003,"Buiten Kruispunt","Normaal","Proper","buiten bebouwde kom","Dag","Autosnelweg","Met doden","onbekend","onbekend","Geen vermelding van de type aanrijding","Geen vermelding van de type aanrijding"
"1456","2019","07","04",2019-07-01,2019-07-01 04:00:00,2024-01-02 04:00:00,"62118","Waals Gewest","Provincie Luik","Grâce-Hollogne",50.6178348010001,5.41042845800007,"Buiten Kruispunt","Normaal","Droog+Proper","buiten bebouwde kom","Nacht, openbare verlichting aanwezig en ontstoken","Autosnelweg","Met doden","personenauto","personenauto","Kettingbotsing (3 bestuurders of meer)","Geen hindernis"
"1457","2019","07","01",2019-07-01,2019-07-01 01:00:00,2024-01-02 01:00:00,"62118","Waals Gewest","Provincie Luik","Grâce-Hollogne",50.658565036,5.48721396600007,"Buiten Kruispunt","Normaal","Droog","buiten bebouwde kom","Nacht, openbare verlichting aanwezig en ontstoken","Autosnelweg","Met doden","personenauto","personenauto","Tussen 2 bestuurders: Frontale botsing","Geen hindernis"
"1458","2019","07","22",2019-07-01,2019-07-01 22:00:00,2024-01-02 22:00:00,"63035","Waals Gewest","Provincie Luik","Herve",50.63429024,5.79220408100002,"Buiten Kruispunt","Normaal","Droog","buiten bebouwde kom","Nacht, openbare verlichting aanwezig en ontstoken","Autosnelweg","Met doden","personenauto","een weggebruiker tegen een hindernis","Weggebruiker tegen hindernis buiten rijbaan","Buiten de rijbaan: Vangrails niet overgestoken"
"1459","2019","07","18",2019-07-01,2019-07-01 18:00:00,2024-01-02 18:00:00,"63038","Waals Gewest","Provincie Luik","Jalhay",50.5172102760001,5.94492445600002,"Buiten Kruispunt","Normaal","Droog+Proper","buiten bebouwde kom","Dag","Autosnelweg","Met doden","onbekend","onbekend","Geen vermelding van de type aanrijding","Geen vermelding van de type aanrijding"
"1460","2019","07","11",2019-07-01,2019-07-01 11:00:00,2024-01-02 11:00:00,"84077","Waals Gewest","Provincie Luxemburg","Libramont-Chevigny",49.889386469,5.35700004500006,"Buiten Kruispunt","Normaal","Proper","buiten bebouwde kom","Dag","Autosnelweg","Met doden","Vrachtwagen","personenauto","Tussen 2 bestuurders: Langs achteren","Geen hindernis"
"1461","2019","07","00",2019-07-01,2019-07-01 00:00:00,2024-01-02 00:00:00,"81015","Waals Gewest","Provincie Luxemburg","Messancy",49.6232615760001,5.81018591100008,"Buiten Kruispunt","Normaal","Droog+Proper","buiten bebouwde kom","Nacht, openbare verlichting aanwezig en ontstoken","Gewestweg","Met doden","personenauto","één bestuurder, geen hindernis","Eén bestuurder, geen hindernis (incl. val)","Geen hindernis"
"1462","2019","07","03",2019-07-01,2019-07-01 03:00:00,2024-01-02 03:00:00,"25072","Waals Gewest","Provincie Waals-Brabant","Nijvel",NA,NA,"Op Kruispunt","Onbekend","Onbekend","buiten bebouwde kom","Onbekend","Gewestweg","Met doden","personenauto","een weggebruiker tegen een hindernis","Weggebruiker tegen hindernis buiten rijbaan","Buiten de rijbaan: Gracht"
"1463","2019","07","16",2019-07-01,2019-07-01 16:00:00,2024-01-02 16:00:00,"25031","Waals Gewest","Provincie Waals-Brabant","Genepiën",50.6270222580001,4.38907917200004,"Buiten Kruispunt","Normaal","Proper","binnen bebouwde kom","Dag","Gemeenteweg","Met doden","personenauto","één bestuurder, geen hindernis","Eén bestuurder, geen hindernis (incl. val)","Geen hindernis"
"1464","2019","07","05",2019-07-01,2019-07-01 05:00:00,2024-01-02 05:00:00,"62093","Waals Gewest","Provincie Luik","Saint-Nicolas (Luik)",NA,NA,"Buiten Kruispunt","Normaal","Droog","binnen bebouwde kom","Dag","Gemeenteweg","Met doden","personenauto","Vrachtwagen","Tss. 2 best.: langs opzij (voor-/achterkant-flank)","Geen hindernis"
"1465","2019","07","16",2019-07-01,2019-07-01 16:00:00,2024-01-02 16:00:00,"64076","Waals Gewest","Provincie Luik","Faimes",NA,NA,"Buiten Kruispunt","Normaal","Droog+Proper","buiten bebouwde kom","Dag","Gewestweg","Met doden","Motorfiets","personenauto","Tussen 2 bestuurders: Langs achteren","Geen hindernis"
"1466","2019","07","19",2019-07-01,2019-07-01 19:00:00,2024-01-02 19:00:00,"63049","Waals Gewest","Provincie Luik","Malmedy",50.4217694280001,5.99889382800006,"Buiten Kruispunt","Normaal","Vuil (zand, grint, bladeren,...)","buiten bebouwde kom","Dag","Gewestweg","dodelijk gewonden","Motorfiets","een weggebruiker tegen een hindernis","Weggebruiker tegen hindernis buiten rijbaan","Buiten de rijbaan: Andere paal"
"1467","2019","07","16",2019-07-01,2019-07-01 16:00:00,2024-01-02 16:00:00,"61003","Waals Gewest","Provincie Luik","Amay",50.54067566,5.28366170800007,"Buiten Kruispunt","Normaal","Proper","buiten bebouwde kom","Dag","Gewestweg","Met doden","personenauto","personenauto","Tussen 2 bestuurders: Frontale botsing","Geen hindernis"
"1468","2019","07","03",2019-07-01,2019-07-01 03:00:00,2024-01-02 03:00:00,"61080","Waals Gewest","Provincie Luik","Engis",50.555086632,5.33787339000003,"Buiten Kruispunt","Normaal","Proper","buiten bebouwde kom","Nacht, openbare verlichting aanwezig en ontstoken","Gewestweg","Met doden","personenauto","een weggebruiker tegen een hindernis","Weggebruiker tegen hindernis buiten rijbaan","Buiten de rijbaan: Verlichtingspaal"
"1469","2019","07","11",2019-07-01,2019-07-01 11:00:00,2024-01-02 11:00:00,"61031","Waals Gewest","Provincie Luik","Hoei",50.531838006,5.29614583400007,"Buiten Kruispunt","Normaal","Vuil (zand, grint, bladeren,...)","buiten bebouwde kom","Dag","Gewestweg","Met doden","personenauto","Fiets","Tss. 2 best.: langs opzij (voor-/achterkant-flank)","Geen hindernis"
"1470","2019","07","13",2019-07-01,2019-07-01 13:00:00,2024-01-02 13:00:00,"85009","Waals Gewest","Provincie Luxemburg","Etalle",49.6745327240001,5.62894607500004,"Buiten Kruispunt","Normaal","Proper","buiten bebouwde kom","Dag","Gewestweg","Met doden","Vrachtwagen","personenauto","Tussen 2 bestuurders: Langs achteren","Geen hindernis"
"1471","2019","07","17",2019-07-01,2019-07-01 17:00:00,2024-01-02 17:00:00,"82037","Waals Gewest","Provincie Luxemburg","Gouvy",50.1506072700001,5.78468914700005,"Buiten Kruispunt","Normaal","Proper","buiten bebouwde kom","Dag","Gewestweg","dodelijk gewonden","personenauto","een weggebruiker tegen een hindernis","Weggebruiker tegen hindernis buiten rijbaan","Buiten de rijbaan: Boom"
"1472","2019","07","09",2019-07-01,2019-07-01 09:00:00,2024-01-02 09:00:00,"84077","Waals Gewest","Provincie Luxemburg","Libramont-Chevigny",NA,NA,"Buiten Kruispunt","Normaal","Proper","buiten bebouwde kom","Dag","Gemeenteweg","dodelijk gewonden","Fiets","één bestuurder, geen hindernis","Eén bestuurder, geen hindernis (incl. val)","Geen hindernis"
"1473","2019","07","11",2019-07-01,2019-07-01 11:00:00,2024-01-02 11:00:00,"84029","Waals Gewest","Provincie Luxemburg","Herbeumont",49.7957571480001,5.22454384800005,"Buiten Kruispunt","Normaal","Droog","buiten bebouwde kom","Dag","Gewestweg","Met doden","personenauto","personenauto","Tussen 2 bestuurders: Frontale botsing","Geen hindernis"
"1474","2019","07","16",2019-07-01,2019-07-01 16:00:00,2024-01-02 16:00:00,"92142","Waals Gewest","Provincie Namen","Gembloux",50.566407294,4.69531600500005,"Buiten Kruispunt","Normaal","Droog+Proper","binnen bebouwde kom","Dag","Gemeenteweg","Met doden","personenauto","een weggebruiker tegen een hindernis","Weggebruiker tegen hindernis buiten rijbaan","Buiten de rijbaan: Verlichtingspaal"
"1475","2019","07","19",2019-07-01,2019-07-01 19:00:00,2024-01-02 19:00:00,"92054","Waals Gewest","Provincie Namen","Gesves",NA,NA,"Op Kruispunt","Normaal","Droog+Proper","buiten bebouwde kom","Dag","Gemeenteweg","Met doden","personenauto","Motorfiets","Tss. 2 best.: langs opzij (voor-/achterkant-flank)","Geen hindernis"
"1476","2019","07","15",2019-07-01,2019-07-01 15:00:00,2024-01-02 15:00:00,"92137","Waals Gewest","Provincie Namen","Sambreville",50.419456445,4.63022955900004,"Buiten Kruispunt","Normaal","Proper","binnen bebouwde kom","Dag","Gemeenteweg","dodelijk gewonden","personenauto","een weggebruiker tegen een hindernis","Weggebruiker tegen hindernis buiten rijbaan","Buiten de rijbaan: Verlichtingspaal"
"1477","2019","07","16",2019-07-01,2019-07-01 16:00:00,2024-01-02 16:00:00,"93014","Waals Gewest","Provincie Namen","Couvin",50.048882485,4.45156553400005,"Op Kruispunt","Normaal","Droog+Proper","buiten bebouwde kom","Dag","Gewestweg","Met doden","Lichte vrachtauto","personenauto","Tss. 2 best.: langs opzij (voor-/achterkant-flank)","Geen hindernis"
"1478","2019","07","11",2019-07-01,2019-07-01 11:00:00,2024-01-02 11:00:00,"57093","Waals Gewest","Provincie Henegouwen","Brunehaut",NA,NA,"Buiten Kruispunt","Normaal","Proper","buiten bebouwde kom","Dag","Gemeenteweg","Met doden","Lichte vrachtauto","één bestuurder, geen hindernis","Eén bestuurder, geen hindernis (incl. val)","Geen hindernis"
"1479","2019","07","17",2019-07-01,2019-07-01 17:00:00,2024-01-02 17:00:00,"57064","Waals Gewest","Provincie Henegouwen","Péruwelz",50.5092680070001,3.56009368500003,"Buiten Kruispunt","Normaal","Droog","buiten bebouwde kom","Dag","Gewestweg","Met doden","Motorfiets","Lichte vrachtauto","Tussen 2 bestuurders: Frontale botsing","Geen hindernis"
"1480","2019","07","22",2019-07-01,2019-07-01 22:00:00,2024-01-02 22:00:00,"51004","Waals Gewest","Provincie Henegouwen","Aat",NA,NA,"Buiten Kruispunt","Normaal","Proper","buiten bebouwde kom","Nacht, geen openbare verlichting aanwezig","Gemeenteweg","Met doden","personenauto","Voetganger","Met een voetganger","Geen hindernis"
"1481","2019","07","03",2019-07-01,2019-07-01 03:00:00,2024-01-02 03:00:00,"51004","Waals Gewest","Provincie Henegouwen","Aat",50.6038647940001,3.74349506100003,"Buiten Kruispunt","Normaal","Droog","buiten bebouwde kom","Nacht, geen openbare verlichting aanwezig","Gewestweg","Met doden","personenauto","een weggebruiker tegen een hindernis","Weggebruiker tegen hindernis buiten rijbaan","Buiten de rijbaan: Boom"
"1482","2019","07","15",2019-07-01,2019-07-01 15:00:00,2024-01-02 15:00:00,"53053","Waals Gewest","Provincie Henegouwen","Bergen",50.443379871,3.98626727100003,"Buiten Kruispunt","Normaal","Proper","binnen bebouwde kom","Dag","Gewestweg","Met doden","personenauto","Motorfiets","Tussen 2 bestuurders: Flank tegen flank","Geen hindernis"
"1483","2019","07","02",2019-07-01,2019-07-01 02:00:00,2024-01-02 02:00:00,"58001","Waals Gewest","Provincie Henegouwen","La Louvière",NA,NA,"Buiten Kruispunt","Normaal","Droog","buiten bebouwde kom","Nacht, openb. verlicht. aanw., maar niet ontstoken","Autosnelweg","Met doden","Vrachtwagen","Lichte vrachtauto","Tussen 2 bestuurders: Langs achteren","Geen hindernis"
"1484","2019","07","21",2019-07-01,2019-07-01 21:00:00,2024-01-02 21:00:00,"52011","Waals Gewest","Provincie Henegouwen","Charleroi",50.378304853,4.46635075900002,"Op Kruispunt","Normaal","Droog+Proper","binnen bebouwde kom","Dageraad - schemering","Gewestweg","Met doden","personenauto","personenauto","Tussen 2 bestuurders: Langs achteren","Geen hindernis"
"1485","2019","07","10",2019-07-01,2019-07-01 10:00:00,2024-01-02 10:00:00,"58003","Waals Gewest","Provincie Henegouwen","Estinnes",50.408096991,4.12803465900004,"Op Kruispunt","Normaal","Proper","buiten bebouwde kom","Dag","Gewestweg","Met doden","personenauto","Lichte vrachtauto","Tss. 2 best.: langs opzij (voor-/achterkant-flank)","Geen hindernis"
"1486","2019","07","13",2019-07-01,2019-07-01 13:00:00,2024-01-02 13:00:00,"56044","Waals Gewest","Provincie Henegouwen","Lobbes",50.334576446,4.21057687500007,"Buiten Kruispunt","Normaal","Proper","buiten bebouwde kom","Dag","Gemeenteweg","dodelijk gewonden","Vrachtwagen","Lichte vrachtauto","Tussen 2 bestuurders: Frontale botsing","Geen hindernis"
"1487","2019","07","01",2019-07-01,2019-07-01 01:00:00,2024-01-02 01:00:00,"21004","Brussels Hoofdstedelijk Gewest",NA,"Brussel",50.892595729,4.33337991900004,"Op Kruispunt","Normaal","Proper","binnen bebouwde kom","Nacht, openbare verlichting aanwezig en ontstoken","Gemeenteweg","Met doden","personenauto","personenauto","Tussen 2 bestuurders: Frontale botsing","Geen hindernis"
"1488","2019","07","05",2019-07-01,2019-07-01 05:00:00,2024-01-02 05:00:00,"21004","Brussels Hoofdstedelijk Gewest",NA,"Brussel",50.854905827,4.35926132500003,"Buiten Kruispunt","Normaal","Proper","binnen bebouwde kom","Nacht, openbare verlichting aanwezig en ontstoken","Gemeenteweg","Met doden","personenauto","Voetganger","Met een voetganger","Geen hindernis"
"1489","2019","07","17",2019-07-01,2019-07-01 17:00:00,2024-01-02 17:00:00,"21001","Brussels Hoofdstedelijk Gewest",NA,"Anderlecht",50.827372224,4.31105851100006,"Buiten Kruispunt","Normaal","Droog+Proper","binnen bebouwde kom","Dag","Gemeenteweg","Met doden","onbekend","onbekend","Andere of onbekend","Geen vermelding van de aanwezigheid van een hindernis"
"1490","2019","07","21",2019-07-01,2019-07-01 21:00:00,2024-01-02 21:00:00,"11002","Vlaams Gewest","Provincie Antwerpen","Antwerpen",51.2915022600001,4.42435973900007,"Op Kruispunt","Normaal","Droog","buiten bebouwde kom","Dag","Gemeenteweg","Met doden","personenauto","een weggebruiker tegen een hindernis","Weggebruiker tegen hindernis buiten rijbaan","Buiten de rijbaan: Andere paal"
"1491","2019","07","12",2019-07-01,2019-07-01 12:00:00,2024-01-02 12:00:00,"11023","Vlaams Gewest","Provincie Antwerpen","Kapellen (Antwerpen)",51.314859417,4.42907245300006,"Buiten Kruispunt","Normaal","Droog","binnen bebouwde kom","Dag","Gemeenteweg","dodelijk gewonden","Voetganger","personenauto","Met een voetganger","Geen hindernis"
"1492","2019","07","12",2019-07-01,2019-07-01 12:00:00,2024-01-02 12:00:00,"13008","Vlaams Gewest","Provincie Antwerpen","Geel",51.1576815010001,4.92883973500005,"Op Kruispunt","Onbekend","Droog","buiten bebouwde kom","Dag","Gemeenteweg","Met doden","onbekend","onbekend","Geen vermelding van de type aanrijding","Geen vermelding van de type aanrijding"
"1493","2019","07","18",2019-07-01,2019-07-01 18:00:00,2024-01-02 18:00:00,"71053","Vlaams Gewest","Provincie Limburg","Sint-Truiden",NA,NA,"Op Kruispunt","Onbekend","Droog","buiten bebouwde kom","Dag","Gewestweg","Met doden","Motorfiets","Vrachtwagen","Tussen 2 bestuurders: Langs achteren","Geen hindernis"
"1494","2019","07","06",2019-07-01,2019-07-01 06:00:00,2024-01-02 06:00:00,"73040","Vlaams Gewest","Provincie Limburg","Kortessem",50.8574792900001,5.38721772100007,"Buiten Kruispunt","Normaal","Droog","binnen bebouwde kom","Dag","Gewestweg","Met doden","personenauto","een weggebruiker tegen een hindernis","Weggebruiker tegen hindernis buiten rijbaan","Buiten de rijbaan: Verkeerseiland, middenberm"
"1495","2019","07","12",2019-07-01,2019-07-01 12:00:00,2024-01-02 12:00:00,"73009","Vlaams Gewest","Provincie Limburg","Borgloon",50.807423504,5.35802196100002,"Buiten Kruispunt","Normaal","Droog","buiten bebouwde kom","Dag","Gewestweg","Met doden","Motorfiets","één bestuurder, geen hindernis","Eén bestuurder, geen hindernis (incl. val)","Geen hindernis"
"1496","2019","07","05",2019-07-01,2019-07-01 05:00:00,2024-01-02 05:00:00,"72041","Vlaams Gewest","Provincie Limburg","Dilsen-Stokkem",51.0451332330001,5.73538436700005,"Buiten Kruispunt","Normaal","Droog","buiten bebouwde kom","Dageraad - schemering","Gewestweg","Met doden","personenauto","een weggebruiker tegen een hindernis","Weggebruiker tegen hindernis op de rijbaan","Op de rijbaan: Verkeersdrempel, ezelsrug"
"1497","2019","07","15",2019-07-01,2019-07-01 15:00:00,2024-01-02 15:00:00,"72021","Vlaams Gewest","Provincie Limburg","Maaseik",51.1220489090001,5.72423576900007,"Buiten Kruispunt","Normaal","Droog","buiten bebouwde kom","Dag","Gewestweg","Met doden","personenauto","een weggebruiker tegen een hindernis","Weggebruiker tegen hindernis buiten rijbaan","Buiten de rijbaan: Boom"
"1498","2019","07","13",2019-07-01,2019-07-01 13:00:00,2024-01-02 13:00:00,"23102","Vlaams Gewest","Provincie Vlaams-Brabant","Wemmel",50.912384488,4.31144782200005,"Buiten Kruispunt","Normaal","Droog","binnen bebouwde kom","Dag","Gemeenteweg","Met doden","personenauto","Voetganger","Met een voetganger","Geen hindernis"
"1499","2019","07","19",2019-07-01,2019-07-01 19:00:00,2024-01-02 19:00:00,"23050","Vlaams Gewest","Provincie Vlaams-Brabant","Meise",50.924936954,4.33579950600006,"Buiten Kruispunt","Normaal","Droog","buiten bebouwde kom","Dag","Gewestweg","dodelijk gewonden","Bromfiets","een weggebruiker tegen een hindernis","Weggebruiker tegen hindernis buiten rijbaan","Buiten de rijbaan: Andere paal"
"1500","2019","07","16",2019-07-01,2019-07-01 16:00:00,2024-01-02 16:00:00,"44021","Vlaams Gewest","Provincie Oost-Vlaanderen","Gent",51.057219204,3.74160507400006,"Op Kruispunt","Normaal","Droog","binnen bebouwde kom","Dag","Gewestweg","dodelijk gewonden","onbekend","onbekend","Andere of onbekend","Geen vermelding van de aanwezigheid van een hindernis"
"1501","2019","07","08",2019-07-01,2019-07-01 08:00:00,2024-01-02 08:00:00,"44013","Vlaams Gewest","Provincie Oost-Vlaanderen","Destelbergen",51.0562125770001,3.79273181100007,"Buiten Kruispunt","Normaal","Nat, plassen","binnen bebouwde kom","Dag","Gewestweg","Met doden","personenauto","een weggebruiker tegen een hindernis","Weggebruiker tegen hindernis buiten rijbaan","Buiten de rijbaan: Verlichtingspaal"
"1502","2019","07","15",2019-07-01,2019-07-01 15:00:00,2024-01-02 15:00:00,"42003","Vlaams Gewest","Provincie Oost-Vlaanderen","Berlare",51.0489619680001,3.97652823300007,"Buiten Kruispunt","Normaal","Droog","binnen bebouwde kom","Dag","Gewestweg","Met doden","personenauto","Motorfiets","Tussen 2 bestuurders: Flank tegen flank","Geen hindernis"
"1503","2019","07","02",2019-07-01,2019-07-01 02:00:00,2024-01-02 02:00:00,"31006","Vlaams Gewest","Provincie West-Vlaanderen","Damme",NA,NA,"Buiten Kruispunt","Normaal","Droog","buiten bebouwde kom","Nacht, openbare verlichting aanwezig en ontstoken","Gemeenteweg","dodelijk gewonden","personenauto","Lichte vrachtauto","Tussen 2 bestuurders: Langs achteren","Geen hindernis"
"1504","2019","07","12",2019-07-01,2019-07-01 12:00:00,2024-01-02 12:00:00,"36006","Vlaams Gewest","Provincie West-Vlaanderen","Hooglede",51.0061655850001,3.07564688900004,"Buiten Kruispunt","Normaal","Droog","buiten bebouwde kom","Dag","Gemeenteweg","Met doden","Motorfiets","een weggebruiker tegen een hindernis","Weggebruiker tegen hindernis buiten rijbaan","Buiten de rijbaan: Gracht"
"1505","2019","07","20",2019-07-01,2019-07-01 20:00:00,2024-01-02 20:00:00,"37010","Vlaams Gewest","Provincie West-Vlaanderen","Oostrozebeke",50.9447829000001,3.35475507400003,"Buiten Kruispunt","Normaal","Droog","binnen bebouwde kom","Dag","Gemeenteweg","Met doden","Motorfiets","personenauto","Tussen 2 bestuurders: Frontale botsing","Geen hindernis"
"1506","2019","07","00",2019-07-01,2019-07-01 00:00:00,2024-01-02 00:00:00,"34042","Vlaams Gewest","Provincie West-Vlaanderen","Zwevegem",50.7977825030001,3.39356922900004,"Buiten Kruispunt","Normaal","Droog","buiten bebouwde kom","Nacht, openbare verlichting aanwezig en ontstoken","Gemeenteweg","Met doden","personenauto","Bromfiets","Tussen 2 bestuurders: Frontale botsing","Geen hindernis"
"1507","2019","07","19",2019-07-01,2019-07-01 19:00:00,2024-01-02 19:00:00,"33040","Vlaams Gewest","Provincie West-Vlaanderen","Langemark-Poelkapelle",50.9129968670001,2.92120325300004,"Buiten Kruispunt","Normaal","Droog","binnen bebouwde kom","Dag","Gemeenteweg","dodelijk gewonden","personenauto","een weggebruiker tegen een hindernis","Weggebruiker tegen hindernis buiten rijbaan","Buiten de rijbaan: Gracht"
"1508","2019","07","21",2019-07-01,2019-07-01 21:00:00,2024-01-02 21:00:00,"46003","Vlaams Gewest","Provincie Oost-Vlaanderen","Beveren (Sint-Niklaas)",NA,NA,"Buiten Kruispunt","Normaal","Droog","buiten bebouwde kom","Dageraad - schemering","Gemeenteweg","Met doden","Motorfiets","Lichte vrachtauto","Tussen 2 bestuurders: Flank tegen flank","Geen hindernis"
"1509","2019","07","10",2019-07-01,2019-07-01 10:00:00,2024-01-02 10:00:00,"46020","Vlaams Gewest","Provincie Oost-Vlaanderen","Sint-Gillis-Waas",51.2262499280001,4.11093250100004,"Op Kruispunt","Normaal","Droog","buiten bebouwde kom","Dag","Gemeenteweg","dodelijk gewonden","personenauto","Fiets","Tussen 2 bestuurders: Flank tegen flank","Geen hindernis"