"","DT_YEAR_COLLISION","DT_MONTH_COLLISION","DT_TIME","YEAR_MONTH_DAY","YEAR_MONTH_DAY_HOUR","TIME_DT","CD_NIS","TX_RGN_COLLISION_NL","TX_PROV_COLLISION_NL","TX_MUNTY_COLLISION_NL","LAT_WGS84","LONG_WGS84","TX_CROSSWAY_NL","TX_WEATHER_NL","TX_ROAD_CONDITION_NL","TX_BUILD_UP_AREA_NL","TX_LIGHT_CONDITION_NL","CD_ROAD_TYPE_NL","TX_CLASS_ACCIDENTS_NL","TX_ROAD_USR_TYPE1_NL","TX_ROAD_USR_TYPE2_NL","TX_COLLISION_TYPE_NL","TX_OBSTACLES_NL"
"1510","2019","07","19",2019-07-01,2019-07-01 19:00:00,2024-01-02 19:00:00,"12040","Vlaams Gewest","Provincie Antwerpen","Willebroek",51.033696708,4.35518276600004,"Op Kruispunt","Normaal","Droog","binnen bebouwde kom","Dag","Gemeenteweg","dodelijk gewonden","Fiets","één bestuurder, geen hindernis","Eén bestuurder, geen hindernis (incl. val)","Geen hindernis"
"1511","2019","08","03",2019-08-01,2019-08-01 03:00:00,2024-01-02 03:00:00,"21004","Brussels Hoofdstedelijk Gewest",NA,"Brussel",NA,NA,"Op Kruispunt","Normaal","Droog","binnen bebouwde kom","Nacht, openbare verlichting aanwezig en ontstoken","Gewestweg","Met doden","onbekend","onbekend","Andere of onbekend","Geen vermelding van de aanwezigheid van een hindernis"
"1512","2019","08","05",2019-08-01,2019-08-01 05:00:00,2024-01-02 05:00:00,"21001","Brussels Hoofdstedelijk Gewest",NA,"Anderlecht",50.8191944260001,4.28390142400002,"Buiten Kruispunt","Normaal","Droog+Proper","buiten bebouwde kom","Nacht, openbare verlichting aanwezig en ontstoken","Autosnelweg","Met doden","personenauto","Voetganger","Met een voetganger","Geen hindernis"
"1513","2019","08","10",2019-08-01,2019-08-01 10:00:00,2024-01-02 10:00:00,"23050","Vlaams Gewest","Provincie Vlaams-Brabant","Meise",50.934582531,4.33160008400006,"Buiten Kruispunt","Regenval","Nat, plassen","buiten bebouwde kom","Dag","Autosnelweg","Met doden","personenauto","een weggebruiker tegen een hindernis","Weggebruiker tegen hindernis buiten rijbaan","Buiten de rijbaan: Vangrails overschreden"
"1514","2019","08","20",2019-08-01,2019-08-01 20:00:00,2024-01-02 20:00:00,"58001","Waals Gewest","Provincie Henegouwen","La Louvière",50.4887419830001,4.20231067100002,"Buiten Kruispunt","Normaal","Droog+Proper","buiten bebouwde kom","Dag","Autosnelweg","Met doden","Motorfiets","een weggebruiker tegen een hindernis","Weggebruiker tegen hindernis buiten rijbaan","Buiten de rijbaan: Vangrails niet overgestoken"
"1515","2019","08","08",2019-08-01,2019-08-01 08:00:00,2024-01-02 08:00:00,"55035","Waals Gewest","Provincie Henegouwen","Le Roeulx",50.483296861,4.06934578700003,"Buiten Kruispunt","Normaal","Proper","buiten bebouwde kom","Dag","Autosnelweg","dodelijk gewonden","personenauto","Vrachtwagen","Tussen 2 bestuurders: Langs achteren","Geen hindernis"
"1516","2019","08","13",2019-08-01,2019-08-01 13:00:00,2024-01-02 13:00:00,"92094","Waals Gewest","Provincie Namen","Namen",50.494504938,4.78246467400004,"Buiten Kruispunt","Normaal","Proper","buiten bebouwde kom","Dag","Autosnelweg","Met doden","personenauto","een weggebruiker tegen een hindernis","Weggebruiker tegen hindernis buiten rijbaan","Buiten de rijbaan: Vangrails niet overgestoken"
"1517","2019","08","08",2019-08-01,2019-08-01 08:00:00,2024-01-02 08:00:00,"93056","Waals Gewest","Provincie Namen","Philippeville",50.125185989,4.49369546200006,"Buiten Kruispunt","Normaal","Proper","buiten bebouwde kom","Dag","Gewestweg","dodelijk gewonden","personenauto","een weggebruiker tegen een hindernis","Weggebruiker tegen hindernis buiten rijbaan","Buiten de rijbaan: Verlichtingspaal"
"1518","2019","08","10",2019-08-01,2019-08-01 10:00:00,2024-01-02 10:00:00,"25112","Waals Gewest","Provincie Waals-Brabant","Waver",50.7285455840001,4.59333639100004,"Op Kruispunt","Normaal","Proper","binnen bebouwde kom","Dag","Gewestweg","Met doden","Motorfiets","één bestuurder, geen hindernis","Eén bestuurder, geen hindernis (incl. val)","Geen hindernis"
"1519","2019","08","10",2019-08-01,2019-08-01 10:00:00,2024-01-02 10:00:00,"62099","Waals Gewest","Provincie Luik","Soumagne",50.6358902000001,5.72265343300006,"Buiten Kruispunt","Normaal","Droog+Proper","binnen bebouwde kom","Dag","Gemeenteweg","dodelijk gewonden","Fiets","personenauto","Tss. 2 best.: langs opzij (voor-/achterkant-flank)","Geen hindernis"
"1520","2019","08","16",2019-08-01,2019-08-01 16:00:00,2024-01-02 16:00:00,"63035","Waals Gewest","Provincie Luik","Herve",NA,NA,"Buiten Kruispunt","Normaal","Onbekend","onbekend","Dag","Gemeenteweg","dodelijk gewonden","Andere weggebruiker","één bestuurder, geen hindernis","Eén bestuurder, geen hindernis (incl. val)","Geen hindernis"
"1521","2019","08","17",2019-08-01,2019-08-01 17:00:00,2024-01-02 17:00:00,"63004","Waals Gewest","Provincie Luik","Baelen",50.5640915560001,6.04189127900003,"Buiten Kruispunt","Normaal","Droog","buiten bebouwde kom","Dag","Gewestweg","dodelijk gewonden","personenauto","een weggebruiker tegen een hindernis","Weggebruiker tegen hindernis buiten rijbaan","Buiten de rijbaan: Boom"
"1522","2019","08","15",2019-08-01,2019-08-01 15:00:00,2024-01-02 15:00:00,"63084","Waals Gewest","Provincie Luik","Welkenraedt",50.6771123980001,5.93231652800006,"Op Kruispunt","Normaal","Droog","binnen bebouwde kom","Dag","Gemeenteweg","dodelijk gewonden","personenauto","Motorfiets","Tss. 2 best.: langs opzij (voor-/achterkant-flank)","Geen hindernis"
"1523","2019","08","16",2019-08-01,2019-08-01 16:00:00,2024-01-02 16:00:00,"63073","Waals Gewest","Provincie Luik","Stavelot",NA,NA,"Buiten Kruispunt","Onbekend","Onbekend","onbekend","Onbekend","onbekend","Met doden","onbekend","onbekend","Geen vermelding van de type aanrijding","Geen vermelding van de type aanrijding"
"1524","2019","08","16",2019-08-01,2019-08-01 16:00:00,2024-01-02 16:00:00,"63067","Waals Gewest","Provincie Luik","Sankt Vith",50.255867987,6.10445862000006,"Buiten Kruispunt","Normaal","Proper","buiten bebouwde kom","Dag","Gewestweg","Met doden","personenauto","Vrachtwagen","Tussen 2 bestuurders: Frontale botsing","Geen hindernis"
"1525","2019","08","09",2019-08-01,2019-08-01 09:00:00,2024-01-02 09:00:00,"63023","Waals Gewest","Provincie Luik","Eupen",50.574299427,6.15703108200006,"Buiten Kruispunt","Normaal","Proper","buiten bebouwde kom","Dag","Gewestweg","Met doden","personenauto","een weggebruiker tegen een hindernis","Weggebruiker tegen hindernis buiten rijbaan","Buiten de rijbaan: Boom"
"1526","2019","08","19",2019-08-01,2019-08-01 19:00:00,2024-01-02 19:00:00,"61031","Waals Gewest","Provincie Luik","Hoei",50.503279966,5.27367760400006,"Buiten Kruispunt","Normaal","Nat, plassen","buiten bebouwde kom","Nacht, openbare verlichting aanwezig en ontstoken","Gewestweg","Met doden","personenauto","een weggebruiker tegen een hindernis","Weggebruiker tegen hindernis buiten rijbaan","Buiten de rijbaan: Muur gebouw"
"1527","2019","08","02",2019-08-01,2019-08-01 02:00:00,2024-01-02 02:00:00,"81004","Waals Gewest","Provincie Luxemburg","Aubange",NA,NA,"Buiten Kruispunt","Normaal","Droog+Proper","buiten bebouwde kom","Nacht, geen openbare verlichting aanwezig","Gemeenteweg","Met doden","personenauto","een weggebruiker tegen een hindernis","Weggebruiker tegen hindernis buiten rijbaan","Buiten de rijbaan: Boom"
"1528","2019","08","17",2019-08-01,2019-08-01 17:00:00,2024-01-02 17:00:00,"83031","Waals Gewest","Provincie Luxemburg","La Roche-en-Ardenne",50.175387211,5.59203050400004,"Buiten Kruispunt","Normaal","Droog","buiten bebouwde kom","Dag","Gewestweg","Met doden","Motorfiets","een weggebruiker tegen een hindernis","Weggebruiker tegen hindernis buiten rijbaan","Buiten de rijbaan: Boom"
"1529","2019","08","15",2019-08-01,2019-08-01 15:00:00,2024-01-02 15:00:00,"84010","Waals Gewest","Provincie Luxemburg","Bouillon",50.1950654390001,4.89764723100006,"Buiten Kruispunt","Normaal","Proper","buiten bebouwde kom","Dag","Gewestweg","Met doden","personenauto","Vrachtwagen","Tss. 2 best.: langs opzij (voor-/achterkant-flank)","Geen hindernis"
"1530","2019","08","12",2019-08-01,2019-08-01 12:00:00,2024-01-02 12:00:00,"84035","Waals Gewest","Provincie Luxemburg","Libin",NA,NA,"Op Kruispunt","Normaal","Proper","buiten bebouwde kom","Dag","Gemeenteweg","Met doden","Fiets","één bestuurder, geen hindernis","Eén bestuurder, geen hindernis (incl. val)","Geen hindernis"
"1531","2019","08","09",2019-08-01,2019-08-01 09:00:00,2024-01-02 09:00:00,"91015","Waals Gewest","Provincie Namen","Bièvre",NA,NA,"Buiten Kruispunt","Normaal","Droog","buiten bebouwde kom","Dag","Gemeenteweg","Met doden","personenauto","Andere weggebruiker","Tussen 2 bestuurders: Frontale botsing","Geen hindernis"
"1532","2019","08","16",2019-08-01,2019-08-01 16:00:00,2024-01-02 16:00:00,"91114","Waals Gewest","Provincie Namen","Rochefort",NA,NA,"Buiten Kruispunt","Normaal","Droog","buiten bebouwde kom","Dag","Gewestweg","Met doden","Vrachtwagen","personenauto","Tss. 2 best.: langs opzij (voor-/achterkant-flank)","Geen hindernis"
"1533","2019","08","16",2019-08-01,2019-08-01 16:00:00,2024-01-02 16:00:00,"91120","Waals Gewest","Provincie Namen","Somme-Leuze",50.2985746480001,5.31477374600007,"Buiten Kruispunt","Normaal","Proper","buiten bebouwde kom","Dag","Gewestweg","Met doden","personenauto","Motorfiets","Tussen 2 bestuurders: Frontale botsing","Geen hindernis"
"1534","2019","08","15",2019-08-01,2019-08-01 15:00:00,2024-01-02 15:00:00,"57095","Waals Gewest","Provincie Henegouwen","Mont-de-l’Enclus",50.7246982930001,3.51529798700005,"Op Kruispunt","Normaal","Proper","buiten bebouwde kom","Dag","Gewestweg","Met doden","personenauto","een weggebruiker tegen een hindernis","Weggebruiker tegen hindernis buiten rijbaan","Andere hindernis"
"1535","2019","08","14",2019-08-01,2019-08-01 14:00:00,2024-01-02 14:00:00,"53053","Waals Gewest","Provincie Henegouwen","Bergen",50.4472746220001,3.95272903800003,"Buiten Kruispunt","Normaal","Proper","binnen bebouwde kom","Dag","Gemeenteweg","Met doden","personenauto","Motorfiets","Tussen 2 bestuurders: Flank tegen flank","Geen hindernis"
"1536","2019","08","22",2019-08-01,2019-08-01 22:00:00,2024-01-02 22:00:00,"53014","Waals Gewest","Provincie Henegouwen","Boussu",50.422252686,3.83009559400006,"Buiten Kruispunt","Normaal","Droog","buiten bebouwde kom","Nacht, openbare verlichting aanwezig en ontstoken","Gewestweg","dodelijk gewonden","personenauto","een weggebruiker tegen een hindernis","Weggebruiker tegen hindernis buiten rijbaan","Buiten de rijbaan: Verlichtingspaal"
"1537","2019","08","19",2019-08-01,2019-08-01 19:00:00,2024-01-02 19:00:00,"56029","Waals Gewest","Provincie Henegouwen","Froidchapelle",50.15697873,4.35367669300007,"Buiten Kruispunt","Normaal","Proper","buiten bebouwde kom","Dag","Gemeenteweg","Met doden","Motorfiets","een weggebruiker tegen een hindernis","Weggebruiker tegen hindernis buiten rijbaan","Buiten de rijbaan: Andere paal"
"1538","2019","08","23",2019-08-01,2019-08-01 23:00:00,2024-01-02 23:00:00,"21004","Brussels Hoofdstedelijk Gewest",NA,"Brussel",50.845465958,4.35767310900007,"Buiten Kruispunt","Normaal","Proper","binnen bebouwde kom","Nacht, openbare verlichting aanwezig en ontstoken","Gemeenteweg","Met doden","personenauto","Voetganger","Met een voetganger","Geen hindernis"
"1539","2019","08","12",2019-08-01,2019-08-01 12:00:00,2024-01-02 12:00:00,"11050","Vlaams Gewest","Provincie Antwerpen","Wijnegem",51.2344302180001,4.52001796100006,"Buiten Kruispunt","Normaal","Droog","buiten bebouwde kom","Dag","Gewestweg","Met doden","personenauto","een weggebruiker tegen een hindernis","Weggebruiker tegen hindernis buiten rijbaan","Buiten de rijbaan: Boom"
"1540","2019","08","14",2019-08-01,2019-08-01 14:00:00,2024-01-02 14:00:00,"11055","Vlaams Gewest","Provincie Antwerpen","Zoersel",51.2599858510001,4.71098138800005,"Buiten Kruispunt","Normaal","Droog","buiten bebouwde kom","Dag","Gewestweg","Met doden","Motorfiets","Andere weggebruiker","Tussen 2 bestuurders: Flank tegen flank","Geen hindernis"
"1541","2019","08","23",2019-08-01,2019-08-01 23:00:00,2024-01-02 23:00:00,"12007","Vlaams Gewest","Provincie Antwerpen","Bornem",51.0938521950001,4.26420910800004,"Buiten Kruispunt","Normaal","Nat, plassen","buiten bebouwde kom","Nacht, geen openbare verlichting aanwezig","Gewestweg","Met doden","personenauto","een weggebruiker tegen een hindernis","Weggebruiker tegen hindernis buiten rijbaan","Buiten de rijbaan: Boom"
"1542","2019","08","20",2019-08-01,2019-08-01 20:00:00,2024-01-02 20:00:00,"13023","Vlaams Gewest","Provincie Antwerpen","Merksplas",51.382816775,4.89967474100007,"Buiten Kruispunt","Normaal","Droog","buiten bebouwde kom","Nacht, geen openbare verlichting aanwezig","Gemeenteweg","Met doden","Motorfiets","een weggebruiker tegen een hindernis","Weggebruiker tegen hindernis buiten rijbaan","Buiten de rijbaan: Boom"
"1543","2019","08","22",2019-08-01,2019-08-01 22:00:00,2024-01-02 22:00:00,"13004","Vlaams Gewest","Provincie Antwerpen","Beerse",51.324536659,4.85603796100003,"Buiten Kruispunt","Normaal","Droog","binnen bebouwde kom","Nacht, openbare verlichting aanwezig en ontstoken","Gewestweg","Met doden","Vrachtwagen","Fiets","Tss. 2 best.: langs opzij (voor-/achterkant-flank)","Geen hindernis"
"1544","2019","08","16",2019-08-01,2019-08-01 16:00:00,2024-01-02 16:00:00,"72021","Vlaams Gewest","Provincie Limburg","Maaseik",51.085727519,5.77938274500002,"Buiten Kruispunt","Normaal","Nat, plassen","buiten bebouwde kom","Dag","Gewestweg","Met doden","personenauto","een weggebruiker tegen een hindernis","Weggebruiker tegen hindernis buiten rijbaan","Buiten de rijbaan: Boom"
"1545","2019","08","10",2019-08-01,2019-08-01 10:00:00,2024-01-02 10:00:00,"72021","Vlaams Gewest","Provincie Limburg","Maaseik",51.1132091380001,5.70668768100006,"Buiten Kruispunt","Normaal","Droog","buiten bebouwde kom","Dag","Gewestweg","Met doden","personenauto","een weggebruiker tegen een hindernis","Weggebruiker tegen hindernis buiten rijbaan","Buiten de rijbaan: Boom"
"1546","2019","08","18",2019-08-01,2019-08-01 18:00:00,2024-01-02 18:00:00,"72021","Vlaams Gewest","Provincie Limburg","Maaseik",51.122785971,5.72506320700006,"Buiten Kruispunt","Normaal","Droog","buiten bebouwde kom","Dag","Gewestweg","Met doden","personenauto","personenauto","Tussen 2 bestuurders: Langs achteren","Geen hindernis"
"1547","2019","08","02",2019-08-01,2019-08-01 02:00:00,2024-01-02 02:00:00,"72042","Vlaams Gewest","Provincie Limburg","Oudsbergen",51.051929666,5.58618130100007,"Buiten Kruispunt","Normaal","Droog","buiten bebouwde kom","Nacht, openbare verlichting aanwezig en ontstoken","Gemeenteweg","Met doden","personenauto","Fiets","Tussen 2 bestuurders: Langs achteren","Geen hindernis"
"1548","2019","08","17",2019-08-01,2019-08-01 17:00:00,2024-01-02 17:00:00,"24001","Vlaams Gewest","Provincie Vlaams-Brabant","Aarschot",50.9994164440001,4.83444965100006,"Buiten Kruispunt","Normaal","Droog","binnen bebouwde kom","Dag","Gewestweg","Met doden","Motorfiets","personenauto","Tss. 2 best.: langs opzij (voor-/achterkant-flank)","Geen hindernis"
"1549","2019","08","12",2019-08-01,2019-08-01 12:00:00,2024-01-02 12:00:00,"23094","Vlaams Gewest","Provincie Vlaams-Brabant","Zaventem",50.8525291270001,4.50810097300007,"Buiten Kruispunt","Normaal","Proper","buiten bebouwde kom","Dag","Gewestweg","dodelijk gewonden","personenauto","Vrachtwagen","Tussen 2 bestuurders: Frontale botsing","Geen hindernis"
"1550","2019","08","22",2019-08-01,2019-08-01 22:00:00,2024-01-02 22:00:00,"23094","Vlaams Gewest","Provincie Vlaams-Brabant","Zaventem",50.8811468100001,4.46659242400005,"Op Kruispunt","Normaal","Droog","binnen bebouwde kom","Nacht, openbare verlichting aanwezig en ontstoken","Gewestweg","dodelijk gewonden","Lichte vrachtauto","Fiets","Tss. 2 best.: langs opzij (voor-/achterkant-flank)","Geen hindernis"
"1551","2019","08","17",2019-08-01,2019-08-01 17:00:00,2024-01-02 17:00:00,"23097","Vlaams Gewest","Provincie Vlaams-Brabant","Roosdaal",50.825549665,4.07427832300004,"Buiten Kruispunt","Normaal","Droog","binnen bebouwde kom","Dag","Gemeenteweg","Met doden","Fiets","één bestuurder, geen hindernis","Eén bestuurder, geen hindernis (incl. val)","Geen hindernis"
"1552","2019","08","04",2019-08-01,2019-08-01 04:00:00,2024-01-02 04:00:00,"43018","Vlaams Gewest","Provincie Oost-Vlaanderen","Zelzate",51.1984602160001,3.82769983000003,"Buiten Kruispunt","Normaal","Droog","buiten bebouwde kom","Nacht, openb. verlicht. aanw., maar niet ontstoken","Autosnelweg","Met doden","Voetganger","Vrachtwagen","Met een voetganger","Geen hindernis"
"1553","2019","08","16",2019-08-01,2019-08-01 16:00:00,2024-01-02 16:00:00,"44084","Vlaams Gewest","Provincie Oost-Vlaanderen","Aalter",NA,NA,"Buiten Kruispunt","Normaal","Droog+Proper","buiten bebouwde kom","Dag","Gewestweg","Met doden","personenauto","personenauto","Tussen 2 bestuurders: Langs achteren","Geen hindernis"
"1554","2019","08","21",2019-08-01,2019-08-01 21:00:00,2024-01-02 21:00:00,"45060","Vlaams Gewest","Provincie Oost-Vlaanderen","Kluisbergen",50.7678625980001,3.48477764400008,"Op Kruispunt","Normaal","Droog","binnen bebouwde kom","Nacht, openbare verlichting aanwezig en ontstoken","Gemeenteweg","Met doden","personenauto","een weggebruiker tegen een hindernis","Weggebruiker tegen hindernis buiten rijbaan","Buiten de rijbaan: Muur gebouw"
"1555","2019","08","11",2019-08-01,2019-08-01 11:00:00,2024-01-02 11:00:00,"41063","Vlaams Gewest","Provincie Oost-Vlaanderen","Sint-Lievens-Houtem",50.912882584,3.84977471300004,"Op Kruispunt","Normaal","Droog","buiten bebouwde kom","Dag","Gewestweg","Met doden","onbekend","onbekend","Andere of onbekend","Geen vermelding van de aanwezigheid van een hindernis"
"1556","2019","08","01",2019-08-01,2019-08-01 01:00:00,2024-01-02 01:00:00,"41002","Vlaams Gewest","Provincie Oost-Vlaanderen","Aalst (Aalst)",50.9275056610001,4.00024051800006,"Buiten Kruispunt","Normaal","Droog","buiten bebouwde kom","Nacht, openbare verlichting aanwezig en ontstoken","Gemeenteweg","Met doden","personenauto","Vrachtwagen","Tussen 2 bestuurders: Langs achteren","Geen hindernis"
"1557","2019","08","23",2019-08-01,2019-08-01 23:00:00,2024-01-02 23:00:00,"41048","Vlaams Gewest","Provincie Oost-Vlaanderen","Ninove",50.8543680500001,4.02156421700005,"Buiten Kruispunt","Normaal","Droog","buiten bebouwde kom","Nacht, openbare verlichting aanwezig en ontstoken","Gemeenteweg","Met doden","Motorfiets","een weggebruiker tegen een hindernis","Weggebruiker tegen hindernis buiten rijbaan","Buiten de rijbaan: Andere paal"
"1558","2019","08","20",2019-08-01,2019-08-01 20:00:00,2024-01-02 20:00:00,"31005","Vlaams Gewest","Provincie West-Vlaanderen","Brugge",51.18927332,3.28261458000003,"Op Kruispunt","Normaal","Droog","binnen bebouwde kom","Dag","Gewestweg","Met doden","Motorfiets","een weggebruiker tegen een hindernis","Weggebruiker tegen hindernis buiten rijbaan","Buiten de rijbaan: Verkeerseiland, middenberm"
"1559","2019","08","08",2019-08-01,2019-08-01 08:00:00,2024-01-02 08:00:00,"34040","Vlaams Gewest","Provincie West-Vlaanderen","Waregem",50.882658946,3.43999840500004,"Buiten Kruispunt","Normaal","Droog","binnen bebouwde kom","Dag","Gewestweg","dodelijk gewonden","Vrachtwagen","Voetganger","Met een voetganger","Geen hindernis"
"1560","2019","08","15",2019-08-01,2019-08-01 15:00:00,2024-01-02 15:00:00,"38025","Vlaams Gewest","Provincie West-Vlaanderen","Veurne",51.0746085900001,2.73496494500006,"Buiten Kruispunt","Normaal","Droog","buiten bebouwde kom","Dag","Gewestweg","Met doden","personenauto","een weggebruiker tegen een hindernis","Weggebruiker tegen hindernis buiten rijbaan","Buiten de rijbaan: Boom"
"1561","2019","08","21",2019-08-01,2019-08-01 21:00:00,2024-01-02 21:00:00,"33037","Vlaams Gewest","Provincie West-Vlaanderen","Zonnebeke",50.8695280960001,2.99575359400006,"Buiten Kruispunt","Onbekend","Droog","buiten bebouwde kom","Dageraad - schemering","Gemeenteweg","Met doden","personenauto","een weggebruiker tegen een hindernis","Weggebruiker tegen hindernis buiten rijbaan","Buiten de rijbaan: Gracht"
"1562","2019","08","18",2019-08-01,2019-08-01 18:00:00,2024-01-02 18:00:00,"23003","Vlaams Gewest","Provincie Vlaams-Brabant","Beersel",50.7665196560001,4.27877026200002,"Op Kruispunt","Normaal","Droog","binnen bebouwde kom","Dag","Gemeenteweg","Met doden","Fiets","personenauto","Tss. 2 best.: langs opzij (voor-/achterkant-flank)","Geen hindernis"
"1563","2019","08","05",2019-08-01,2019-08-01 05:00:00,2024-01-02 05:00:00,"44083","Vlaams Gewest","Provincie Oost-Vlaanderen","Deinze",50.979805448,3.56259214900007,"Buiten Kruispunt","Normaal","Droog","binnen bebouwde kom","Nacht, openbare verlichting aanwezig en ontstoken","Gemeenteweg","Met doden","onbekend","onbekend","Geen vermelding van de type aanrijding","Geen vermelding van de type aanrijding"
"1564","2019","09","17",2019-09-01,2019-09-01 17:00:00,2024-01-02 17:00:00,"11001","Vlaams Gewest","Provincie Antwerpen","Aartselaar",51.1124459550001,4.37120059500006,"Buiten Kruispunt","Normaal","Droog","buiten bebouwde kom","Dag","Autosnelweg","Met doden","personenauto","Vrachtwagen","Kettingbotsing (3 bestuurders of meer)","Geen hindernis"
"1565","2019","09","10",2019-09-01,2019-09-01 10:00:00,2024-01-02 10:00:00,"12025","Vlaams Gewest","Provincie Antwerpen","Mechelen",51.029158823,4.44691676900004,"Buiten Kruispunt","Normaal","Droog","buiten bebouwde kom","Dag","Autosnelweg","Met doden","Motorfiets","Lichte vrachtauto","Kettingbotsing (3 bestuurders of meer)","Geen hindernis"
"1566","2019","09","19",2019-09-01,2019-09-01 19:00:00,2024-01-02 19:00:00,"42023","Vlaams Gewest","Provincie Oost-Vlaanderen","Waasmunster",51.1107109500001,4.05723889900003,"Buiten Kruispunt","Normaal","Droog","buiten bebouwde kom","Dag","Autosnelweg","Met doden","personenauto","één bestuurder, geen hindernis","Eén bestuurder, geen hindernis (incl. val)","Geen hindernis"
"1567","2019","09","11",2019-09-01,2019-09-01 11:00:00,2024-01-02 11:00:00,"44084","Vlaams Gewest","Provincie Oost-Vlaanderen","Aalter",51.071391932,3.46875472900007,"Buiten Kruispunt","Normaal","Droog","buiten bebouwde kom","Dag","Autosnelweg","dodelijk gewonden","Vrachtwagen","personenauto","Tussen 2 bestuurders: Langs achteren","Geen hindernis"
"1568","2019","09","08",2019-09-01,2019-09-01 08:00:00,2024-01-02 08:00:00,"25072","Waals Gewest","Provincie Waals-Brabant","Nijvel",50.6145604320001,4.29919140700002,"Buiten Kruispunt","Normaal","Droog+Proper","buiten bebouwde kom","Dag","Autosnelweg","Met doden","personenauto","een weggebruiker tegen een hindernis","Weggebruiker tegen hindernis buiten rijbaan","Buiten de rijbaan: Vangrails overschreden"
"1569","2019","09","06",2019-09-01,2019-09-01 06:00:00,2024-01-02 06:00:00,"52018","Waals Gewest","Provincie Henegouwen","Farciennes",50.441688302,4.54802498000004,"Buiten Kruispunt","Normaal","Proper","buiten bebouwde kom","Dageraad - schemering","Gewestweg","dodelijk gewonden","personenauto","Vrachtwagen","Tussen 2 bestuurders: Langs achteren","Geen hindernis"
"1570","2019","09","01",2019-09-01,2019-09-01 01:00:00,2024-01-02 01:00:00,"55035","Waals Gewest","Provincie Henegouwen","Le Roeulx",50.496997402,4.13171667400007,"Buiten Kruispunt","Normaal","Proper","buiten bebouwde kom","Nacht, openb. verlicht. aanw., maar niet ontstoken","Autosnelweg","Met doden","personenauto","een weggebruiker tegen een hindernis","Weggebruiker tegen hindernis buiten rijbaan","Buiten de rijbaan: Vangrails overschreden"
"1571","2019","09","18",2019-09-01,2019-09-01 18:00:00,2024-01-02 18:00:00,"53053","Waals Gewest","Provincie Henegouwen","Bergen",50.4641950610001,4.02921945800006,"Buiten Kruispunt","Regenval","Nat, plassen","buiten bebouwde kom","Dag","Autosnelweg","Met doden","personenauto","een weggebruiker tegen een hindernis","Weggebruiker tegen hindernis buiten rijbaan","Buiten de rijbaan: Muur gebouw"
"1572","2019","09","10",2019-09-01,2019-09-01 10:00:00,2024-01-02 10:00:00,"25118","Waals Gewest","Provincie Waals-Brabant","Hélécine",50.7479239740001,4.95743842000007,"Buiten Kruispunt","Normaal","Droog","buiten bebouwde kom","Dag","Autosnelweg","Met doden","personenauto","personenauto","Tussen 2 bestuurders: Langs achteren","Geen hindernis"
"1573","2019","09","14",2019-09-01,2019-09-01 14:00:00,2024-01-02 14:00:00,"63088","Waals Gewest","Provincie Luik","Plombières",50.7111882190001,5.90518899800003,"Buiten Kruispunt","Normaal","Droog","buiten bebouwde kom","Dag","Gewestweg","Met doden","personenauto","een weggebruiker tegen een hindernis","Weggebruiker tegen hindernis buiten rijbaan","Andere hindernis"
"1574","2019","09","09",2019-09-01,2019-09-01 09:00:00,2024-01-02 09:00:00,"63075","Waals Gewest","Provincie Luik","Stoumont",50.5165380510001,5.24037147400003,"Buiten Kruispunt","Normaal","Proper","buiten bebouwde kom","Dag","Gewestweg","Met doden","personenauto","Fiets","Tussen 2 bestuurders: Langs achteren","Geen hindernis"
"1575","2019","09","18",2019-09-01,2019-09-01 18:00:00,2024-01-02 18:00:00,"62026","Waals Gewest","Provincie Luik","Comblain-au-Pont",50.4686980880001,5.58075184500007,"Buiten Kruispunt","Normaal","Droog","buiten bebouwde kom","Dag","Gewestweg","dodelijk gewonden","Bromfiets","een weggebruiker tegen een hindernis","Weggebruiker tegen hindernis buiten rijbaan","Buiten de rijbaan: Muur gebouw"
"1576","2019","09","20",2019-09-01,2019-09-01 20:00:00,2024-01-02 20:00:00,"61039","Waals Gewest","Provincie Luik","Marchin",50.4801732540001,5.23642456000005,"Buiten Kruispunt","Normaal","Droog","binnen bebouwde kom","Nacht, openbare verlichting aanwezig en ontstoken","Gemeenteweg","Met doden","Motorfiets","personenauto","Tussen 2 bestuurders: Langs achteren","Geen hindernis"
"1577","2019","09","11",2019-09-01,2019-09-01 11:00:00,2024-01-02 11:00:00,"82032","Waals Gewest","Provincie Luxemburg","Vielsalm",NA,NA,"Buiten Kruispunt","Normaal","Droog","buiten bebouwde kom","Dag","Gemeenteweg","dodelijk gewonden","Motorfiets","een weggebruiker tegen een hindernis","Weggebruiker tegen hindernis buiten rijbaan","Buiten de rijbaan: Boom"
"1578","2019","09","11",2019-09-01,2019-09-01 11:00:00,2024-01-02 11:00:00,"92094","Waals Gewest","Provincie Namen","Namen",NA,NA,"Buiten Kruispunt","Normaal","Proper","buiten bebouwde kom","Dag","Gemeenteweg","Met doden","personenauto","personenauto","Tussen 2 bestuurders: Frontale botsing","Geen hindernis"