"","DT_YEAR_COLLISION","DT_MONTH_COLLISION","DT_TIME","YEAR_MONTH_DAY","YEAR_MONTH_DAY_HOUR","TIME_DT","CD_NIS","TX_RGN_COLLISION_NL","TX_PROV_COLLISION_NL","TX_MUNTY_COLLISION_NL","LAT_WGS84","LONG_WGS84","TX_CROSSWAY_NL","TX_WEATHER_NL","TX_ROAD_CONDITION_NL","TX_BUILD_UP_AREA_NL","TX_LIGHT_CONDITION_NL","CD_ROAD_TYPE_NL","TX_CLASS_ACCIDENTS_NL","TX_ROAD_USR_TYPE1_NL","TX_ROAD_USR_TYPE2_NL","TX_COLLISION_TYPE_NL","TX_OBSTACLES_NL"
"1579","2019","09","19",2019-09-01,2019-09-01 19:00:00,2024-01-02 19:00:00,"92101","Waals Gewest","Provincie Namen","Profondeville",50.3811296640001,4.87594704500003,"Buiten Kruispunt","Normaal","Droog+Proper","buiten bebouwde kom","Nacht, openbare verlichting aanwezig en ontstoken","Gewestweg","Met doden","Motorfiets","een weggebruiker tegen een hindernis","Weggebruiker tegen hindernis buiten rijbaan","Buiten de rijbaan: Muur gebouw"
"1580","2019","09","04",2019-09-01,2019-09-01 04:00:00,2024-01-02 04:00:00,"91013","Waals Gewest","Provincie Namen","Beauraing",NA,NA,"Buiten Kruispunt","Normaal","Droog","buiten bebouwde kom","Nacht, geen openbare verlichting aanwezig","Gemeenteweg","Met doden","Lichte vrachtauto","Voetganger","Met een voetganger","Geen hindernis"
"1581","2019","09","16",2019-09-01,2019-09-01 16:00:00,2024-01-02 16:00:00,"93056","Waals Gewest","Provincie Namen","Philippeville",50.215844696,4.62120999100006,"Buiten Kruispunt","Onbekend","Onbekend","buiten bebouwde kom","Dag","Gewestweg","dodelijk gewonden","personenauto","een weggebruiker tegen een hindernis","Weggebruiker tegen hindernis buiten rijbaan","Buiten de rijbaan: Boom"
"1582","2019","09","01",2019-09-01,2019-09-01 01:00:00,2024-01-02 01:00:00,"57081","Waals Gewest","Provincie Henegouwen","Doornik",50.610890383,3.42456005200006,"Buiten Kruispunt","Normaal","Droog+Proper","buiten bebouwde kom","Nacht, openbare verlichting aanwezig en ontstoken","Gemeenteweg","Met doden","personenauto","een weggebruiker tegen een hindernis","Weggebruiker tegen hindernis buiten rijbaan","Buiten de rijbaan: Muur gebouw"
"1583","2019","09","04",2019-09-01,2019-09-01 04:00:00,2024-01-02 04:00:00,"51008","Waals Gewest","Provincie Henegouwen","Beloeil",50.5057554480001,3.69329613400004,"Buiten Kruispunt","Normaal","Droog","buiten bebouwde kom","Nacht, openbare verlichting aanwezig en ontstoken","Gewestweg","dodelijk gewonden","personenauto","Voetganger","Met een voetganger","Geen hindernis"
"1584","2019","09","02",2019-09-01,2019-09-01 02:00:00,2024-01-02 02:00:00,"51065","Waals Gewest","Provincie Henegouwen","Frasnes-lez-Anvaing",NA,NA,"Buiten Kruispunt","Normaal","Nat, plassen","buiten bebouwde kom","Nacht, geen openbare verlichting aanwezig","Gewestweg","Met doden","personenauto","een weggebruiker tegen een hindernis","Weggebruiker tegen hindernis buiten rijbaan","Buiten de rijbaan: Boom"
"1585","2019","09","06",2019-09-01,2019-09-01 06:00:00,2024-01-02 06:00:00,"53084","Waals Gewest","Provincie Henegouwen","Quévy",50.392768958,3.96500481800007,"Buiten Kruispunt","Normaal","Droog","buiten bebouwde kom","Nacht, openbare verlichting aanwezig en ontstoken","Gewestweg","dodelijk gewonden","Lichte vrachtauto","Voetganger","Met een voetganger","Geen hindernis"
"1586","2019","09","16",2019-09-01,2019-09-01 16:00:00,2024-01-02 16:00:00,"52011","Waals Gewest","Provincie Henegouwen","Charleroi",NA,NA,"Buiten Kruispunt","Onbekend","Droog","binnen bebouwde kom","Dag","Gewestweg","Met doden","personenauto","Motorfiets","Tussen 2 bestuurders: Flank tegen flank","Geen hindernis"
"1587","2019","09","10",2019-09-01,2019-09-01 10:00:00,2024-01-02 10:00:00,"56016","Waals Gewest","Provincie Henegouwen","Chimay",50.0362252730001,4.26081811200004,"Buiten Kruispunt","Normaal","Proper","binnen bebouwde kom","Dag","Gemeenteweg","Met doden","personenauto","personenauto","Tussen 2 bestuurders: Frontale botsing","Geen hindernis"
"1588","2019","09","20",2019-09-01,2019-09-01 20:00:00,2024-01-02 20:00:00,"11002","Vlaams Gewest","Provincie Antwerpen","Antwerpen",NA,NA,"Buiten Kruispunt","Normaal","Droog","buiten bebouwde kom","Dageraad - schemering","Gewestweg","Met doden","Motorfiets","een weggebruiker tegen een hindernis","Weggebruiker tegen hindernis buiten rijbaan","Buiten de rijbaan: Verlichtingspaal"
"1589","2019","09","08",2019-09-01,2019-09-01 08:00:00,2024-01-02 08:00:00,"11002","Vlaams Gewest","Provincie Antwerpen","Antwerpen",NA,NA,"Buiten Kruispunt","Onbekend","Onbekend","binnen bebouwde kom","Onbekend","Gemeenteweg","dodelijk gewonden","Fiets","Andere weggebruiker","Tss. 2 best.: langs opzij (voor-/achterkant-flank)","Geen hindernis"
"1590","2019","09","10",2019-09-01,2019-09-01 10:00:00,2024-01-02 10:00:00,"12035","Vlaams Gewest","Provincie Antwerpen","Sint-Katelijne-Waver",51.0562121680001,4.47970706800004,"Op Kruispunt","Regenval","Nat, plassen","buiten bebouwde kom","Dag","Gewestweg","Met doden","Vrachtwagen","Fiets","Tss. 2 best.: langs opzij (voor-/achterkant-flank)","Geen hindernis"
"1591","2019","09","23",2019-09-01,2019-09-01 23:00:00,2024-01-02 23:00:00,"13046","Vlaams Gewest","Provincie Antwerpen","Vosselaar",51.316860223,4.90336524800006,"Buiten Kruispunt","Normaal","Droog","buiten bebouwde kom","Nacht, openbare verlichting aanwezig en ontstoken","Gewestweg","dodelijk gewonden","Fiets","Fiets","Tussen 2 bestuurders: Frontale botsing","Geen hindernis"
"1592","2019","09","16",2019-09-01,2019-09-01 16:00:00,2024-01-02 16:00:00,"13053","Vlaams Gewest","Provincie Antwerpen","Laakdal",51.018873039,5.01950422100003,"Buiten Kruispunt","Normaal","Droog","buiten bebouwde kom","Dag","Gewestweg","Met doden","personenauto","een weggebruiker tegen een hindernis","Weggebruiker tegen hindernis buiten rijbaan","Andere hindernis"
"1593","2019","09","15",2019-09-01,2019-09-01 15:00:00,2024-01-02 15:00:00,"13029","Vlaams Gewest","Provincie Antwerpen","Olen",51.154403959,4.91182217400006,"Buiten Kruispunt","Sterke wind, rukwind","Nat, plassen","buiten bebouwde kom","Dag","Gemeenteweg","dodelijk gewonden","Fiets","personenauto","Tss. 2 best.: langs opzij (voor-/achterkant-flank)","Geen hindernis"
"1594","2019","09","11",2019-09-01,2019-09-01 11:00:00,2024-01-02 11:00:00,"72043","Vlaams Gewest","Provincie Limburg","Pelt",51.2288147180001,5.43165108600004,"Op Kruispunt","Normaal","Droog","binnen bebouwde kom","Dag","Gewestweg","dodelijk gewonden","Fiets","personenauto","Tss. 2 best.: langs opzij (voor-/achterkant-flank)","Geen hindernis"
"1595","2019","09","20",2019-09-01,2019-09-01 20:00:00,2024-01-02 20:00:00,"71057","Vlaams Gewest","Provincie Limburg","Tessenderlo",51.0419375320001,5.00772476900005,"Buiten Kruispunt","Normaal","Droog","buiten bebouwde kom","Nacht, geen openbare verlichting aanwezig","Gewestweg","Met doden","personenauto","een weggebruiker tegen een hindernis","Weggebruiker tegen hindernis buiten rijbaan","Buiten de rijbaan: Boom"
"1596","2019","09","10",2019-09-01,2019-09-01 10:00:00,2024-01-02 10:00:00,"72042","Vlaams Gewest","Provincie Limburg","Oudsbergen",51.0311523880001,5.58208262100004,"Buiten Kruispunt","Normaal","Droog","buiten bebouwde kom","Dag","Gewestweg","dodelijk gewonden","personenauto","personenauto","Tussen 2 bestuurders: Frontale botsing","Geen hindernis"
"1597","2019","09","11",2019-09-01,2019-09-01 11:00:00,2024-01-02 11:00:00,"24020","Vlaams Gewest","Provincie Vlaams-Brabant","Diest",50.9943578560001,5.02613505900007,"Buiten Kruispunt","Normaal","Droog","buiten bebouwde kom","Dag","Gemeenteweg","dodelijk gewonden","Fiets","één bestuurder, geen hindernis","Eén bestuurder, geen hindernis (incl. val)","Geen hindernis"
"1598","2019","09","19",2019-09-01,2019-09-01 19:00:00,2024-01-02 19:00:00,"23097","Vlaams Gewest","Provincie Vlaams-Brabant","Roosdaal",50.8325816710001,4.10530023100006,"Op Kruispunt","Regenval","Nat, plassen","buiten bebouwde kom","Dageraad - schemering","Gewestweg","dodelijk gewonden","personenauto","personenauto","Tss. 2 best.: langs opzij (voor-/achterkant-flank)","Geen hindernis"
"1599","2019","10","11",2019-10-01,2019-10-01 11:00:00,2024-01-02 11:00:00,"23038","Vlaams Gewest","Provincie Vlaams-Brabant","Kampenhout",50.926962061,4.52216106300005,"Op Kruispunt","Regenval","Nat, plassen","buiten bebouwde kom","Dag","Gewestweg","Met doden","Autobus","personenauto","Tss. 2 best.: langs opzij (voor-/achterkant-flank)","Geen hindernis"
"1600","2019","09","18",2019-09-01,2019-09-01 18:00:00,2024-01-02 18:00:00,"44034","Vlaams Gewest","Provincie Oost-Vlaanderen","Lochristi",51.0934503350001,3.82241085700002,"Op Kruispunt","Normaal","Droog","binnen bebouwde kom","Dag","Gewestweg","Met doden","Motorfiets","personenauto","Tss. 2 best.: langs opzij (voor-/achterkant-flank)","Geen hindernis"
"1601","2019","09","12",2019-09-01,2019-09-01 12:00:00,2024-01-02 12:00:00,"43018","Vlaams Gewest","Provincie Oost-Vlaanderen","Zelzate",51.197742856,3.78587909900006,"Buiten Kruispunt","Normaal","Droog","buiten bebouwde kom","Dag","Autosnelweg","Met doden","personenauto","Vrachtwagen","Tussen 2 bestuurders: Langs achteren","Geen hindernis"
"1602","2019","09","06",2019-09-01,2019-09-01 06:00:00,2024-01-02 06:00:00,"44019","Vlaams Gewest","Provincie Oost-Vlaanderen","Evergem",51.1548523720001,3.73545078600006,"Op Kruispunt","Normaal","Droog","buiten bebouwde kom","Nacht, openbare verlichting aanwezig en ontstoken","Gewestweg","Met doden","personenauto","Voetganger","Met een voetganger","Geen hindernis"
"1603","2019","09","10",2019-09-01,2019-09-01 10:00:00,2024-01-02 10:00:00,"44019","Vlaams Gewest","Provincie Oost-Vlaanderen","Evergem",51.1179006020001,3.68494136200008,"Buiten Kruispunt","Normaal","Droog","buiten bebouwde kom","Dag","Gewestweg","Met doden","Fiets","één bestuurder, geen hindernis","Eén bestuurder, geen hindernis (incl. val)","Geen hindernis"
"1604","2019","09","11",2019-09-01,2019-09-01 11:00:00,2024-01-02 11:00:00,"37020","Vlaams Gewest","Provincie West-Vlaanderen","Ardooie",50.9777204690001,3.19412329900007,"Buiten Kruispunt","Normaal","Droog","binnen bebouwde kom","Dag","Gemeenteweg","Met doden","onbekend","onbekend","Andere of onbekend","Geen vermelding van de aanwezigheid van een hindernis"
"1605","2019","09","05",2019-09-01,2019-09-01 05:00:00,2024-01-02 05:00:00,"34043","Vlaams Gewest","Provincie West-Vlaanderen","Spiere-Helkijn",50.74166504,3.39581280400006,"Buiten Kruispunt","Normaal","Droog","buiten bebouwde kom","Nacht, geen openbare verlichting aanwezig","Gewestweg","dodelijk gewonden","personenauto","een weggebruiker tegen een hindernis","Weggebruiker tegen hindernis buiten rijbaan","Buiten de rijbaan: Boom"
"1606","2019","09","17",2019-09-01,2019-09-01 17:00:00,2024-01-02 17:00:00,"34043","Vlaams Gewest","Provincie West-Vlaanderen","Spiere-Helkijn",50.728210446,3.33512412700003,"Buiten Kruispunt","Normaal","Droog","buiten bebouwde kom","Dag","Gewestweg","Met doden","Autobus","Fiets","Tss. 2 best.: langs opzij (voor-/achterkant-flank)","Geen hindernis"
"1607","2019","09","22",2019-09-01,2019-09-01 22:00:00,2024-01-02 22:00:00,"32011","Vlaams Gewest","Provincie West-Vlaanderen","Kortemark",51.0531142820001,3.01478241100006,"Op Kruispunt","Normaal","Nat, plassen","binnen bebouwde kom","Nacht, openbare verlichting aanwezig en ontstoken","Gemeenteweg","Met doden","personenauto","Lichte vrachtauto","Tussen 2 bestuurders: Frontale botsing","Geen hindernis"
"1608","2019","09","11",2019-09-01,2019-09-01 11:00:00,2024-01-02 11:00:00,"73107","Vlaams Gewest","Provincie Limburg","Maasmechelen",50.941063355,5.71088128700006,"Op Kruispunt","Normaal","Droog","buiten bebouwde kom","Dag","Gemeenteweg","Met doden","onbekend","onbekend","Andere of onbekend","Geen vermelding van de aanwezigheid van een hindernis"
"1609","2019","09","14",2019-09-01,2019-09-01 14:00:00,2024-01-02 14:00:00,"23027","Vlaams Gewest","Provincie Vlaams-Brabant","Halle (Halle-Vilvoorde)",50.726437644,4.21572846700008,"Op Kruispunt","Normaal","Droog","binnen bebouwde kom","Dag","Gewestweg","dodelijk gewonden","personenauto","een weggebruiker tegen een hindernis","Weggebruiker tegen hindernis op de rijbaan","Op de rijbaan: Put, straatgoot, tramspoor"
"1610","2019","10","09",2019-10-01,2019-10-01 09:00:00,2024-01-02 09:00:00,"11037","Vlaams Gewest","Provincie Antwerpen","Rumst",51.107139208,4.36973464000005,"Buiten Kruispunt","Normaal","Droog","buiten bebouwde kom","Dag","Autosnelweg","Met doden","personenauto","Vrachtwagen","Tss. 2 best.: langs opzij (voor-/achterkant-flank)","Geen hindernis"
"1611","2019","10","06",2019-10-01,2019-10-01 06:00:00,2024-01-02 06:00:00,"44013","Vlaams Gewest","Provincie Oost-Vlaanderen","Destelbergen",51.049848178,3.81871641300006,"Buiten Kruispunt","Normaal","Nat, plassen","buiten bebouwde kom","Nacht, openb. verlicht. aanw., maar niet ontstoken","Autosnelweg","Met doden","Vrachtwagen","een weggebruiker tegen een hindernis","Weggebruiker tegen hindernis buiten rijbaan","Buiten de rijbaan: Verkeerseiland, middenberm"
"1612","2019","10","02",2019-10-01,2019-10-01 02:00:00,2024-01-02 02:00:00,"31022","Vlaams Gewest","Provincie West-Vlaanderen","Oostkamp",51.156000168,3.21173159100005,"Buiten Kruispunt","Normaal","Droog+Proper","buiten bebouwde kom","Nacht, openbare verlichting aanwezig en ontstoken","Autosnelweg","Met doden","Vrachtwagen","personenauto","Tussen 2 bestuurders: Langs achteren","Geen hindernis"
"1613","2019","10","01",2019-10-01,2019-10-01 01:00:00,2024-01-02 01:00:00,"34022","Vlaams Gewest","Provincie West-Vlaanderen","Kortrijk",50.808311018,3.27174253600003,"Buiten Kruispunt","Normaal","Droog","buiten bebouwde kom","Nacht, openbare verlichting aanwezig en ontstoken","Autosnelweg","Met doden","personenauto","Voetganger","Met een voetganger","Geen hindernis"
"1614","2019","10","00",2019-10-01,2019-10-01 00:00:00,2024-01-02 00:00:00,"23027","Vlaams Gewest","Provincie Vlaams-Brabant","Halle (Halle-Vilvoorde)",50.7234172120001,4.23477899600004,"Buiten Kruispunt","Normaal","Droog","buiten bebouwde kom","Nacht, openbare verlichting aanwezig en ontstoken","Autosnelweg","dodelijk gewonden","personenauto","personenauto","Tussen 2 bestuurders: Frontale botsing","Geen hindernis"
"1615","2019","10","18",2019-10-01,2019-10-01 18:00:00,2024-01-02 18:00:00,"52021","Waals Gewest","Provincie Henegouwen","Fleurus",50.478216666,4.47305585000004,"Buiten Kruispunt","Normaal","Droog","buiten bebouwde kom","Nacht, openbare verlichting aanwezig en ontstoken","Autosnelweg","dodelijk gewonden","personenauto","personenauto","Kettingbotsing (3 bestuurders of meer)","Geen hindernis"
"1616","2019","10","14",2019-10-01,2019-10-01 14:00:00,2024-01-02 14:00:00,"51065","Waals Gewest","Provincie Henegouwen","Frasnes-lez-Anvaing",50.6374017700001,3.60393361300004,"Buiten Kruispunt","Sterke wind, rukwind","Droog","buiten bebouwde kom","Dag","Gewestweg","Met doden","Motorfiets","personenauto","Tussen 2 bestuurders: Langs achteren","Geen hindernis"
"1617","2019","10","10",2019-10-01,2019-10-01 10:00:00,2024-01-02 10:00:00,"53053","Waals Gewest","Provincie Henegouwen","Bergen",50.4901588910001,4.00654821100005,"Buiten Kruispunt","Onbekend","Droog+Proper","buiten bebouwde kom","Dag","Autosnelweg","Met doden","Vrachtwagen","Andere weggebruiker","Kettingbotsing (3 bestuurders of meer)","Geen hindernis"
"1618","2019","10","18",2019-10-01,2019-10-01 18:00:00,2024-01-02 18:00:00,"62118","Waals Gewest","Provincie Luik","Grâce-Hollogne",50.6310951720001,5.48642205000004,"Buiten Kruispunt","Normaal","Droog+Proper","buiten bebouwde kom","Dag","Autosnelweg","Met doden","personenauto","een weggebruiker tegen een hindernis","Weggebruiker tegen hindernis buiten rijbaan","Buiten de rijbaan: Vangrails overschreden"
"1619","2019","10","07",2019-10-01,2019-10-01 07:00:00,2024-01-02 07:00:00,"62006","Waals Gewest","Provincie Luik","Awans",50.6810132730001,5.44552466300007,"Buiten Kruispunt","Regenval","Nat, plassen+Proper","buiten bebouwde kom","Nacht, openbare verlichting aanwezig en ontstoken","Autosnelweg","Met doden","personenauto","een weggebruiker tegen een hindernis","Weggebruiker tegen hindernis buiten rijbaan","Buiten de rijbaan: Vangrails overschreden"
"1620","2019","10","18",2019-10-01,2019-10-01 18:00:00,2024-01-02 18:00:00,"25105","Waals Gewest","Provincie Waals-Brabant","Tubeke",NA,NA,"Buiten Kruispunt","Regenval","Nat, plassen","buiten bebouwde kom","Dag","Gewestweg","Met doden","personenauto","personenauto","Tussen 2 bestuurders: Frontale botsing","Geen hindernis"
"1621","2019","09","19",2019-09-01,2019-09-01 19:00:00,2024-01-02 19:00:00,"62063","Waals Gewest","Provincie Luik","Luik",NA,NA,"Buiten Kruispunt","Normaal","Droog","binnen bebouwde kom","Dag","Gewestweg","dodelijk gewonden","Fiets","één bestuurder, geen hindernis","Eén bestuurder, geen hindernis (incl. val)","Geen hindernis"
"1622","2019","10","14",2019-10-01,2019-10-01 14:00:00,2024-01-02 14:00:00,"62120","Waals Gewest","Provincie Luik","Flémalle",NA,NA,"Buiten Kruispunt","Normaal","Droog","binnen bebouwde kom","Dag","Gewestweg","dodelijk gewonden","Motorfiets","Bromfiets","Tss. 2 best.: langs opzij (voor-/achterkant-flank)","Geen hindernis"
"1623","2019","10","00",2019-10-01,2019-10-01 00:00:00,2024-01-02 00:00:00,"62022","Waals Gewest","Provincie Luik","Chaudfontaine",50.58293587,5.65730662500005,"Buiten Kruispunt","Normaal","Droog","buiten bebouwde kom","Nacht, openbare verlichting aanwezig en ontstoken","Gewestweg","Met doden","Motorfiets","een weggebruiker tegen een hindernis","Weggebruiker tegen hindernis buiten rijbaan","Buiten de rijbaan: Andere paal"
"1624","2019","10","18",2019-10-01,2019-10-01 18:00:00,2024-01-02 18:00:00,"62093","Waals Gewest","Provincie Luik","Saint-Nicolas (Luik)",50.6411313950001,5.53108252500004,"Buiten Kruispunt","Normaal","Droog","binnen bebouwde kom","Dag","Gemeenteweg","Met doden","personenauto","Motorfiets","Tussen 2 bestuurders: Flank tegen flank","Geen hindernis"
"1625","2019","10","12",2019-10-01,2019-10-01 12:00:00,2024-01-02 12:00:00,"63067","Waals Gewest","Provincie Luik","Sankt Vith",50.267541287,6.11438445600004,"Op Kruispunt","Normaal","Proper","buiten bebouwde kom","Dag","Gewestweg","Met doden","Vrachtwagen","personenauto","Tss. 2 best.: langs opzij (voor-/achterkant-flank)","Geen hindernis"
"1626","2019","10","18",2019-10-01,2019-10-01 18:00:00,2024-01-02 18:00:00,"85011","Waals Gewest","Provincie Luxemburg","Florenville",49.6998675780001,5.31775750800006,"Buiten Kruispunt","Regenval","Nat, plassen","buiten bebouwde kom","Nacht, geen openbare verlichting aanwezig","Gemeenteweg","Met doden","personenauto","een weggebruiker tegen een hindernis","Weggebruiker tegen hindernis buiten rijbaan","Buiten de rijbaan: Boom"
"1627","2019","10","20",2019-10-01,2019-10-01 20:00:00,2024-01-02 20:00:00,"83012","Waals Gewest","Provincie Luxemburg","Durbuy",50.355450772,5.57320911000005,"Buiten Kruispunt","Regenval","Nat, plassen","buiten bebouwde kom","Nacht, geen openbare verlichting aanwezig","Gewestweg","Met doden","personenauto","een weggebruiker tegen een hindernis","Weggebruiker tegen hindernis buiten rijbaan","Buiten de rijbaan: Boom"
"1628","2019","10","18",2019-10-01,2019-10-01 18:00:00,2024-01-02 18:00:00,"83055","Waals Gewest","Provincie Luxemburg","Manhay",50.276409304,5.69323911800006,"Buiten Kruispunt","Normaal","Droog+Proper","buiten bebouwde kom","Dageraad - schemering","Gewestweg","Met doden","personenauto","een weggebruiker tegen een hindernis","Weggebruiker tegen hindernis buiten rijbaan","Buiten de rijbaan: Boom"
"1629","2019","10","02",2019-10-01,2019-10-01 02:00:00,2024-01-02 02:00:00,"83012","Waals Gewest","Provincie Luxemburg","Durbuy",50.3393425690001,5.44727700300007,"Buiten Kruispunt","Normaal","Droog+Proper","buiten bebouwde kom","Nacht, geen openbare verlichting aanwezig","Gewestweg","Met doden","personenauto","een weggebruiker tegen een hindernis","Weggebruiker tegen hindernis op de rijbaan","Op de rijbaan: Werken (signal., aarde, toestel,…)"
"1630","2019","10","10",2019-10-01,2019-10-01 10:00:00,2024-01-02 10:00:00,"92094","Waals Gewest","Provincie Namen","Namen",50.4723544390001,4.93319243900004,"Buiten Kruispunt","Regenval","Nat, plassen","buiten bebouwde kom","Dag","Gewestweg","Met doden","personenauto","één bestuurder, geen hindernis","Eén bestuurder, geen hindernis (incl. val)","Geen hindernis"
"1631","2019","10","13",2019-10-01,2019-10-01 13:00:00,2024-01-02 13:00:00,"92114","Waals Gewest","Provincie Namen","Sombreffe",50.5336416280001,4.63570351000004,"Buiten Kruispunt","Normaal","Droog+Proper","binnen bebouwde kom","Dag","Gewestweg","dodelijk gewonden","personenauto","een weggebruiker tegen een hindernis","Weggebruiker tegen hindernis buiten rijbaan","Buiten de rijbaan: Boom"
"1632","2019","10","23",2019-10-01,2019-10-01 23:00:00,2024-01-02 23:00:00,"57096","Waals Gewest","Provincie Henegouwen","Moeskroen",50.7119482680001,3.23816904500006,"Buiten Kruispunt","Normaal","Proper","binnen bebouwde kom","Nacht, openbare verlichting aanwezig en ontstoken","Gewestweg","dodelijk gewonden","personenauto","personenauto","Tussen 2 bestuurders: Frontale botsing","Geen hindernis"
"1633","2019","10","10",2019-10-01,2019-10-01 10:00:00,2024-01-02 10:00:00,"51004","Waals Gewest","Provincie Henegouwen","Aat",50.6517635590001,3.78702968000005,"Buiten Kruispunt","Normaal","Droog+Proper","buiten bebouwde kom","Dag","Gewestweg","Met doden","personenauto","een weggebruiker tegen een hindernis","Weggebruiker tegen hindernis buiten rijbaan","Buiten de rijbaan: Andere paal"
"1634","2019","10","13",2019-10-01,2019-10-01 13:00:00,2024-01-02 13:00:00,"58001","Waals Gewest","Provincie Henegouwen","La Louvière",50.4675991650001,4.10433850000004,"Buiten Kruispunt","Normaal","Nat, plassen","binnen bebouwde kom","Dag","Gemeenteweg","dodelijk gewonden","personenauto","personenauto","Tss. 2 best.: langs opzij (voor-/achterkant-flank)","Geen hindernis"
"1635","2019","10","17",2019-10-01,2019-10-01 17:00:00,2024-01-02 17:00:00,"52011","Waals Gewest","Provincie Henegouwen","Charleroi",NA,NA,"Buiten Kruispunt","Normaal","Vuil (zand, grint, bladeren,...)","binnen bebouwde kom","Dag","Gemeenteweg","Met doden","personenauto","personenauto","Tussen 2 bestuurders: Frontale botsing","Geen hindernis"
"1636","2019","11","16",2019-11-01,2019-11-01 16:00:00,2024-01-02 16:00:00,"56049","Waals Gewest","Provincie Henegouwen","Merbes-le-Château",50.352489824,4.17781376300007,"Buiten Kruispunt","Regenval","Nat, plassen","buiten bebouwde kom","Dag","Gewestweg","Met doden","personenauto","personenauto","Tussen 2 bestuurders: Frontale botsing","Geen hindernis"
"1637","2019","11","06",2019-11-01,2019-11-01 06:00:00,2024-01-02 06:00:00,"56022","Waals Gewest","Provincie Henegouwen","Erquelinnes",50.3287192270001,4.10631365700004,"Buiten Kruispunt","Regenval","Nat, plassen","buiten bebouwde kom","Nacht, openbare verlichting aanwezig en ontstoken","Gewestweg","Met doden","personenauto","personenauto","Tussen 2 bestuurders: Frontale botsing","Geen hindernis"
"1638","2019","10","21",2019-10-01,2019-10-01 21:00:00,2024-01-02 21:00:00,"56078","Waals Gewest","Provincie Henegouwen","Thuin",50.3214300240001,4.33867751100007,"Buiten Kruispunt","Normaal","Proper","buiten bebouwde kom","Nacht, geen openbare verlichting aanwezig","Gewestweg","Met doden","personenauto","een weggebruiker tegen een hindernis","Weggebruiker tegen hindernis buiten rijbaan","Buiten de rijbaan: Boom"
"1639","2019","10","15",2019-10-01,2019-10-01 15:00:00,2024-01-02 15:00:00,"21004","Brussels Hoofdstedelijk Gewest",NA,"Brussel",50.890847926,4.37924312300004,"Buiten Kruispunt","Normaal","Droog","binnen bebouwde kom","Dag","Gemeenteweg","Met doden","personenauto","Voetganger","Met een voetganger","Geen hindernis"
"1640","2019","10","04",2019-10-01,2019-10-01 04:00:00,2024-01-02 04:00:00,"21011","Brussels Hoofdstedelijk Gewest",NA,"Koekelberg",50.86251558,4.33345148100005,"Buiten Kruispunt","Regenval","Nat, plassen","binnen bebouwde kom","Nacht, openbare verlichting aanwezig en ontstoken","Gemeenteweg","Met doden","Motorfiets","een weggebruiker tegen een hindernis","Weggebruiker tegen hindernis buiten rijbaan","Buiten de rijbaan: Andere paal"
"1641","2019","10","14",2019-10-01,2019-10-01 14:00:00,2024-01-02 14:00:00,"21015","Brussels Hoofdstedelijk Gewest",NA,"Schaarbeek",50.871448973,4.37520481200005,"Buiten Kruispunt","Normaal","Proper","binnen bebouwde kom","Dag","Gemeenteweg","Met doden","Andere weggebruiker","één bestuurder, geen hindernis","Eén bestuurder, geen hindernis (incl. val)","Geen hindernis"
"1642","2019","10","11",2019-10-01,2019-10-01 11:00:00,2024-01-02 11:00:00,"11053","Vlaams Gewest","Provincie Antwerpen","Wuustwezel",51.41719714,4.59737605200007,"Op Kruispunt","Regenval+Sterke wind, rukwind","Nat, plassen","buiten bebouwde kom","Dag","Gemeenteweg","dodelijk gewonden","Lichte vrachtauto","een weggebruiker tegen een hindernis","Weggebruiker tegen hindernis buiten rijbaan","Buiten de rijbaan: Boom"
"1643","2019","10","13",2019-10-01,2019-10-01 13:00:00,2024-01-02 13:00:00,"11008","Vlaams Gewest","Provincie Antwerpen","Brasschaat",51.294396055,4.49440428200006,"Buiten Kruispunt","Normaal","Droog","binnen bebouwde kom","Dag","Gemeenteweg","dodelijk gewonden","onbekend","onbekend","Andere of onbekend","Geen vermelding van de aanwezigheid van een hindernis"
"1644","2019","10","20",2019-10-01,2019-10-01 20:00:00,2024-01-02 20:00:00,"11040","Vlaams Gewest","Provincie Antwerpen","Schoten",51.2590218080001,4.49975140400005,"Buiten Kruispunt","Regenval","Nat, plassen","binnen bebouwde kom","Nacht, openbare verlichting aanwezig en ontstoken","Gewestweg","Met doden","personenauto","een weggebruiker tegen een hindernis","Weggebruiker tegen hindernis buiten rijbaan","Buiten de rijbaan: Verlichtingspaal"
"1645","2019","10","21",2019-10-01,2019-10-01 21:00:00,2024-01-02 21:00:00,"11040","Vlaams Gewest","Provincie Antwerpen","Schoten",51.250366453,4.48088154400006,"Buiten Kruispunt","Normaal","Nat, plassen","binnen bebouwde kom","Nacht, openbare verlichting aanwezig en ontstoken","Gemeenteweg","dodelijk gewonden","personenauto","personenauto","Tussen 2 bestuurders: Flank tegen flank","Geen hindernis"