"","DT_YEAR_COLLISION","DT_MONTH_COLLISION","DT_TIME","YEAR_MONTH_DAY","YEAR_MONTH_DAY_HOUR","TIME_DT","CD_NIS","TX_RGN_COLLISION_NL","TX_PROV_COLLISION_NL","TX_MUNTY_COLLISION_NL","LAT_WGS84","LONG_WGS84","TX_CROSSWAY_NL","TX_WEATHER_NL","TX_ROAD_CONDITION_NL","TX_BUILD_UP_AREA_NL","TX_LIGHT_CONDITION_NL","CD_ROAD_TYPE_NL","TX_CLASS_ACCIDENTS_NL","TX_ROAD_USR_TYPE1_NL","TX_ROAD_USR_TYPE2_NL","TX_COLLISION_TYPE_NL","TX_OBSTACLES_NL"
"1646","2019","10","15",2019-10-01,2019-10-01 15:00:00,2024-01-02 15:00:00,"12041","Vlaams Gewest","Provincie Antwerpen","Puurs-Sint-Amands",NA,NA,"Buiten Kruispunt","Normaal","Droog","binnen bebouwde kom","Dag","Gemeenteweg","dodelijk gewonden","Fiets","personenauto","Tss. 2 best.: langs opzij (voor-/achterkant-flank)","Geen hindernis"
"1647","2019","10","03",2019-10-01,2019-10-01 03:00:00,2024-01-02 03:00:00,"13053","Vlaams Gewest","Provincie Antwerpen","Laakdal",51.0897924450001,5.07537305800003,"Buiten Kruispunt","Normaal","Droog","binnen bebouwde kom","Nacht, openbare verlichting aanwezig en ontstoken","Gemeenteweg","Met doden","Andere weggebruiker","een weggebruiker tegen een hindernis","Weggebruiker tegen hindernis op de rijbaan","Op de rijbaan: Werken (signal., aarde, toestel,…)"
"1648","2019","10","13",2019-10-01,2019-10-01 13:00:00,2024-01-02 13:00:00,"72043","Vlaams Gewest","Provincie Limburg","Pelt",51.1974978110001,5.36312719500006,"Buiten Kruispunt","Normaal","Droog","buiten bebouwde kom","Dag","Gewestweg","Met doden","Fiets","personenauto","Tussen 2 bestuurders: Langs achteren","Geen hindernis"
"1649","2019","10","02",2019-10-01,2019-10-01 02:00:00,2024-01-02 02:00:00,"71069","Vlaams Gewest","Provincie Limburg","Ham",51.10524093,5.19207257600004,"Buiten Kruispunt","Regenval","Nat, plassen","buiten bebouwde kom","Nacht, openbare verlichting aanwezig en ontstoken","Gewestweg","Met doden","personenauto","een weggebruiker tegen een hindernis","Weggebruiker tegen hindernis buiten rijbaan","Buiten de rijbaan: Boom"
"1650","2019","10","20",2019-10-01,2019-10-01 20:00:00,2024-01-02 20:00:00,"71069","Vlaams Gewest","Provincie Limburg","Ham",NA,NA,"Buiten Kruispunt","Normaal","Droog","buiten bebouwde kom","Nacht, openbare verlichting aanwezig en ontstoken","Gewestweg","Met doden","Bromfiets","een weggebruiker tegen een hindernis","Weggebruiker tegen hindernis buiten rijbaan","Buiten de rijbaan: Andere paal"
"1651","2019","10","11",2019-10-01,2019-10-01 11:00:00,2024-01-02 11:00:00,"23094","Vlaams Gewest","Provincie Vlaams-Brabant","Zaventem",50.8805429350001,4.51604877600005,"Buiten Kruispunt","Normaal","Proper","buiten bebouwde kom","Dag","Gewestweg","dodelijk gewonden","personenauto","een weggebruiker tegen een hindernis","Weggebruiker tegen hindernis buiten rijbaan","Buiten de rijbaan: Boom"
"1652","2019","10","15",2019-10-01,2019-10-01 15:00:00,2024-01-02 15:00:00,"44021","Vlaams Gewest","Provincie Oost-Vlaanderen","Gent",51.0700716950001,3.76923043300008,"Op Kruispunt","Normaal","Droog","buiten bebouwde kom","Dag","Gewestweg","dodelijk gewonden","personenauto","Andere weggebruiker","Tss. 2 best.: langs opzij (voor-/achterkant-flank)","Geen hindernis"
"1653","2019","10","15",2019-10-01,2019-10-01 15:00:00,2024-01-02 15:00:00,"44021","Vlaams Gewest","Provincie Oost-Vlaanderen","Gent",51.1566712470001,3.81424601500004,"Op Kruispunt","Normaal","Droog","buiten bebouwde kom","Dag","Gewestweg","Met doden","Vrachtwagen","personenauto","Kettingbotsing (3 bestuurders of meer)","Geen hindernis"
"1654","2019","10","00",2019-10-01,2019-10-01 00:00:00,2024-01-02 00:00:00,"43010","Vlaams Gewest","Provincie Oost-Vlaanderen","Maldegem",51.1981922640001,3.42565612000004,"Buiten Kruispunt","Normaal","Nat, plassen","buiten bebouwde kom","Nacht, openbare verlichting aanwezig en ontstoken","Gemeenteweg","Met doden","Fiets","één bestuurder, geen hindernis","Eén bestuurder, geen hindernis (incl. val)","Geen hindernis"
"1655","2019","10","23",2019-10-01,2019-10-01 23:00:00,2024-01-02 23:00:00,"41048","Vlaams Gewest","Provincie Oost-Vlaanderen","Ninove",50.8351710110001,4.02706036400002,"Buiten Kruispunt","Normaal","Droog","binnen bebouwde kom","Nacht, geen openbare verlichting aanwezig","Gemeenteweg","Met doden","Lichte vrachtauto","Voetganger","Met een voetganger","Geen hindernis"
"1656","2019","10","15",2019-10-01,2019-10-01 15:00:00,2024-01-02 15:00:00,"31005","Vlaams Gewest","Provincie West-Vlaanderen","Brugge",51.1957201480001,3.20512044400005,"Buiten Kruispunt","Normaal","Droog","binnen bebouwde kom","Dag","Gemeenteweg","Met doden","personenauto","een weggebruiker tegen een hindernis","Weggebruiker tegen hindernis buiten rijbaan","Buiten de rijbaan: Omheining"
"1657","2019","10","06",2019-10-01,2019-10-01 06:00:00,2024-01-02 06:00:00,"31006","Vlaams Gewest","Provincie West-Vlaanderen","Damme",51.2894563470001,3.33359000900003,"Buiten Kruispunt","Normaal","Nat, plassen","buiten bebouwde kom","Nacht, geen openbare verlichting aanwezig","Gemeenteweg","Met doden","personenauto","een weggebruiker tegen een hindernis","Weggebruiker tegen hindernis buiten rijbaan","Buiten de rijbaan: Boom"
"1658","2019","10","13",2019-10-01,2019-10-01 13:00:00,2024-01-02 13:00:00,"35011","Vlaams Gewest","Provincie West-Vlaanderen","Middelkerke",51.1819704270001,2.81591654900007,"Buiten Kruispunt","Normaal","Droog","binnen bebouwde kom","Dag","Gewestweg","Met doden","Bromfiets","een weggebruiker tegen een hindernis","Weggebruiker tegen hindernis buiten rijbaan","Buiten de rijbaan: Verlichtingspaal"
"1659","2019","11","04",2019-11-01,2019-11-01 04:00:00,2024-01-02 04:00:00,"35011","Vlaams Gewest","Provincie West-Vlaanderen","Middelkerke",51.1316083070001,2.80841661200003,"Buiten Kruispunt","Normaal","Droog","buiten bebouwde kom","Nacht, geen openbare verlichting aanwezig","Autosnelweg","Met doden","Lichte vrachtauto","personenauto","Tussen 2 bestuurders: Langs achteren","Geen hindernis"
"1660","2019","11","20",2019-11-01,2019-11-01 20:00:00,2024-01-02 20:00:00,"37020","Vlaams Gewest","Provincie West-Vlaanderen","Ardooie",50.999431558,3.17345058700005,"Buiten Kruispunt","Normaal","Droog","buiten bebouwde kom","Nacht, geen openbare verlichting aanwezig","Autosnelweg","Met doden","Vrachtwagen","Lichte vrachtauto","Tussen 2 bestuurders: Langs achteren","Geen hindernis"
"1661","2019","11","20",2019-11-01,2019-11-01 20:00:00,2024-01-02 20:00:00,"23098","Vlaams Gewest","Provincie Vlaams-Brabant","Drogenbos",50.790301497,4.30437718500002,"Buiten Kruispunt","Normaal","Nat, plassen","buiten bebouwde kom","Nacht, openbare verlichting aanwezig en ontstoken","Autosnelweg","dodelijk gewonden","personenauto","Voetganger","Met een voetganger","Geen hindernis"
"1662","2019","11","13",2019-11-01,2019-11-01 13:00:00,2024-01-02 13:00:00,"25110","Waals Gewest","Provincie Waals-Brabant","Waterloo",50.719058573,4.41320200100006,"Buiten Kruispunt","Normaal","Nat, plassen","buiten bebouwde kom","Dag","Autosnelweg","Met doden","onbekend","onbekend","Geen vermelding van de type aanrijding","Geen vermelding van de type aanrijding"
"1663","2019","11","22",2019-11-01,2019-11-01 22:00:00,2024-01-02 22:00:00,"52018","Waals Gewest","Provincie Henegouwen","Farciennes",50.4498455630001,4.53029524100003,"Buiten Kruispunt","Normaal","Proper","buiten bebouwde kom","Nacht, openb. verlicht. aanw., maar niet ontstoken","Gewestweg","Met doden","personenauto","Voetganger","Met een voetganger","Geen hindernis"
"1664","2019","11","15",2019-11-01,2019-11-01 15:00:00,2024-01-02 15:00:00,"52011","Waals Gewest","Provincie Henegouwen","Charleroi",50.4508831150001,4.49927211800002,"Buiten Kruispunt","Normaal","Droog","buiten bebouwde kom","Dag","Autosnelweg","Met doden","onbekend","onbekend","Andere of onbekend","Geen vermelding van de aanwezigheid van een hindernis"
"1665","2019","11","19",2019-11-01,2019-11-01 19:00:00,2024-01-02 19:00:00,"57081","Waals Gewest","Provincie Henegouwen","Doornik",50.620065153,3.31952971900006,"Buiten Kruispunt","Normaal","Proper","buiten bebouwde kom","Nacht, openbare verlichting aanwezig en ontstoken","Autosnelweg","Met doden","personenauto","een weggebruiker tegen een hindernis","Weggebruiker tegen hindernis buiten rijbaan","Buiten de rijbaan: Vangrails niet overgestoken"
"1666","2019","11","17",2019-11-01,2019-11-01 17:00:00,2024-01-02 17:00:00,"91114","Waals Gewest","Provincie Namen","Rochefort",50.0976998370001,5.12727960800004,"Buiten Kruispunt","Normaal","Nat, plassen","buiten bebouwde kom","Dageraad - schemering","Autosnelweg","Met doden","personenauto","een weggebruiker tegen een hindernis","Weggebruiker tegen hindernis buiten rijbaan","Buiten de rijbaan: Vangrails overschreden"
"1667","2019","11","17",2019-11-01,2019-11-01 17:00:00,2024-01-02 17:00:00,"93056","Waals Gewest","Provincie Namen","Philippeville",50.1721482730001,4.52569147700007,"Buiten Kruispunt","Regenval","Nat, plassen","buiten bebouwde kom","Nacht, openbare verlichting aanwezig en ontstoken","Gewestweg","Met doden","personenauto","een weggebruiker tegen een hindernis","Weggebruiker tegen hindernis buiten rijbaan","Buiten de rijbaan: Verlichtingspaal"
"1668","2019","11","20",2019-11-01,2019-11-01 20:00:00,2024-01-02 20:00:00,"84077","Waals Gewest","Provincie Luxemburg","Libramont-Chevigny",49.89074149,5.35185589800005,"Buiten Kruispunt","Regenval","Nat, plassen","buiten bebouwde kom","Nacht, openbare verlichting aanwezig en ontstoken","Autosnelweg","Met doden","personenauto","een weggebruiker tegen een hindernis","Weggebruiker tegen hindernis buiten rijbaan","Andere hindernis"
"1669","2019","11","21",2019-11-01,2019-11-01 21:00:00,2024-01-02 21:00:00,"25015","Waals Gewest","Provincie Waals-Brabant","Kasteelbrakel",50.6782425870001,4.24157505100004,"Buiten Kruispunt","Normaal","Onbekend","buiten bebouwde kom","Nacht, openbare verlichting aanwezig en ontstoken","Gemeenteweg","Met doden","personenauto","Vrachtwagen","Tussen 2 bestuurders: Frontale botsing","Geen hindernis"
"1670","2019","11","09",2019-11-01,2019-11-01 09:00:00,2024-01-02 09:00:00,"25005","Waals Gewest","Provincie Waals-Brabant","Bevekom",50.778842829,4.71681633200006,"Buiten Kruispunt","Normaal","Droog+Proper","binnen bebouwde kom","Dag","Gewestweg","Met doden","personenauto","personenauto","Tussen 2 bestuurders: Flank tegen flank","Geen hindernis"
"1671","2019","11","14",2019-11-01,2019-11-01 14:00:00,2024-01-02 14:00:00,"25122","Waals Gewest","Provincie Waals-Brabant","Ramillies",NA,NA,"Buiten Kruispunt","Normaal","Nat, plassen+Vuil (zand, grint, bladeren,...)","buiten bebouwde kom","Dag","Gemeenteweg","Met doden","Motorfiets","een weggebruiker tegen een hindernis","Weggebruiker tegen hindernis buiten rijbaan","Andere hindernis"
"1672","2019","11","17",2019-11-01,2019-11-01 17:00:00,2024-01-02 17:00:00,"62063","Waals Gewest","Provincie Luik","Luik",50.62434878,5.58017748600003,"Buiten Kruispunt","Normaal","Droog","binnen bebouwde kom","Nacht, openbare verlichting aanwezig en ontstoken","Gewestweg","Met doden","personenauto","Voetganger","Met een voetganger","Geen hindernis"
"1673","2019","11","10",2019-11-01,2019-11-01 10:00:00,2024-01-02 10:00:00,"62120","Waals Gewest","Provincie Luik","Flémalle",50.6053401930001,5.48066789300003,"Buiten Kruispunt","Normaal","Droog","binnen bebouwde kom","Dag","Gemeenteweg","dodelijk gewonden","personenauto","Voetganger","Met een voetganger","Geen hindernis"
"1674","2019","11","09",2019-11-01,2019-11-01 09:00:00,2024-01-02 09:00:00,"62003","Waals Gewest","Provincie Luik","Ans",50.6584398150001,5.54383302700006,"Buiten Kruispunt","Onbekend","Droog","binnen bebouwde kom","Dag","Gemeenteweg","dodelijk gewonden","personenauto","een weggebruiker tegen een hindernis","Weggebruiker tegen hindernis buiten rijbaan","Buiten de rijbaan: Muur gebouw"
"1675","2019","11","00",2019-11-01,2019-11-01 00:00:00,2024-01-02 00:00:00,"63012","Waals Gewest","Provincie Luik","Büllingen",50.4088435090001,6.26032610000004,"Buiten Kruispunt","Normaal","Nat, plassen","binnen bebouwde kom","Nacht, openbare verlichting aanwezig en ontstoken","Gemeenteweg","Met doden","personenauto","Voetganger","Met een voetganger","Geen hindernis"
"1676","2019","11","14",2019-11-01,2019-11-01 14:00:00,2024-01-02 14:00:00,"61012","Waals Gewest","Provincie Luik","Clavier",50.395588935,5.33355582700005,"Buiten Kruispunt","Normaal","Droog+Proper","binnen bebouwde kom","Dag","Gemeenteweg","dodelijk gewonden","Andere weggebruiker","één bestuurder, geen hindernis","Eén bestuurder, geen hindernis (incl. val)","Geen hindernis"
"1677","2019","11","17",2019-11-01,2019-11-01 17:00:00,2024-01-02 17:00:00,"81001","Waals Gewest","Provincie Luxemburg","Aarlen",49.685189961,5.80839533400007,"Buiten Kruispunt","Normaal","Droog","binnen bebouwde kom","Nacht, openbare verlichting aanwezig en ontstoken","Gewestweg","Met doden","Voetganger","Motorfiets","Met een voetganger","Geen hindernis"
"1678","2019","11","18",2019-11-01,2019-11-01 18:00:00,2024-01-02 18:00:00,"82014","Waals Gewest","Provincie Luxemburg","Houffalize",50.1752843530001,5.78131821200003,"Buiten Kruispunt","Onbekend","Proper","buiten bebouwde kom","Nacht, openbare verlichting aanwezig en ontstoken","Gewestweg","Met doden","personenauto","personenauto","Tussen 2 bestuurders: Langs achteren","Geen hindernis"
"1679","2019","11","13",2019-11-01,2019-11-01 13:00:00,2024-01-02 13:00:00,"82014","Waals Gewest","Provincie Luxemburg","Houffalize",50.1203046790001,5.70503610100008,"Buiten Kruispunt","Normaal","Droog","binnen bebouwde kom","Dag","Gemeenteweg","Met doden","Motorfiets","Vrachtwagen","Tussen 2 bestuurders: Langs achteren","Geen hindernis"
"1680","2019","11","16",2019-11-01,2019-11-01 16:00:00,2024-01-02 16:00:00,"91034","Waals Gewest","Provincie Namen","Dinant",50.2380455370001,4.90966192900004,"Buiten Kruispunt","Normaal","Proper","binnen bebouwde kom","Dag","Gemeenteweg","Met doden","personenauto","Lichte vrachtauto","Tss. 2 best.: langs opzij (voor-/achterkant-flank)","Geen hindernis"
"1681","2019","11","08",2019-11-01,2019-11-01 08:00:00,2024-01-02 08:00:00,"91072","Waals Gewest","Provincie Namen","Houyet",50.16315237,4.95016969400007,"Buiten Kruispunt","Normaal","Proper","buiten bebouwde kom","Dag","Gewestweg","Met doden","personenauto","een weggebruiker tegen een hindernis","Weggebruiker tegen hindernis buiten rijbaan","Buiten de rijbaan: Boom"
"1682","2019","11","01",2019-11-01,2019-11-01 01:00:00,2024-01-02 01:00:00,"51008","Waals Gewest","Provincie Henegouwen","Beloeil",50.493299274,3.69485371600007,"Buiten Kruispunt","Regenval","Nat, plassen","binnen bebouwde kom","Nacht, openbare verlichting aanwezig en ontstoken","Gemeenteweg","Met doden","personenauto","een weggebruiker tegen een hindernis","Weggebruiker tegen hindernis buiten rijbaan","Buiten de rijbaan: Muur gebouw"
"1683","2019","11","17",2019-11-01,2019-11-01 17:00:00,2024-01-02 17:00:00,"51008","Waals Gewest","Provincie Henegouwen","Beloeil",NA,NA,"Op Kruispunt","Normaal","Proper","binnen bebouwde kom","Nacht, openbare verlichting aanwezig en ontstoken","Gewestweg","Met doden","personenauto","Motorfiets","Tss. 2 best.: langs opzij (voor-/achterkant-flank)","Geen hindernis"
"1684","2019","11","22",2019-11-01,2019-11-01 22:00:00,2024-01-02 22:00:00,"53053","Waals Gewest","Provincie Henegouwen","Bergen",NA,NA,"Buiten Kruispunt","Regenval","Nat, plassen","binnen bebouwde kom","Nacht, geen openbare verlichting aanwezig","Gemeenteweg","Met doden","Lichte vrachtauto","een weggebruiker tegen een hindernis","Weggebruiker tegen hindernis buiten rijbaan","Buiten de rijbaan: Boom"
"1685","2019","11","04",2019-11-01,2019-11-01 04:00:00,2024-01-02 04:00:00,"53084","Waals Gewest","Provincie Henegouwen","Quévy",50.392768958,3.96500481800007,"Buiten Kruispunt","Normaal","Nat, plassen","buiten bebouwde kom","Nacht, openbare verlichting aanwezig en ontstoken","Gewestweg","Met doden","personenauto","Voetganger","Met een voetganger","Geen hindernis"
"1686","2019","12","03",2019-12-01,2019-12-01 03:00:00,2024-01-02 03:00:00,"51068","Waals Gewest","Provincie Henegouwen","Opzullik",50.6725814120001,4.03458196400004,"Buiten Kruispunt","Normaal","Droog+Proper","binnen bebouwde kom","Nacht, openb. verlicht. aanw., maar niet ontstoken","Gewestweg","Met doden","personenauto","een weggebruiker tegen een hindernis","Weggebruiker tegen hindernis buiten rijbaan","Buiten de rijbaan: Boom"
"1687","2019","11","11",2019-11-01,2019-11-01 11:00:00,2024-01-02 11:00:00,"52011","Waals Gewest","Provincie Henegouwen","Charleroi",50.465016328,4.43713091600006,"Buiten Kruispunt","Normaal","Nat, plassen+Proper","binnen bebouwde kom","Dag","Gemeenteweg","dodelijk gewonden","Vrachtwagen","Voetganger","Met een voetganger","Geen hindernis"
"1688","2019","11","15",2019-11-01,2019-11-01 15:00:00,2024-01-02 15:00:00,"52011","Waals Gewest","Provincie Henegouwen","Charleroi",NA,NA,"Buiten Kruispunt","Normaal","Droog+Proper","buiten bebouwde kom","Dag","Gewestweg","Met doden","personenauto","Motorfiets","Tussen 2 bestuurders: Langs achteren","Geen hindernis"
"1689","2019","11","09",2019-11-01,2019-11-01 09:00:00,2024-01-02 09:00:00,"21012","Brussels Hoofdstedelijk Gewest",NA,"Sint-Jans-Molenbeek",50.8504908400001,4.33823673700005,"Op Kruispunt","Regenval","Nat, plassen","binnen bebouwde kom","Dag","Gewestweg","dodelijk gewonden","Vrachtwagen","Fiets","Tussen 2 bestuurders: Flank tegen flank","Geen hindernis"
"1690","2019","11","12",2019-11-01,2019-11-01 12:00:00,2024-01-02 12:00:00,"11002","Vlaams Gewest","Provincie Antwerpen","Antwerpen",51.171050811,4.36414456500006,"Buiten Kruispunt","Normaal","Nat, plassen","binnen bebouwde kom","Dag","Gewestweg","Met doden","personenauto","Voetganger","Met een voetganger","Geen hindernis"
"1691","2019","11","08",2019-11-01,2019-11-01 08:00:00,2024-01-02 08:00:00,"11056","Vlaams Gewest","Provincie Antwerpen","Zwijndrecht",51.1945866730001,4.32508552200005,"Op Kruispunt","Normaal","Droog","binnen bebouwde kom","Dag","Gewestweg","Met doden","Vrachtwagen","Fiets","Tussen 2 bestuurders: Frontale botsing","Geen hindernis"
"1692","2019","11","18",2019-11-01,2019-11-01 18:00:00,2024-01-02 18:00:00,"13008","Vlaams Gewest","Provincie Antwerpen","Geel",51.18231107,4.98479764100006,"Op Kruispunt","Normaal","Droog","buiten bebouwde kom","Nacht, openbare verlichting aanwezig en ontstoken","Gewestweg","dodelijk gewonden","personenauto","Fiets","Tss. 2 best.: langs opzij (voor-/achterkant-flank)","Geen hindernis"
"1693","2019","11","15",2019-11-01,2019-11-01 15:00:00,2024-01-02 15:00:00,"13035","Vlaams Gewest","Provincie Antwerpen","Ravels",NA,NA,"Buiten Kruispunt","Normaal","Droog","buiten bebouwde kom","Dag","Gemeenteweg","Met doden","personenauto","Fiets","Tussen 2 bestuurders: Frontale botsing","Geen hindernis"
"1694","2019","11","18",2019-11-01,2019-11-01 18:00:00,2024-01-02 18:00:00,"72021","Vlaams Gewest","Provincie Limburg","Maaseik",NA,NA,"Buiten Kruispunt","Normaal","Nat, plassen","buiten bebouwde kom","Nacht, openbare verlichting aanwezig en ontstoken","Gemeenteweg","Met doden","personenauto","Voetganger","Met een voetganger","Geen hindernis"
"1695","2019","12","15",2019-12-01,2019-12-01 15:00:00,2024-01-02 15:00:00,"71016","Vlaams Gewest","Provincie Limburg","Genk",50.9984709190001,5.51183058600003,"Op Kruispunt","Normaal","Droog","buiten bebouwde kom","Dag","Gewestweg","Met doden","personenauto","personenauto","Tss. 2 best.: langs opzij (voor-/achterkant-flank)","Geen hindernis"
"1696","2019","11","14",2019-11-01,2019-11-01 14:00:00,2024-01-02 14:00:00,"24062","Vlaams Gewest","Provincie Vlaams-Brabant","Leuven",50.8694599030001,4.70835084500004,"Buiten Kruispunt","Normaal","Nat, plassen","buiten bebouwde kom","Dag","Gewestweg","Met doden","Voetganger","personenauto","Met een voetganger","Geen hindernis"
"1697","2019","11","09",2019-11-01,2019-11-01 09:00:00,2024-01-02 09:00:00,"24054","Vlaams Gewest","Provincie Vlaams-Brabant","Kortenaken",50.887457193,5.00117170600004,"Buiten Kruispunt","Regenval","Nat, plassen","buiten bebouwde kom","Dag","Gemeenteweg","dodelijk gewonden","Bromfiets","één bestuurder, geen hindernis","Eén bestuurder, geen hindernis (incl. val)","Geen hindernis"
"1698","2019","11","14",2019-11-01,2019-11-01 14:00:00,2024-01-02 14:00:00,"24014","Vlaams Gewest","Provincie Vlaams-Brabant","Boortmeerbeek",NA,NA,"Buiten Kruispunt","Normaal","Nat, plassen","buiten bebouwde kom","Dag","Gemeenteweg","Met doden","personenauto","een weggebruiker tegen een hindernis","Weggebruiker tegen hindernis buiten rijbaan","Andere hindernis"
"1699","2019","11","13",2019-11-01,2019-11-01 13:00:00,2024-01-02 13:00:00,"24033","Vlaams Gewest","Provincie Vlaams-Brabant","Haacht",50.9689356000001,4.63908123500005,"Op Kruispunt","Normaal","Droog","buiten bebouwde kom","Dag","Gemeenteweg","Met doden","Fiets","Vrachtwagen","Tss. 2 best.: langs opzij (voor-/achterkant-flank)","Geen hindernis"
"1700","2019","11","04",2019-11-01,2019-11-01 04:00:00,2024-01-02 04:00:00,"24020","Vlaams Gewest","Provincie Vlaams-Brabant","Diest",51.023634595,5.14647079100007,"Buiten Kruispunt","Normaal","Droog","buiten bebouwde kom","Nacht, openbare verlichting aanwezig en ontstoken","Gewestweg","Met doden","personenauto","een weggebruiker tegen een hindernis","Weggebruiker tegen hindernis buiten rijbaan","Buiten de rijbaan: Boom"
"1701","2019","11","11",2019-11-01,2019-11-01 11:00:00,2024-01-02 11:00:00,"24094","Vlaams Gewest","Provincie Vlaams-Brabant","Rotselaar",50.9392589330001,4.73669604200006,"Op Kruispunt","Normaal","Droog+Proper","buiten bebouwde kom","Dag","Gewestweg","Met doden","Vrachtwagen","Fiets","Tss. 2 best.: langs opzij (voor-/achterkant-flank)","Geen hindernis"
"1702","2019","12","05",2019-12-01,2019-12-01 05:00:00,2024-01-02 05:00:00,"41081","Vlaams Gewest","Provincie Oost-Vlaanderen","Zottegem",50.8313412190001,3.78573321300007,"Buiten Kruispunt","Normaal","Droog","binnen bebouwde kom","Nacht, openbare verlichting aanwezig en ontstoken","Gemeenteweg","Met doden","personenauto","een weggebruiker tegen een hindernis","Weggebruiker tegen hindernis buiten rijbaan","Buiten de rijbaan: Muur gebouw"
"1703","2019","11","05",2019-11-01,2019-11-01 05:00:00,2024-01-02 05:00:00,"46025","Vlaams Gewest","Provincie Oost-Vlaanderen","Temse",51.1321525330001,4.19455124900003,"Buiten Kruispunt","Normaal","Droog+Proper","binnen bebouwde kom","Nacht, openbare verlichting aanwezig en ontstoken","Gemeenteweg","Met doden","personenauto","een weggebruiker tegen een hindernis","Weggebruiker tegen hindernis buiten rijbaan","Buiten de rijbaan: Omheining"
"1704","2019","11","14",2019-11-01,2019-11-01 14:00:00,2024-01-02 14:00:00,"42026","Vlaams Gewest","Provincie Oost-Vlaanderen","Wichelen",50.988323257,3.97378314200006,"Buiten Kruispunt","Normaal","Droog","buiten bebouwde kom","Dag","Gewestweg","Met doden","personenauto","een weggebruiker tegen een hindernis","Weggebruiker tegen hindernis buiten rijbaan","Buiten de rijbaan: Gracht"
"1705","2019","11","19",2019-11-01,2019-11-01 19:00:00,2024-01-02 19:00:00,"35013","Vlaams Gewest","Provincie West-Vlaanderen","Oostende",51.2256692080001,2.91266749400006,"Op Kruispunt","Normaal","Droog","binnen bebouwde kom","Nacht, openbare verlichting aanwezig en ontstoken","Gewestweg","dodelijk gewonden","personenauto","personenauto","Tussen 2 bestuurders: Frontale botsing","Geen hindernis"
"1706","2019","11","11",2019-11-01,2019-11-01 11:00:00,2024-01-02 11:00:00,"34027","Vlaams Gewest","Provincie West-Vlaanderen","Menen",NA,NA,"Buiten Kruispunt","Normaal","Droog","binnen bebouwde kom","Dag","Gemeenteweg","dodelijk gewonden","personenauto","Voetganger","Met een voetganger","Geen hindernis"
"1707","2019","11","13",2019-11-01,2019-11-01 13:00:00,2024-01-02 13:00:00,"32011","Vlaams Gewest","Provincie West-Vlaanderen","Kortemark",51.0326946530001,3.06057368100005,"Buiten Kruispunt","Normaal","Nat, plassen","buiten bebouwde kom","Dag","Gemeenteweg","dodelijk gewonden","Motorfiets","Fiets","Tussen 2 bestuurders: Flank tegen flank","Geen hindernis"
"1708","2019","11","07",2019-11-01,2019-11-01 07:00:00,2024-01-02 07:00:00,"23077","Vlaams Gewest","Provincie Vlaams-Brabant","Sint-Pieters-Leeuw",50.7954947150001,4.20676898300008,"Op Kruispunt","Normaal","Droog","buiten bebouwde kom","Dag","Gemeenteweg","dodelijk gewonden","Fiets","één bestuurder, geen hindernis","Eén bestuurder, geen hindernis (incl. val)","Geen hindernis"
"1709","2019","11","17",2019-11-01,2019-11-01 17:00:00,2024-01-02 17:00:00,"71022","Vlaams Gewest","Provincie Limburg","Hasselt",50.9182748100001,5.25321919500004,"Op Kruispunt","Normaal","Nat, plassen","binnen bebouwde kom","Nacht, openbare verlichting aanwezig en ontstoken","Gemeenteweg","dodelijk gewonden","personenauto","Voetganger","Met een voetganger","Geen hindernis"
"1710","2019","11","10",2019-11-01,2019-11-01 10:00:00,2024-01-02 10:00:00,"24009","Vlaams Gewest","Provincie Vlaams-Brabant","Bertem",50.8471665920001,4.58977215300007,"Buiten Kruispunt","Normaal","Droog","binnen bebouwde kom","Dag","Gemeenteweg","dodelijk gewonden","personenauto","een weggebruiker tegen een hindernis","Weggebruiker tegen hindernis buiten rijbaan","Buiten de rijbaan: Verlichtingspaal"
"1711","2019","12","09",2019-12-01,2019-12-01 09:00:00,2024-01-02 09:00:00,"11035","Vlaams Gewest","Provincie Antwerpen","Ranst",51.20961685,4.61769383900003,"Buiten Kruispunt","Normaal","Droog+Proper","buiten bebouwde kom","Dag","Autosnelweg","Met doden","Vrachtwagen","Vrachtwagen","Tussen 2 bestuurders: Langs achteren","Geen hindernis"
"1712","2019","12","12",2019-12-01,2019-12-01 12:00:00,2024-01-02 12:00:00,"11054","Vlaams Gewest","Provincie Antwerpen","Zandhoven",51.243714895,4.73675739700008,"Buiten Kruispunt","Normaal","Droog","buiten bebouwde kom","Dag","Autosnelweg","Met doden","Lichte vrachtauto","Vrachtwagen","Tussen 2 bestuurders: Langs achteren","Geen hindernis"
"1713","2019","12","09",2019-12-01,2019-12-01 09:00:00,2024-01-02 09:00:00,"44084","Vlaams Gewest","Provincie Oost-Vlaanderen","Aalter",51.0729854370001,3.46054116500005,"Buiten Kruispunt","Normaal","Droog","buiten bebouwde kom","Dag","Autosnelweg","Met doden","Vrachtwagen","een weggebruiker tegen een hindernis","Weggebruiker tegen hindernis buiten rijbaan","Buiten de rijbaan: Boom"