"","DT_YEAR_COLLISION","DT_MONTH_COLLISION","DT_TIME","YEAR_MONTH_DAY","YEAR_MONTH_DAY_HOUR","TIME_DT","CD_NIS","TX_RGN_COLLISION_NL","TX_PROV_COLLISION_NL","TX_MUNTY_COLLISION_NL","LAT_WGS84","LONG_WGS84","TX_CROSSWAY_NL","TX_WEATHER_NL","TX_ROAD_CONDITION_NL","TX_BUILD_UP_AREA_NL","TX_LIGHT_CONDITION_NL","CD_ROAD_TYPE_NL","TX_CLASS_ACCIDENTS_NL","TX_ROAD_USR_TYPE1_NL","TX_ROAD_USR_TYPE2_NL","TX_COLLISION_TYPE_NL","TX_OBSTACLES_NL"
"1714","2019","12","19",2019-12-01,2019-12-01 19:00:00,2024-01-02 19:00:00,"37020","Vlaams Gewest","Provincie West-Vlaanderen","Ardooie",50.97716103,3.17813688600006,"Buiten Kruispunt","Normaal","Nat, plassen","buiten bebouwde kom","Nacht, openbare verlichting aanwezig en ontstoken","Autosnelweg","Met doden","personenauto","personenauto","Tussen 2 bestuurders: Flank tegen flank","Geen hindernis"
"1715","2019","12","02",2019-12-01,2019-12-01 02:00:00,2024-01-02 02:00:00,"57081","Waals Gewest","Provincie Henegouwen","Doornik",50.598347597,3.44300668900007,"Buiten Kruispunt","Regenval","Proper","buiten bebouwde kom","Nacht, openbare verlichting aanwezig en ontstoken","Autosnelweg","Met doden","personenauto","Voetganger","Met een voetganger","Geen hindernis"
"1716","2019","12","02",2019-12-01,2019-12-01 02:00:00,2024-01-02 02:00:00,"92140","Waals Gewest","Provincie Namen","Jemeppe-sur-Sambre",50.4943092780001,4.64592597600006,"Buiten Kruispunt","Normaal","Droog","buiten bebouwde kom","Nacht, openbare verlichting aanwezig en ontstoken","Autosnelweg","Met doden","personenauto","Voetganger","Met een voetganger","Geen hindernis"
"1717","2019","12","05",2019-12-01,2019-12-01 05:00:00,2024-01-02 05:00:00,"62063","Waals Gewest","Provincie Luik","Luik",NA,NA,"Buiten Kruispunt","Regenval","Nat, plassen","binnen bebouwde kom","Nacht, openbare verlichting aanwezig en ontstoken","Gewestweg","dodelijk gewonden","personenauto","Voetganger","Met een voetganger","Geen hindernis"
"1718","2019","12","14",2019-12-01,2019-12-01 14:00:00,2024-01-02 14:00:00,"62100","Waals Gewest","Provincie Luik","Sprimont",50.5370005390001,5.61909127300004,"Buiten Kruispunt","Normaal","Nat, plassen","buiten bebouwde kom","Dag","Gewestweg","Met doden","personenauto","een weggebruiker tegen een hindernis","Weggebruiker tegen hindernis buiten rijbaan","Buiten de rijbaan: Boom"
"1719","2019","12","16",2019-12-01,2019-12-01 16:00:00,2024-01-02 16:00:00,"63079","Waals Gewest","Provincie Luik","Verviers",50.5560608160001,5.85855776700004,"Buiten Kruispunt","Regenval","Nat, plassen","buiten bebouwde kom","Nacht, openbare verlichting aanwezig en ontstoken","Gewestweg","Met doden","Bromfiets","één bestuurder, geen hindernis","Eén bestuurder, geen hindernis (incl. val)","Geen hindernis"
"1720","2019","12","00",2019-12-01,2019-12-01 00:00:00,2024-01-02 00:00:00,"63035","Waals Gewest","Provincie Luik","Herve",50.6721515130001,5.78279521100006,"Buiten Kruispunt","Onbekend","Nat, plassen","buiten bebouwde kom","Onbekend","Gemeenteweg","Met doden","personenauto","één bestuurder, geen hindernis","Eén bestuurder, geen hindernis (incl. val)","Geen hindernis"
"1721","2019","12","07",2019-12-01,2019-12-01 07:00:00,2024-01-02 07:00:00,"81001","Waals Gewest","Provincie Luxemburg","Aarlen",NA,NA,"Buiten Kruispunt","Regenval","Nat, plassen","binnen bebouwde kom","Dageraad - schemering","Gewestweg","dodelijk gewonden","personenauto","Voetganger","Met een voetganger","Geen hindernis"
"1722","2019","12","01",2019-12-01,2019-12-01 01:00:00,2024-01-02 01:00:00,"85045","Waals Gewest","Provincie Luxemburg","Virton",49.617718245,5.53544128000004,"Buiten Kruispunt","Normaal","Droog","buiten bebouwde kom","Nacht, geen openbare verlichting aanwezig","Gewestweg","Met doden","personenauto","Vrachtwagen","Tussen 2 bestuurders: Frontale botsing","Geen hindernis"
"1723","2019","12","11",2019-12-01,2019-12-01 11:00:00,2024-01-02 11:00:00,"83034","Waals Gewest","Provincie Luxemburg","Marche-en-Famenne",50.2181705190001,5.35105616700002,"Buiten Kruispunt","Normaal","Nat, plassen","binnen bebouwde kom","Dag","Gewestweg","Met doden","personenauto","personenauto","Tss. 2 best.: langs opzij (voor-/achterkant-flank)","Geen hindernis"
"1724","2019","12","16",2019-12-01,2019-12-01 16:00:00,2024-01-02 16:00:00,"84077","Waals Gewest","Provincie Luxemburg","Libramont-Chevigny",49.913461463,5.34045789900006,"Op Kruispunt","Normaal","Proper","buiten bebouwde kom","Dag","Gewestweg","Met doden","personenauto","een weggebruiker tegen een hindernis","Weggebruiker tegen hindernis buiten rijbaan","Buiten de rijbaan: Boom"
"1725","2019","12","15",2019-12-01,2019-12-01 15:00:00,2024-01-02 15:00:00,"82003","Waals Gewest","Provincie Luxemburg","Bastenaken",50.0603295990001,5.75867813500003,"Buiten Kruispunt","Normaal","Nat, plassen","buiten bebouwde kom","Dag","Gewestweg","dodelijk gewonden","personenauto","personenauto","Tussen 2 bestuurders: Langs achteren","Geen hindernis"
"1726","2019","12","06",2019-12-01,2019-12-01 06:00:00,2024-01-02 06:00:00,"92003","Waals Gewest","Provincie Namen","Andenne",50.472281407,4.98138671300006,"Buiten Kruispunt","Normaal","Nat, plassen","buiten bebouwde kom","Nacht, openbare verlichting aanwezig en ontstoken","Gewestweg","Met doden","Vrachtwagen","personenauto","Tss. 2 best.: langs opzij (voor-/achterkant-flank)","Geen hindernis"
"1727","2019","12","12",2019-12-01,2019-12-01 12:00:00,2024-01-02 12:00:00,"57096","Waals Gewest","Provincie Henegouwen","Moeskroen",NA,NA,"Buiten Kruispunt","Normaal","Proper","buiten bebouwde kom","Dag","Gemeenteweg","Met doden","Vrachtwagen","Voetganger","Met een voetganger","Geen hindernis"
"1728","2019","12","16",2019-12-01,2019-12-01 16:00:00,2024-01-02 16:00:00,"57094","Waals Gewest","Provincie Henegouwen","Leuze-en-Hainaut",50.6125823720001,3.68271792600007,"Buiten Kruispunt","Onbekend","Nat, plassen","buiten bebouwde kom","Dag","Gewestweg","Met doden","personenauto","personenauto","Tussen 2 bestuurders: Langs achteren","Geen hindernis"
"1729","2019","12","04",2019-12-01,2019-12-01 04:00:00,2024-01-02 04:00:00,"57062","Waals Gewest","Provincie Henegouwen","Pecq",50.6814565190001,3.33913202500003,"Buiten Kruispunt","Normaal","Droog","binnen bebouwde kom","Nacht, openbare verlichting aanwezig en ontstoken","Gewestweg","Met doden","personenauto","een weggebruiker tegen een hindernis","Weggebruiker tegen hindernis buiten rijbaan","Buiten de rijbaan: Verlichtingspaal"
"1730","2019","12","13",2019-12-01,2019-12-01 13:00:00,2024-01-02 13:00:00,"53084","Waals Gewest","Provincie Henegouwen","Quévy",NA,NA,"Buiten Kruispunt","Normaal","Proper","buiten bebouwde kom","Dag","Gewestweg","dodelijk gewonden","personenauto","een weggebruiker tegen een hindernis","Weggebruiker tegen hindernis buiten rijbaan","Buiten de rijbaan: Boom"
"1731","2019","12","15",2019-12-01,2019-12-01 15:00:00,2024-01-02 15:00:00,"58001","Waals Gewest","Provincie Henegouwen","La Louvière",NA,NA,"Buiten Kruispunt","Normaal","Droog","binnen bebouwde kom","Dag","Gemeenteweg","dodelijk gewonden","personenauto","Voetganger","Met een voetganger","Geen hindernis"
"1732","2019","12","13",2019-12-01,2019-12-01 13:00:00,2024-01-02 13:00:00,"58001","Waals Gewest","Provincie Henegouwen","La Louvière",50.475302077,4.12684425700007,"Buiten Kruispunt","Normaal","Proper","binnen bebouwde kom","Dag","Gemeenteweg","dodelijk gewonden","personenauto","personenauto","Tss. 2 best.: langs opzij (voor-/achterkant-flank)","Geen hindernis"
"1733","2019","12","16",2019-12-01,2019-12-01 16:00:00,2024-01-02 16:00:00,"58002","Waals Gewest","Provincie Henegouwen","Binche",NA,NA,"Buiten Kruispunt","Regenval","Nat, plassen","buiten bebouwde kom","Dag","Gemeenteweg","Met doden","Lichte vrachtauto","personenauto","Tussen 2 bestuurders: Frontale botsing","Geen hindernis"
"1734","2019","12","21",2019-12-01,2019-12-01 21:00:00,2024-01-02 21:00:00,"55086","Waals Gewest","Provincie Henegouwen","Manage",50.4713770430001,4.25954503400004,"Buiten Kruispunt","Normaal","Nat, plassen","binnen bebouwde kom","Nacht, openbare verlichting aanwezig en ontstoken","Gemeenteweg","Met doden","personenauto","personenauto","Tussen 2 bestuurders: Frontale botsing","Geen hindernis"
"1735","2019","12","17",2019-12-01,2019-12-01 17:00:00,2024-01-02 17:00:00,"56078","Waals Gewest","Provincie Henegouwen","Thuin",50.340478283,4.28599717900005,"Buiten Kruispunt","Normaal","Droog+Proper","binnen bebouwde kom","Nacht, openbare verlichting aanwezig en ontstoken","Gewestweg","dodelijk gewonden","personenauto","Voetganger","Met een voetganger","Geen hindernis"
"1736","2019","12","15",2019-12-01,2019-12-01 15:00:00,2024-01-02 15:00:00,"21004","Brussels Hoofdstedelijk Gewest",NA,"Brussel",50.8163796260001,4.37779981900007,"Buiten Kruispunt","Normaal","Droog","binnen bebouwde kom","Dag","Gewestweg","Met doden","Lichte vrachtauto","Voetganger","Met een voetganger","Geen hindernis"
"1737","2019","12","17",2019-12-01,2019-12-01 17:00:00,2024-01-02 17:00:00,"13040","Vlaams Gewest","Provincie Antwerpen","Turnhout",51.3133376740001,4.94878045100006,"Op Kruispunt","Normaal","Droog","binnen bebouwde kom","Nacht, openbare verlichting aanwezig en ontstoken","Gemeenteweg","Met doden","Vrachtwagen","Voetganger","Met een voetganger","Geen hindernis"
"1738","2019","12","07",2019-12-01,2019-12-01 07:00:00,2024-01-02 07:00:00,"13017","Vlaams Gewest","Provincie Antwerpen","Kasterlee",51.269342126,4.95702213500005,"Buiten Kruispunt","Normaal","Nat, plassen","buiten bebouwde kom","Nacht, geen openbare verlichting aanwezig","Gewestweg","Met doden","Voetganger","personenauto","Met een voetganger","Geen hindernis"
"1739","2019","12","03",2019-12-01,2019-12-01 03:00:00,2024-01-02 03:00:00,"13044","Vlaams Gewest","Provincie Antwerpen","Vorselaar",51.205817365,4.74846575200007,"Buiten Kruispunt","Regenval","Nat, plassen","buiten bebouwde kom","Nacht, openbare verlichting aanwezig en ontstoken","Gemeenteweg","Met doden","personenauto","Fiets","Tussen 2 bestuurders: Frontale botsing","Geen hindernis"
"1740","2019","12","09",2019-12-01,2019-12-01 09:00:00,2024-01-02 09:00:00,"73006","Vlaams Gewest","Provincie Limburg","Bilzen",50.8257986690001,5.51797501800007,"Buiten Kruispunt","Normaal","Droog","buiten bebouwde kom","Dag","Gemeenteweg","Met doden","personenauto","Voetganger","Met een voetganger","Geen hindernis"
"1741","2019","12","19",2019-12-01,2019-12-01 19:00:00,2024-01-02 19:00:00,"72004","Vlaams Gewest","Provincie Limburg","Bree",51.1520154080001,5.58691016600005,"Op Kruispunt","Normaal","Nat, plassen","buiten bebouwde kom","Nacht, openbare verlichting aanwezig en ontstoken","Gewestweg","Met doden","personenauto","personenauto","Tss. 2 best.: langs opzij (voor-/achterkant-flank)","Geen hindernis"
"1742","2019","12","08",2019-12-01,2019-12-01 08:00:00,2024-01-02 08:00:00,"71016","Vlaams Gewest","Provincie Limburg","Genk",50.970788987,5.50108364200003,"Op Kruispunt","Normaal","Droog","binnen bebouwde kom","Dageraad - schemering","Gewestweg","Met doden","personenauto","Voetganger","Met een voetganger","Geen hindernis"
"1743","2019","12","02",2019-12-01,2019-12-01 02:00:00,2024-01-02 02:00:00,"24062","Vlaams Gewest","Provincie Vlaams-Brabant","Leuven",50.839497183,4.69775453400007,"Buiten Kruispunt","Normaal","Droog","buiten bebouwde kom","Nacht, openbare verlichting aanwezig en ontstoken","Gewestweg","Met doden","personenauto","een weggebruiker tegen een hindernis","Weggebruiker tegen hindernis buiten rijbaan","Buiten de rijbaan: Boom"
"1744","2019","12","08",2019-12-01,2019-12-01 08:00:00,2024-01-02 08:00:00,"23016","Vlaams Gewest","Provincie Vlaams-Brabant","Dilbeek",50.862231251,4.24486631000002,"Op Kruispunt","Normaal","Ijzel, sneeuw+ roper","binnen bebouwde kom","Dageraad - schemering","Gemeenteweg","dodelijk gewonden","onbekend","onbekend","Geen vermelding van de type aanrijding","Geen vermelding van de type aanrijding"
"1745","2019","12","16",2019-12-01,2019-12-01 16:00:00,2024-01-02 16:00:00,"44021","Vlaams Gewest","Provincie Oost-Vlaanderen","Gent",51.1009469630001,3.72984602200006,"Buiten Kruispunt","Normaal","Droog","binnen bebouwde kom","Dag","Gewestweg","Met doden","personenauto","personenauto","Tussen 2 bestuurders: Frontale botsing","Geen hindernis"
"1746","2019","12","13",2019-12-01,2019-12-01 13:00:00,2024-01-02 13:00:00,"44021","Vlaams Gewest","Provincie Oost-Vlaanderen","Gent",NA,NA,"Buiten Kruispunt","Normaal","Droog","binnen bebouwde kom","Dag","Gemeenteweg","dodelijk gewonden","Fiets","één bestuurder, geen hindernis","Eén bestuurder, geen hindernis (incl. val)","Geen hindernis"
"1747","2019","12","14",2019-12-01,2019-12-01 14:00:00,2024-01-02 14:00:00,"44034","Vlaams Gewest","Provincie Oost-Vlaanderen","Lochristi",51.0782851770001,3.88123534800008,"Op Kruispunt","Sterke wind, rukwind","Nat, plassen","binnen bebouwde kom","Dag","Gewestweg","Met doden","onbekend","onbekend","Geen vermelding van de type aanrijding","Geen vermelding van de type aanrijding"
"1748","2019","12","20",2019-12-01,2019-12-01 20:00:00,2024-01-02 20:00:00,"45035","Vlaams Gewest","Provincie Oost-Vlaanderen","Oudenaarde",50.819045314,3.57634411500004,"Buiten Kruispunt","Normaal","Droog","binnen bebouwde kom","Nacht, openbare verlichting aanwezig en ontstoken","Gemeenteweg","Met doden","personenauto","Bromfiets","Tussen 2 bestuurders: Frontale botsing","Geen hindernis"
"1749","2019","12","15",2019-12-01,2019-12-01 15:00:00,2024-01-02 15:00:00,"41018","Vlaams Gewest","Provincie Oost-Vlaanderen","Geraardsbergen",50.7939978960001,3.87308477800002,"Buiten Kruispunt","Normaal","Droog","buiten bebouwde kom","Dag","Gewestweg","dodelijk gewonden","personenauto","Fiets","Tss. 2 best.: langs opzij (voor-/achterkant-flank)","Geen hindernis"
"1750","2019","12","07",2019-12-01,2019-12-01 07:00:00,2024-01-02 07:00:00,"41002","Vlaams Gewest","Provincie Oost-Vlaanderen","Aalst (Aalst)",50.934922284,4.04616237300007,"Buiten Kruispunt","Normaal","Nat, plassen","binnen bebouwde kom","Dageraad - schemering","Gewestweg","Met doden","Vrachtwagen","Voetganger","Met een voetganger","Geen hindernis"
"1751","2019","12","11",2019-12-01,2019-12-01 11:00:00,2024-01-02 11:00:00,"31005","Vlaams Gewest","Provincie West-Vlaanderen","Brugge",51.220467544,3.21566798300006,"Op Kruispunt","Normaal","Nat, plassen","binnen bebouwde kom","Dag","Gewestweg","dodelijk gewonden","Fiets","Vrachtwagen","Tussen 2 bestuurders: Frontale botsing","Geen hindernis"
"1752","2019","12","18",2019-12-01,2019-12-01 18:00:00,2024-01-02 18:00:00,"35011","Vlaams Gewest","Provincie West-Vlaanderen","Middelkerke",51.1599982000001,2.82194110900002,"Op Kruispunt","Normaal","Droog","buiten bebouwde kom","Nacht, geen openbare verlichting aanwezig","Gewestweg","Met doden","personenauto","een weggebruiker tegen een hindernis","Weggebruiker tegen hindernis buiten rijbaan","Buiten de rijbaan: Vangrails niet overgestoken"
"1753","2019","12","05",2019-12-01,2019-12-01 05:00:00,2024-01-02 05:00:00,"35006","Vlaams Gewest","Provincie West-Vlaanderen","Ichtegem",51.080864837,3.02852193400002,"Buiten Kruispunt","Normaal","Nat, plassen","buiten bebouwde kom","Nacht, openbare verlichting aanwezig en ontstoken","Gewestweg","Met doden","personenauto","een weggebruiker tegen een hindernis","Weggebruiker tegen hindernis buiten rijbaan","Buiten de rijbaan: Muur gebouw"
"1754","2019","12","22",2019-12-01,2019-12-01 22:00:00,2024-01-02 22:00:00,"36015","Vlaams Gewest","Provincie West-Vlaanderen","Roeselare",50.888175184,3.16134340300005,"Buiten Kruispunt","Regenval","Nat, plassen","buiten bebouwde kom","Nacht, openbare verlichting aanwezig en ontstoken","Gemeenteweg","Met doden","Fiets","één bestuurder, geen hindernis","Eén bestuurder, geen hindernis (incl. val)","Geen hindernis"
"1755","2019","12","15",2019-12-01,2019-12-01 15:00:00,2024-01-02 15:00:00,"71037","Vlaams Gewest","Provincie Limburg","Lummen",50.9771406840001,5.17464518100007,"Op Kruispunt","Normaal","Droog","buiten bebouwde kom","Dag","Gemeenteweg","Met doden","personenauto","Fiets","Tss. 2 best.: langs opzij (voor-/achterkant-flank)","Geen hindernis"
"1756","2019","12","09",2019-12-01,2019-12-01 09:00:00,2024-01-02 09:00:00,"71022","Vlaams Gewest","Provincie Limburg","Hasselt",NA,NA,"Buiten Kruispunt","Normaal","Nat, plassen","buiten bebouwde kom","Dag","Gemeenteweg","Met doden","Bromfiets","een weggebruiker tegen een hindernis","Weggebruiker tegen hindernis buiten rijbaan","Buiten de rijbaan: Muur gebouw"
"1757","2019","06","22",2019-06-01,2019-06-01 22:00:00,2024-01-02 22:00:00,"24001","Vlaams Gewest","Provincie Vlaams-Brabant","Aarschot",NA,NA,"onbekend","Onbekend","Onbekend","onbekend","Onbekend","onbekend","Met doden","onbekend","onbekend","Geen vermelding van de type aanrijding","Geen vermelding van de type aanrijding"
"1758","2019","01","99",2019-01-01,NA,NA,"52048","Waals Gewest","Provincie Henegouwen","Montigny-le-Tilleul",NA,NA,"onbekend","Onbekend","Onbekend","onbekend","Onbekend","onbekend","Met doden","onbekend","onbekend","Geen vermelding van de type aanrijding","Geen vermelding van de type aanrijding"
"1759","2020","01","08",2020-01-01,2020-01-01 08:00:00,2024-01-02 08:00:00,"11002","Vlaams Gewest","Provincie Antwerpen","Antwerpen",51.36873946,4.30954772100006,"Buiten Kruispunt","Onbekend","Nat, plassen","buiten bebouwde kom","Nacht, geen openbare verlichting aanwezig","Autosnelweg","Met doden","personenauto","een weggebruiker tegen een hindernis","Weggebruiker tegen hindernis buiten rijbaan","Buiten de rijbaan: Vangrails overschreden"
"1760","2020","01","14",2020-01-01,2020-01-01 14:00:00,2024-01-02 14:00:00,"44012","Vlaams Gewest","Provincie Oost-Vlaanderen","De Pinte",50.9859298800001,3.69116475000004,"Buiten Kruispunt","Normaal","Droog","buiten bebouwde kom","Dag","Autosnelweg","Met doden","Vrachtwagen","Vrachtwagen","Tussen 2 bestuurders: Langs achteren","Geen hindernis"
"1761","2020","01","21",2020-01-01,2020-01-01 21:00:00,2024-01-02 21:00:00,"21001","Brussels Hoofdstedelijk Gewest",NA,"Anderlecht",50.8345631070001,4.28179973100004,"Buiten Kruispunt","Regenval","Nat, plassen","buiten bebouwde kom","Nacht, openbare verlichting aanwezig en ontstoken","Autosnelweg","Met doden","Voetganger","personenauto","Met een voetganger","Geen hindernis"
"1762","2020","01","01",2020-01-01,2020-01-01 01:00:00,2024-01-02 01:00:00,"55085","Waals Gewest","Provincie Henegouwen","Seneffe",50.562983235,4.33208991700008,"Buiten Kruispunt","Regenval","Nat, plassen","buiten bebouwde kom","Nacht, openbare verlichting aanwezig en ontstoken","Autosnelweg","Met doden","personenauto","een weggebruiker tegen een hindernis","Weggebruiker tegen hindernis buiten rijbaan","Buiten de rijbaan: Verlichtingspaal"
"1763","2020","01","01",2020-01-01,2020-01-01 01:00:00,2024-01-02 01:00:00,"51067","Waals Gewest","Provincie Henegouwen","Edingen",50.686792746,3.97964884200007,"Buiten Kruispunt","Normaal","Proper","buiten bebouwde kom","Nacht, geen openbare verlichting aanwezig","Autosnelweg","Met doden","personenauto","Vrachtwagen","Tussen 2 bestuurders: Langs achteren","Geen hindernis"
"1764","2020","01","20",2020-01-01,2020-01-01 20:00:00,2024-01-02 20:00:00,"52021","Waals Gewest","Provincie Henegouwen","Fleurus",50.534393139,4.55849357000005,"Buiten Kruispunt","Onbekend","Nat, plassen","binnen bebouwde kom","Nacht, openbare verlichting aanwezig en ontstoken","Gewestweg","Met doden","personenauto","Andere weggebruiker","Tss. 2 best.: langs opzij (voor-/achterkant-flank)","Geen hindernis"
"1765","2020","02","04",2020-02-01,2020-02-01 04:00:00,2024-01-02 04:00:00,"91034","Waals Gewest","Provincie Namen","Dinant",50.278445843,5.07814653800006,"Buiten Kruispunt","Normaal","Droog","buiten bebouwde kom","Nacht, geen openbare verlichting aanwezig","Gewestweg","Met doden","personenauto","een weggebruiker tegen een hindernis","Weggebruiker tegen hindernis buiten rijbaan","Buiten de rijbaan: Boom"
"1766","2020","01","16",2020-01-01,2020-01-01 16:00:00,2024-01-02 16:00:00,"62108","Waals Gewest","Provincie Luik","Wezet",50.6909358570001,5.67413770400003,"Buiten Kruispunt","Normaal","Droog","buiten bebouwde kom","Dag","Autosnelweg","Met doden","onbekend","onbekend","Geen vermelding van de type aanrijding","Geen vermelding van de type aanrijding"
"1767","2020","01","19",2020-01-01,2020-01-01 19:00:00,2024-01-02 19:00:00,"25084","Waals Gewest","Provincie Waals-Brabant","Perwijs (Nijvel)",50.6523186150001,4.80604243000005,"Buiten Kruispunt","Normaal","Nat, plassen","buiten bebouwde kom","Nacht, geen openbare verlichting aanwezig","Gemeenteweg","dodelijk gewonden","personenauto","één bestuurder, geen hindernis","Eén bestuurder, geen hindernis (incl. val)","Geen hindernis"
"1768","2020","01","20",2020-01-01,2020-01-01 20:00:00,2024-01-02 20:00:00,"64029","Waals Gewest","Provincie Luik","Geer",NA,NA,"Buiten Kruispunt","Normaal","Nat, plassen","buiten bebouwde kom","Nacht, geen openbare verlichting aanwezig","Gewestweg","dodelijk gewonden","onbekend","onbekend","Geen vermelding van de type aanrijding","Geen vermelding van de type aanrijding"
"1769","2020","01","18",2020-01-01,2020-01-01 18:00:00,2024-01-02 18:00:00,"85045","Waals Gewest","Provincie Luxemburg","Virton",49.571060533,5.52312624500007,"Buiten Kruispunt","Normaal","Droog","binnen bebouwde kom","Nacht, openbare verlichting aanwezig en ontstoken","Gewestweg","Met doden","personenauto","een weggebruiker tegen een hindernis","Weggebruiker tegen hindernis buiten rijbaan","Andere hindernis"
"1770","2020","01","22",2020-01-01,2020-01-01 22:00:00,2024-01-02 22:00:00,"85011","Waals Gewest","Provincie Luxemburg","Florenville",49.684106716,5.28647221000006,"Buiten Kruispunt","Regenval","Nat, plassen","buiten bebouwde kom","Nacht, geen openbare verlichting aanwezig","Gewestweg","dodelijk gewonden","personenauto","een weggebruiker tegen een hindernis","Weggebruiker tegen hindernis buiten rijbaan","Buiten de rijbaan: Vangrails overschreden"
"1771","2020","02","00",2020-02-01,2020-02-01 00:00:00,2024-01-02 00:00:00,"82037","Waals Gewest","Provincie Luxemburg","Gouvy",50.2204083450001,5.96678921700004,"Buiten Kruispunt","Normaal","Proper","buiten bebouwde kom","Nacht, geen openbare verlichting aanwezig","Gewestweg","Met doden","personenauto","een weggebruiker tegen een hindernis","Weggebruiker tegen hindernis buiten rijbaan","Buiten de rijbaan: Boom"
"1772","2020","01","09",2020-01-01,2020-01-01 09:00:00,2024-01-02 09:00:00,"84050","Waals Gewest","Provincie Luxemburg","Paliseul",49.9565629750001,5.17218376000005,"Buiten Kruispunt","Normaal","Nat, plassen","buiten bebouwde kom","Dag","Gewestweg","Met doden","personenauto","personenauto","Tussen 2 bestuurders: Frontale botsing","Geen hindernis"
"1773","2020","01","15",2020-01-01,2020-01-01 15:00:00,2024-01-02 15:00:00,"92087","Waals Gewest","Provincie Namen","Mettet",50.320385893,4.65795274400006,"Buiten Kruispunt","Regenval","Nat, plassen","binnen bebouwde kom","Dag","Gewestweg","Met doden","Vrachtwagen","Voetganger","Met een voetganger","Geen hindernis"
"1774","2020","01","15",2020-01-01,2020-01-01 15:00:00,2024-01-02 15:00:00,"91013","Waals Gewest","Provincie Namen","Beauraing",50.1062228380001,4.97808002500005,"Buiten Kruispunt","Normaal","Proper","buiten bebouwde kom","Dag","Gewestweg","dodelijk gewonden","onbekend","onbekend","Andere of onbekend","Geen vermelding van de aanwezigheid van een hindernis"
"1775","2020","01","18",2020-01-01,2020-01-01 18:00:00,2024-01-02 18:00:00,"57081","Waals Gewest","Provincie Henegouwen","Doornik",50.6340016870001,3.30139693500007,"Buiten Kruispunt","Normaal","Droog","binnen bebouwde kom","Nacht, openbare verlichting aanwezig en ontstoken","Gemeenteweg","Met doden","Andere weggebruiker","Bromfiets","Tussen 2 bestuurders: Langs achteren","Geen hindernis"
"1776","2020","01","15",2020-01-01,2020-01-01 15:00:00,2024-01-02 15:00:00,"53053","Waals Gewest","Provincie Henegouwen","Bergen",NA,NA,"Buiten Kruispunt","Normaal","Droog","binnen bebouwde kom","Dag","Gemeenteweg","dodelijk gewonden","personenauto","Fiets","Tussen 2 bestuurders: Langs achteren","Geen hindernis"
"1777","2020","01","15",2020-01-01,2020-01-01 15:00:00,2024-01-02 15:00:00,"56001","Waals Gewest","Provincie Henegouwen","Anderlues",50.404511579,4.27567674500006,"Op Kruispunt","Normaal","Droog+Proper","binnen bebouwde kom","Dag","Gemeenteweg","Met doden","personenauto","personenauto","Tussen 2 bestuurders: Langs achteren","Geen hindernis"
"1778","2020","01","20",2020-01-01,2020-01-01 20:00:00,2024-01-02 20:00:00,"56029","Waals Gewest","Provincie Henegouwen","Froidchapelle",50.1344641360001,4.32908031200003,"Buiten Kruispunt","Normaal","Droog","buiten bebouwde kom","Nacht, openbare verlichting aanwezig en ontstoken","Gemeenteweg","Met doden","personenauto","een weggebruiker tegen een hindernis","Weggebruiker tegen hindernis buiten rijbaan","Buiten de rijbaan: Verlichtingspaal"
"1779","2020","02","08",2020-02-01,2020-02-01 08:00:00,2024-01-02 08:00:00,"21004","Brussels Hoofdstedelijk Gewest",NA,"Brussel",NA,NA,"Buiten Kruispunt","Regenval","Nat, plassen","buiten bebouwde kom","Dag","Autosnelweg","Met doden","personenauto","een weggebruiker tegen een hindernis","Weggebruiker tegen hindernis buiten rijbaan","Buiten de rijbaan: Andere paal"
"1780","2020","02","05",2020-02-01,2020-02-01 05:00:00,2024-01-02 05:00:00,"21010","Brussels Hoofdstedelijk Gewest",NA,"Jette",50.8683854350001,4.33536757900004,"Op Kruispunt","Regenval","Nat, plassen","binnen bebouwde kom","Nacht, openbare verlichting aanwezig en ontstoken","Gemeenteweg","dodelijk gewonden","personenauto","Voetganger","Met een voetganger","Geen hindernis"
"1781","2020","01","15",2020-01-01,2020-01-01 15:00:00,2024-01-02 15:00:00,"21001","Brussels Hoofdstedelijk Gewest",NA,"Anderlecht",50.833574297,4.31125277900003,"Buiten Kruispunt","Normaal","Nat, plassen","binnen bebouwde kom","Dag","Gemeenteweg","dodelijk gewonden","Voetganger","personenauto","Met een voetganger","Geen hindernis"