"","DT_YEAR_COLLISION","DT_MONTH_COLLISION","DT_TIME","YEAR_MONTH_DAY","YEAR_MONTH_DAY_HOUR","TIME_DT","CD_NIS","TX_RGN_COLLISION_NL","TX_PROV_COLLISION_NL","TX_MUNTY_COLLISION_NL","LAT_WGS84","LONG_WGS84","TX_CROSSWAY_NL","TX_WEATHER_NL","TX_ROAD_CONDITION_NL","TX_BUILD_UP_AREA_NL","TX_LIGHT_CONDITION_NL","CD_ROAD_TYPE_NL","TX_CLASS_ACCIDENTS_NL","TX_ROAD_USR_TYPE1_NL","TX_ROAD_USR_TYPE2_NL","TX_COLLISION_TYPE_NL","TX_OBSTACLES_NL"
"1782","2020","01","05",2020-01-01,2020-01-01 05:00:00,2024-01-02 05:00:00,"11013","Vlaams Gewest","Provincie Antwerpen","Edegem",51.1639459780001,4.42772967600007,"Op Kruispunt","Mist (zichtbaarheid minder dan 100m)","Droog","buiten bebouwde kom","Nacht, openbare verlichting aanwezig en ontstoken","Gewestweg","dodelijk gewonden","personenauto","Fiets","Tss. 2 best.: langs opzij (voor-/achterkant-flank)","Geen hindernis"
"1783","2020","01","06",2020-01-01,2020-01-01 06:00:00,2024-01-02 06:00:00,"11054","Vlaams Gewest","Provincie Antwerpen","Zandhoven",51.194537203,4.69602703700002,"Op Kruispunt","Normaal","Nat, plassen","buiten bebouwde kom","Nacht, openbare verlichting aanwezig en ontstoken","Gemeenteweg","Met doden","personenauto","Fiets","Tss. 2 best.: langs opzij (voor-/achterkant-flank)","Geen hindernis"
"1784","2020","01","06",2020-01-01,2020-01-01 06:00:00,2024-01-02 06:00:00,"72043","Vlaams Gewest","Provincie Limburg","Pelt",51.2284879900001,5.40521239300006,"Buiten Kruispunt","Normaal","Nat, plassen","buiten bebouwde kom","Nacht, geen openbare verlichting aanwezig","Gewestweg","Met doden","personenauto","Vrachtwagen","Tussen 2 bestuurders: Frontale botsing","Geen hindernis"
"1785","2020","02","10",2020-02-01,2020-02-01 10:00:00,2024-01-02 10:00:00,"71053","Vlaams Gewest","Provincie Limburg","Sint-Truiden",50.804116718,5.18128119400006,"Op Kruispunt","Normaal","Nat, plassen","buiten bebouwde kom","Dag","Gewestweg","Met doden","personenauto","een weggebruiker tegen een hindernis","Weggebruiker tegen hindernis buiten rijbaan","Buiten de rijbaan: Gracht"
"1786","2020","01","12",2020-01-01,2020-01-01 12:00:00,2024-01-02 12:00:00,"23024","Vlaams Gewest","Provincie Vlaams-Brabant","Gooik",50.7975936620001,4.06648873400007,"Buiten Kruispunt","Normaal","Vuil (zand, grint, bladeren,...)","buiten bebouwde kom","Dag","Gewestweg","Met doden","Bromfiets","Vrachtwagen","Tussen 2 bestuurders: Flank tegen flank","Geen hindernis"
"1787","2020","01","03",2020-01-01,2020-01-01 03:00:00,2024-01-02 03:00:00,"23016","Vlaams Gewest","Provincie Vlaams-Brabant","Dilbeek",NA,NA,"Op Kruispunt","Onbekend","Nat, plassen","binnen bebouwde kom","Nacht, openbare verlichting aanwezig en ontstoken","Gemeenteweg","Met doden","personenauto","een weggebruiker tegen een hindernis","Weggebruiker tegen hindernis buiten rijbaan","Buiten de rijbaan: Verlichtingspaal"
"1788","2020","01","16",2020-01-01,2020-01-01 16:00:00,2024-01-02 16:00:00,"23052","Vlaams Gewest","Provincie Vlaams-Brabant","Merchtem",NA,NA,"Buiten Kruispunt","Normaal","Proper","binnen bebouwde kom","Dag","Gemeenteweg","dodelijk gewonden","personenauto","Fiets","Tss. 2 best.: langs opzij (voor-/achterkant-flank)","Geen hindernis"
"1789","2020","01","13",2020-01-01,2020-01-01 13:00:00,2024-01-02 13:00:00,"23002","Vlaams Gewest","Provincie Vlaams-Brabant","Asse",50.9103652370001,4.19420753800006,"Op Kruispunt","Normaal","Droog","binnen bebouwde kom","Dag","Gewestweg","Met doden","Vrachtwagen","Voetganger","Met een voetganger","Geen hindernis"
"1790","2020","01","16",2020-01-01,2020-01-01 16:00:00,2024-01-02 16:00:00,"42003","Vlaams Gewest","Provincie Oost-Vlaanderen","Berlare",NA,NA,"Buiten Kruispunt","Normaal","Droog","buiten bebouwde kom","Dag","Gewestweg","Met doden","personenauto","Voetganger","Met een voetganger","Geen hindernis"
"1791","2020","01","04",2020-01-01,2020-01-01 04:00:00,2024-01-02 04:00:00,"42028","Vlaams Gewest","Provincie Oost-Vlaanderen","Zele",NA,NA,"Buiten Kruispunt","Normaal","Nat, plassen","binnen bebouwde kom","Nacht, openbare verlichting aanwezig en ontstoken","Gemeenteweg","Met doden","personenauto","Vrachtwagen","Tussen 2 bestuurders: Langs achteren","Geen hindernis"
"1792","2020","01","00",2020-01-01,2020-01-01 00:00:00,2024-01-02 00:00:00,"35006","Vlaams Gewest","Provincie West-Vlaanderen","Ichtegem",51.1229565300001,3.11438921200005,"Buiten Kruispunt","Normaal","Droog","buiten bebouwde kom","Nacht, openbare verlichting aanwezig en ontstoken","Gewestweg","Met doden","personenauto","een weggebruiker tegen een hindernis","Weggebruiker tegen hindernis buiten rijbaan","Buiten de rijbaan: Boom"
"1793","2020","01","19",2020-01-01,2020-01-01 19:00:00,2024-01-02 19:00:00,"33040","Vlaams Gewest","Provincie West-Vlaanderen","Langemark-Poelkapelle",50.9230368940001,2.91834946300003,"Op Kruispunt","Normaal","Droog","buiten bebouwde kom","Nacht, openbare verlichting aanwezig en ontstoken","Gemeenteweg","Met doden","personenauto","een weggebruiker tegen een hindernis","Weggebruiker tegen hindernis buiten rijbaan","Buiten de rijbaan: Gracht"
"1794","2020","01","00",2020-01-01,2020-01-01 00:00:00,2024-01-02 00:00:00,"72004","Vlaams Gewest","Provincie Limburg","Bree",51.1324121860001,5.58233135400008,"Buiten Kruispunt","Normaal","Nat, plassen","buiten bebouwde kom","Nacht, openbare verlichting aanwezig en ontstoken","Gewestweg","Met doden","onbekend","onbekend","Geen vermelding van de type aanrijding","Geen vermelding van de type aanrijding"
"1795","2020","01","18",2020-01-01,2020-01-01 18:00:00,2024-01-02 18:00:00,"24130","Vlaams Gewest","Provincie Vlaams-Brabant","Zoutleeuw",50.827980316,5.10540979600006,"Buiten Kruispunt","Normaal","Droog+Proper","binnen bebouwde kom","Nacht, openbare verlichting aanwezig en ontstoken","Gemeenteweg","Met doden","personenauto","Andere weggebruiker","Tussen 2 bestuurders: Frontale botsing","Geen hindernis"
"1796","2020","02","01",2020-02-01,2020-02-01 01:00:00,2024-01-02 01:00:00,"13010","Vlaams Gewest","Provincie Antwerpen","Grobbendonk",51.169863773,4.77442139000004,"Buiten Kruispunt","Normaal","Droog","buiten bebouwde kom","Nacht, geen openbare verlichting aanwezig","Autosnelweg","Met doden","Motorfiets","Vrachtwagen","Tussen 2 bestuurders: Langs achteren","Geen hindernis"
"1797","2020","02","13",2020-02-01,2020-02-01 13:00:00,2024-01-02 13:00:00,"46003","Vlaams Gewest","Provincie Oost-Vlaanderen","Beveren (Sint-Niklaas)",51.2641275880001,4.27208366900004,"Buiten Kruispunt","Normaal","Droog","buiten bebouwde kom","Dag","Autosnelweg","Met doden","Vrachtwagen","personenauto","Kettingbotsing (3 bestuurders of meer)","Geen hindernis"
"1798","2020","02","07",2020-02-01,2020-02-01 07:00:00,2024-01-02 07:00:00,"44034","Vlaams Gewest","Provincie Oost-Vlaanderen","Lochristi",51.0656366520001,3.87921677900005,"Buiten Kruispunt","Regenval","Nat, plassen","buiten bebouwde kom","Dageraad - schemering","Autosnelweg","Met doden","personenauto","een weggebruiker tegen een hindernis","Weggebruiker tegen hindernis buiten rijbaan","Buiten de rijbaan: Verlichtingspaal"
"1799","2020","02","11",2020-02-01,2020-02-01 11:00:00,2024-01-02 11:00:00,"21001","Brussels Hoofdstedelijk Gewest",NA,"Anderlecht",50.8345631070001,4.28179973100004,"Buiten Kruispunt","Regenval","Nat, plassen","buiten bebouwde kom","Dag","Autosnelweg","Met doden","Voetganger","personenauto","Met een voetganger","Geen hindernis"
"1800","2020","02","21",2020-02-01,2020-02-01 21:00:00,2024-01-02 21:00:00,"21006","Brussels Hoofdstedelijk Gewest",NA,"Evere",50.8551039490001,4.41886106700002,"Buiten Kruispunt","Normaal","Nat, plassen","buiten bebouwde kom","Nacht, openbare verlichting aanwezig en ontstoken","Autosnelweg","Met doden","personenauto","een weggebruiker tegen een hindernis","Weggebruiker tegen hindernis buiten rijbaan","Buiten de rijbaan: Andere paal"
"1801","2020","02","20",2020-02-01,2020-02-01 20:00:00,2024-01-02 20:00:00,"52011","Waals Gewest","Provincie Henegouwen","Charleroi",50.4378382730001,4.49847141500004,"Buiten Kruispunt","Normaal","Nat, plassen","buiten bebouwde kom","Nacht, openbare verlichting aanwezig en ontstoken","Autosnelweg","Met doden","personenauto","personenauto","Tussen 2 bestuurders: Frontale botsing","Geen hindernis"
"1802","2020","02","13",2020-02-01,2020-02-01 13:00:00,2024-01-02 13:00:00,"55085","Waals Gewest","Provincie Henegouwen","Seneffe",50.5610253850001,4.28793291400007,"Buiten Kruispunt","Normaal","Proper","buiten bebouwde kom","Dag","Autosnelweg","Met doden","Vrachtwagen","een weggebruiker tegen een hindernis","Weggebruiker tegen hindernis buiten rijbaan","Buiten de rijbaan: Vangrails overschreden"
"1803","2020","02","16",2020-02-01,2020-02-01 16:00:00,2024-01-02 16:00:00,"53053","Waals Gewest","Provincie Henegouwen","Bergen",50.468256071,4.03179742900005,"Buiten Kruispunt","Sterke wind, rukwind","Proper","buiten bebouwde kom","Dag","Autosnelweg","Met doden","personenauto","één bestuurder, geen hindernis","Eén bestuurder, geen hindernis (incl. val)","Geen hindernis"
"1804","2020","02","08",2020-02-01,2020-02-01 08:00:00,2024-01-02 08:00:00,"53053","Waals Gewest","Provincie Henegouwen","Bergen",50.4807850240001,4.04915370100002,"Buiten Kruispunt","Normaal","Droog","buiten bebouwde kom","Dag","Autosnelweg","Met doden","personenauto","personenauto","Tussen 2 bestuurders: Flank tegen flank","Geen hindernis"
"1805","2020","02","15",2020-02-01,2020-02-01 15:00:00,2024-01-02 15:00:00,"57081","Waals Gewest","Provincie Henegouwen","Doornik",50.6155108070001,3.46304027000002,"Buiten Kruispunt","Normaal","Droog","binnen bebouwde kom","Dag","onbekend","Met doden","Lichte vrachtauto","een weggebruiker tegen een hindernis","Weggebruiker tegen hindernis buiten rijbaan","Andere hindernis"
"1806","2020","02","17",2020-02-01,2020-02-01 17:00:00,2024-01-02 17:00:00,"62051","Waals Gewest","Provincie Luik","Herstal",50.6550427280001,5.61772653700007,"Buiten Kruispunt","Normaal","Droog","binnen bebouwde kom","Dag","Gemeenteweg","Met doden","onbekend","onbekend","Geen vermelding van de type aanrijding","Geen vermelding van de type aanrijding"
"1807","2020","02","13",2020-02-01,2020-02-01 13:00:00,2024-01-02 13:00:00,"62108","Waals Gewest","Provincie Luik","Wezet",50.737588659,5.69294166100002,"Buiten Kruispunt","Normaal","Proper","binnen bebouwde kom","Dag","Gewestweg","Met doden","personenauto","Voetganger","Met een voetganger","Geen hindernis"
"1808","2020","02","02",2020-02-01,2020-02-01 02:00:00,2024-01-02 02:00:00,"64056","Waals Gewest","Provincie Luik","Oerle",50.726096259,5.32786665100002,"Buiten Kruispunt","Sterke wind, rukwind","Nat, plassen","buiten bebouwde kom","Nacht, geen openbare verlichting aanwezig","Gewestweg","Met doden","Bromfiets","één bestuurder, geen hindernis","Eén bestuurder, geen hindernis (incl. val)","Geen hindernis"
"1809","2020","02","21",2020-02-01,2020-02-01 21:00:00,2024-01-02 21:00:00,"63076","Waals Gewest","Provincie Luik","Theux",50.4893929930001,5.80023531700004,"Buiten Kruispunt","Regenval","Nat, plassen","buiten bebouwde kom","Nacht, openbare verlichting aanwezig en ontstoken","Gewestweg","Met doden","personenauto","een weggebruiker tegen een hindernis","Weggebruiker tegen hindernis buiten rijbaan","Buiten de rijbaan: Andere paal"
"1810","2020","02","09",2020-02-01,2020-02-01 09:00:00,2024-01-02 09:00:00,"63079","Waals Gewest","Provincie Luik","Verviers",50.592956352,5.86839230700002,"Buiten Kruispunt","Normaal","Proper","binnen bebouwde kom","Dag","Gewestweg","Met doden","personenauto","één bestuurder, geen hindernis","Eén bestuurder, geen hindernis (incl. val)","Geen hindernis"
"1811","2020","02","14",2020-02-01,2020-02-01 14:00:00,2024-01-02 14:00:00,"63023","Waals Gewest","Provincie Luik","Eupen",50.63153321,6.02902123700005,"Op Kruispunt","Normaal","Proper","binnen bebouwde kom","Dag","Gewestweg","dodelijk gewonden","Autobus","Voetganger","Met een voetganger","Geen hindernis"
"1812","2020","02","20",2020-02-01,2020-02-01 20:00:00,2024-01-02 20:00:00,"61041","Waals Gewest","Provincie Luik","Modave",50.4630029320001,5.27675206900005,"Buiten Kruispunt","Normaal","Droog","buiten bebouwde kom","Nacht, geen openbare verlichting aanwezig","Gewestweg","Met doden","personenauto","personenauto","Tussen 2 bestuurders: Flank tegen flank","Geen hindernis"
"1813","2020","02","07",2020-02-01,2020-02-01 07:00:00,2024-01-02 07:00:00,"61012","Waals Gewest","Provincie Luik","Clavier",50.4143677930001,5.34331010100004,"Buiten Kruispunt","Normaal","Nat, plassen+Proper","buiten bebouwde kom","Dag","Gewestweg","Met doden","personenauto","een weggebruiker tegen een hindernis","Weggebruiker tegen hindernis buiten rijbaan","Buiten de rijbaan: Verlichtingspaal"
"1814","2020","02","22",2020-02-01,2020-02-01 22:00:00,2024-01-02 22:00:00,"85011","Waals Gewest","Provincie Luxemburg","Florenville",49.70086775,5.25846195900004,"Buiten Kruispunt","Normaal","Proper","buiten bebouwde kom","Nacht, openbare verlichting aanwezig en ontstoken","Gewestweg","Met doden","personenauto","een weggebruiker tegen een hindernis","Weggebruiker tegen hindernis buiten rijbaan","Buiten de rijbaan: Verlichtingspaal"
"1815","2020","02","20",2020-02-01,2020-02-01 20:00:00,2024-01-02 20:00:00,"84009","Waals Gewest","Provincie Luxemburg","Bertrix",49.8739387370001,5.21136496300005,"Op Kruispunt","Normaal","Proper","buiten bebouwde kom","Nacht, openbare verlichting aanwezig en ontstoken","Gewestweg","Met doden","personenauto","een weggebruiker tegen een hindernis","Weggebruiker tegen hindernis buiten rijbaan","Buiten de rijbaan: Muur gebouw"
"1816","2020","02","09",2020-02-01,2020-02-01 09:00:00,2024-01-02 09:00:00,"84050","Waals Gewest","Provincie Luxemburg","Paliseul",NA,NA,"Buiten Kruispunt","Regenval","Nat, plassen","buiten bebouwde kom","Dag","Gemeenteweg","dodelijk gewonden","personenauto","Andere weggebruiker","Met een voetganger","Geen hindernis"
"1817","2020","02","11",2020-02-01,2020-02-01 11:00:00,2024-01-02 11:00:00,"92003","Waals Gewest","Provincie Namen","Andenne",50.527985271,5.05927182100004,"Buiten Kruispunt","Normaal","Droog","buiten bebouwde kom","Dag","Gewestweg","Met doden","Motorfiets","een weggebruiker tegen een hindernis","Weggebruiker tegen hindernis buiten rijbaan","Buiten de rijbaan: Andere paal"
"1818","2020","02","20",2020-02-01,2020-02-01 20:00:00,2024-01-02 20:00:00,"91142","Waals Gewest","Provincie Namen","Hastière",50.1726271970001,4.82342108500006,"Buiten Kruispunt","Normaal","Proper","binnen bebouwde kom","Nacht, openbare verlichting aanwezig en ontstoken","Gewestweg","Met doden","personenauto","Voetganger","Met een voetganger","Geen hindernis"
"1819","2020","02","10",2020-02-01,2020-02-01 10:00:00,2024-01-02 10:00:00,"91141","Waals Gewest","Provincie Namen","Yvoir",50.3189724690001,4.99646715700004,"Buiten Kruispunt","Normaal","Droog","buiten bebouwde kom","Dag","Gewestweg","Met doden","personenauto","één bestuurder, geen hindernis","Eén bestuurder, geen hindernis (incl. val)","Geen hindernis"
"1820","2020","02","16",2020-02-01,2020-02-01 16:00:00,2024-01-02 16:00:00,"51008","Waals Gewest","Provincie Henegouwen","Beloeil",50.564996627,3.66852428000004,"Buiten Kruispunt","Regenval","Nat, plassen","buiten bebouwde kom","Dag","Gewestweg","dodelijk gewonden","personenauto","een weggebruiker tegen een hindernis","Weggebruiker tegen hindernis buiten rijbaan","Buiten de rijbaan: Boom"
"1821","2020","02","20",2020-02-01,2020-02-01 20:00:00,2024-01-02 20:00:00,"57027","Waals Gewest","Provincie Henegouwen","Estaimpuis",50.663858513,3.24864638300005,"Buiten Kruispunt","Normaal","Proper","binnen bebouwde kom","Nacht, openbare verlichting aanwezig en ontstoken","Gewestweg","dodelijk gewonden","Bromfiets","personenauto","Tussen 2 bestuurders: Langs achteren","Geen hindernis"
"1822","2020","03","06",2020-03-01,2020-03-01 06:00:00,2024-01-02 06:00:00,"53084","Waals Gewest","Provincie Henegouwen","Quévy",50.3725998800001,4.04306794600006,"Buiten Kruispunt","Normaal","Droog","buiten bebouwde kom","Nacht, geen openbare verlichting aanwezig","Gewestweg","Met doden","personenauto","een weggebruiker tegen een hindernis","Weggebruiker tegen hindernis buiten rijbaan","Buiten de rijbaan: Boom"
"1823","2020","02","00",2020-02-01,2020-02-01 00:00:00,2024-01-02 00:00:00,"53068","Waals Gewest","Provincie Henegouwen","Quiévrain",NA,NA,"Buiten Kruispunt","Normaal","Droog+Proper","buiten bebouwde kom","Nacht, openbare verlichting aanwezig en ontstoken","Gewestweg","Met doden","personenauto","een weggebruiker tegen een hindernis","Weggebruiker tegen hindernis buiten rijbaan","Buiten de rijbaan: Boom"
"1824","2020","02","16",2020-02-01,2020-02-01 16:00:00,2024-01-02 16:00:00,"52011","Waals Gewest","Provincie Henegouwen","Charleroi",NA,NA,"Buiten Kruispunt","Normaal","Droog+Proper","binnen bebouwde kom","Dag","Gemeenteweg","Met doden","Vrachtwagen","Voetganger","Met een voetganger","Geen hindernis"
"1825","2020","02","06",2020-02-01,2020-02-01 06:00:00,2024-01-02 06:00:00,"52055","Waals Gewest","Provincie Henegouwen","Pont-à-Celles",50.5151028160001,4.40904284600003,"Op Kruispunt","Sterke wind, rukwind","Nat, plassen","binnen bebouwde kom","Nacht, openbare verlichting aanwezig en ontstoken","Gemeenteweg","Met doden","personenauto","een weggebruiker tegen een hindernis","Weggebruiker tegen hindernis buiten rijbaan","Andere hindernis"
"1826","2020","02","17",2020-02-01,2020-02-01 17:00:00,2024-01-02 17:00:00,"52025","Waals Gewest","Provincie Henegouwen","Gerpinnes",50.3609660980001,4.53185855400005,"Buiten Kruispunt","Normaal","Proper","binnen bebouwde kom","Dag","Gemeenteweg","Met doden","Motorfiets","personenauto","Tussen 2 bestuurders: Langs achteren","Geen hindernis"
"1827","2020","02","19",2020-02-01,2020-02-01 19:00:00,2024-01-02 19:00:00,"11002","Vlaams Gewest","Provincie Antwerpen","Antwerpen",51.1894367680001,4.37746878300004,"Buiten Kruispunt","Onbekend","Nat, plassen","binnen bebouwde kom","Nacht, openbare verlichting aanwezig en ontstoken","Gewestweg","Met doden","Andere weggebruiker","Voetganger","Met een voetganger","Geen hindernis"
"1828","2020","02","18",2020-02-01,2020-02-01 18:00:00,2024-01-02 18:00:00,"11013","Vlaams Gewest","Provincie Antwerpen","Edegem",51.1581623550001,4.43017626500006,"Buiten Kruispunt","Normaal","Nat, plassen","buiten bebouwde kom","Dageraad - schemering","Gewestweg","dodelijk gewonden","personenauto","Voetganger","Met een voetganger","Geen hindernis"
"1829","2020","02","19",2020-02-01,2020-02-01 19:00:00,2024-01-02 19:00:00,"12014","Vlaams Gewest","Provincie Antwerpen","Heist-op-den-Berg",51.0784095390001,4.71717870100002,"Buiten Kruispunt","Normaal","Droog","binnen bebouwde kom","Nacht, openbare verlichting aanwezig en ontstoken","Gemeenteweg","Met doden","personenauto","Voetganger","Met een voetganger","Geen hindernis"
"1830","2020","02","18",2020-02-01,2020-02-01 18:00:00,2024-01-02 18:00:00,"13001","Vlaams Gewest","Provincie Antwerpen","Arendonk",51.3199658030001,5.08169201400005,"Buiten Kruispunt","Sterke wind, rukwind","Droog","binnen bebouwde kom","Nacht, openbare verlichting aanwezig en ontstoken","Gewestweg","Met doden","Lichte vrachtauto","Fiets","Tussen 2 bestuurders: Frontale botsing","Geen hindernis"
"1831","2020","02","23",2020-02-01,2020-02-01 23:00:00,2024-01-02 23:00:00,"71070","Vlaams Gewest","Provincie Limburg","Heusden-Zolder",51.032434316,5.26400204600003,"Buiten Kruispunt","Regenval","Nat, plassen","binnen bebouwde kom","Nacht, openbare verlichting aanwezig en ontstoken","Gemeenteweg","Met doden","personenauto","één bestuurder, geen hindernis","Eén bestuurder, geen hindernis (incl. val)","Geen hindernis"
"1832","2020","02","13",2020-02-01,2020-02-01 13:00:00,2024-01-02 13:00:00,"44048","Vlaams Gewest","Provincie Oost-Vlaanderen","Nazareth",50.9596588570001,3.59686125700006,"Buiten Kruispunt","Normaal","Nat, plassen","binnen bebouwde kom","Dag","Gewestweg","dodelijk gewonden","Fiets","één bestuurder, geen hindernis","Eén bestuurder, geen hindernis (incl. val)","Geen hindernis"
"1833","2020","02","12",2020-02-01,2020-02-01 12:00:00,2024-01-02 12:00:00,"41018","Vlaams Gewest","Provincie Oost-Vlaanderen","Geraardsbergen",50.771765364,3.87595018000007,"Buiten Kruispunt","Normaal","Droog","binnen bebouwde kom","Dag","Gewestweg","dodelijk gewonden","Motorfiets","een weggebruiker tegen een hindernis","Weggebruiker tegen hindernis buiten rijbaan","Andere hindernis"
"1834","2020","02","15",2020-02-01,2020-02-01 15:00:00,2024-01-02 15:00:00,"41081","Vlaams Gewest","Provincie Oost-Vlaanderen","Zottegem",50.8615991780001,3.85501288100005,"Buiten Kruispunt","Normaal","Droog","buiten bebouwde kom","Dag","Gewestweg","dodelijk gewonden","Vrachtwagen","één bestuurder, geen hindernis","Eén bestuurder, geen hindernis (incl. val)","Geen hindernis"
"1835","2020","02","19",2020-02-01,2020-02-01 19:00:00,2024-01-02 19:00:00,"41002","Vlaams Gewest","Provincie Oost-Vlaanderen","Aalst (Aalst)",50.9298075890001,4.06332374100003,"Buiten Kruispunt","Normaal","Droog","binnen bebouwde kom","Nacht, openbare verlichting aanwezig en ontstoken","Gewestweg","dodelijk gewonden","personenauto","Fiets","Tss. 2 best.: langs opzij (voor-/achterkant-flank)","Geen hindernis"
"1836","2020","02","17",2020-02-01,2020-02-01 17:00:00,2024-01-02 17:00:00,"41048","Vlaams Gewest","Provincie Oost-Vlaanderen","Ninove",NA,NA,"Buiten Kruispunt","Regenval","Nat, plassen","buiten bebouwde kom","Dag","Gemeenteweg","dodelijk gewonden","personenauto","een weggebruiker tegen een hindernis","Weggebruiker tegen hindernis buiten rijbaan","Buiten de rijbaan: Gracht"
"1837","2020","02","11",2020-02-01,2020-02-01 11:00:00,2024-01-02 11:00:00,"31006","Vlaams Gewest","Provincie West-Vlaanderen","Damme",51.2551997030001,3.39130079200004,"Op Kruispunt","Normaal","Droog","buiten bebouwde kom","Dag","Gemeenteweg","Met doden","Voetganger","Vrachtwagen","Met een voetganger","Geen hindernis"
"1838","2020","02","09",2020-02-01,2020-02-01 09:00:00,2024-01-02 09:00:00,"32006","Vlaams Gewest","Provincie West-Vlaanderen","Houthulst",50.952489072,2.85289145000007,"Buiten Kruispunt","Normaal","Droog","binnen bebouwde kom","Dag","Gemeenteweg","dodelijk gewonden","Vrachtwagen","Voetganger","Met een voetganger","Geen hindernis"
"1839","2020","02","16",2020-02-01,2020-02-01 16:00:00,2024-01-02 16:00:00,"11002","Vlaams Gewest","Provincie Antwerpen","Antwerpen",51.2602556000001,4.38871056100004,"Buiten Kruispunt","Normaal","Droog","binnen bebouwde kom","Dag","Gemeenteweg","Met doden","Motorfiets","één bestuurder, geen hindernis","Eén bestuurder, geen hindernis (incl. val)","Geen hindernis"
"1840","2020","02","15",2020-02-01,2020-02-01 15:00:00,2024-01-02 15:00:00,"71016","Vlaams Gewest","Provincie Limburg","Genk",50.9650362360001,5.47643571500004,"Buiten Kruispunt","Normaal","Droog","buiten bebouwde kom","Dag","Gewestweg","dodelijk gewonden","onbekend","onbekend","Geen vermelding van de type aanrijding","Geen vermelding van de type aanrijding"
"1841","2020","02","13",2020-02-01,2020-02-01 13:00:00,2024-01-02 13:00:00,"24130","Vlaams Gewest","Provincie Vlaams-Brabant","Zoutleeuw",NA,NA,"Buiten Kruispunt","Regenval","Nat, plassen","binnen bebouwde kom","Dag","Gemeenteweg","Met doden","personenauto","een weggebruiker tegen een hindernis","Weggebruiker tegen hindernis buiten rijbaan","Buiten de rijbaan: Boom"
"1842","2020","03","15",2020-03-01,2020-03-01 15:00:00,2024-01-02 15:00:00,"13014","Vlaams Gewest","Provincie Antwerpen","Hoogstraten",NA,NA,"Buiten Kruispunt","Normaal","Droog","buiten bebouwde kom","Dag","Autosnelweg","Met doden","Vrachtwagen","Vrachtwagen","Kettingbotsing (3 bestuurders of meer)","Geen hindernis"
"1843","2020","03","01",2020-03-01,2020-03-01 01:00:00,2024-01-02 01:00:00,"71011","Vlaams Gewest","Provincie Limburg","Diepenbeek",50.894576364,5.40901149700005,"Buiten Kruispunt","Normaal","Droog","buiten bebouwde kom","Nacht, openbare verlichting aanwezig en ontstoken","Autosnelweg","Met doden","personenauto","Vrachtwagen","Tss. 2 best.: langs opzij (voor-/achterkant-flank)","Geen hindernis"
"1844","2020","03","05",2020-03-01,2020-03-01 05:00:00,2024-01-02 05:00:00,"52055","Waals Gewest","Provincie Henegouwen","Pont-à-Celles",50.5280830820001,4.38378083900005,"Buiten Kruispunt","Normaal","Proper","buiten bebouwde kom","Nacht, openbare verlichting aanwezig en ontstoken","Autosnelweg","Met doden","personenauto","een weggebruiker tegen een hindernis","Weggebruiker tegen hindernis buiten rijbaan","Buiten de rijbaan: Vangrails overschreden"
"1845","2020","03","07",2020-03-01,2020-03-01 07:00:00,2024-01-02 07:00:00,"51065","Waals Gewest","Provincie Henegouwen","Frasnes-lez-Anvaing",50.6608241490001,3.58215792000004,"Buiten Kruispunt","Regenval","Nat, plassen","buiten bebouwde kom","Dag","Autosnelweg","Met doden","Vrachtwagen","Voetganger","Met een voetganger","Geen hindernis"
"1846","2020","03","21",2020-03-01,2020-03-01 21:00:00,2024-01-02 21:00:00,"25084","Waals Gewest","Provincie Waals-Brabant","Perwijs (Nijvel)",50.6079836120001,4.78059442500006,"Buiten Kruispunt","Normaal","Nat, plassen+Proper","buiten bebouwde kom","Nacht, openbare verlichting aanwezig en ontstoken","Autosnelweg","Met doden","personenauto","Vrachtwagen","Tussen 2 bestuurders: Langs achteren","Geen hindernis"
"1847","2020","03","05",2020-03-01,2020-03-01 05:00:00,2024-01-02 05:00:00,"81015","Waals Gewest","Provincie Luxemburg","Messancy",49.638605463,5.84612518800003,"Buiten Kruispunt","Regenval","Nat, plassen+Proper","buiten bebouwde kom","Nacht, openbare verlichting aanwezig en ontstoken","Autosnelweg","Met doden","personenauto","een weggebruiker tegen een hindernis","Weggebruiker tegen hindernis buiten rijbaan","Buiten de rijbaan: Vangrails overschreden"
"1848","2020","03","22",2020-03-01,2020-03-01 22:00:00,2024-01-02 22:00:00,"25015","Waals Gewest","Provincie Waals-Brabant","Kasteelbrakel",50.685203895,4.30282438300003,"Buiten Kruispunt","Regenval","Nat, plassen","binnen bebouwde kom","Nacht, openbare verlichting aanwezig en ontstoken","Gemeenteweg","Met doden","Motorfiets","een weggebruiker tegen een hindernis","Weggebruiker tegen hindernis buiten rijbaan","Buiten de rijbaan: Verkeerseiland, middenberm"