"","DT_YEAR_COLLISION","DT_MONTH_COLLISION","DT_TIME","YEAR_MONTH_DAY","YEAR_MONTH_DAY_HOUR","TIME_DT","CD_NIS","TX_RGN_COLLISION_NL","TX_PROV_COLLISION_NL","TX_MUNTY_COLLISION_NL","LAT_WGS84","LONG_WGS84","TX_CROSSWAY_NL","TX_WEATHER_NL","TX_ROAD_CONDITION_NL","TX_BUILD_UP_AREA_NL","TX_LIGHT_CONDITION_NL","CD_ROAD_TYPE_NL","TX_CLASS_ACCIDENTS_NL","TX_ROAD_USR_TYPE1_NL","TX_ROAD_USR_TYPE2_NL","TX_COLLISION_TYPE_NL","TX_OBSTACLES_NL"
"1849","2020","03","18",2020-03-01,2020-03-01 18:00:00,2024-01-02 18:00:00,"25014","Waals Gewest","Provincie Waals-Brabant","Eigenbrakel",50.703405795,4.35953555900005,"Buiten Kruispunt","Normaal","Droog","binnen bebouwde kom","Dag","Gemeenteweg","Met doden","Motorfiets","een weggebruiker tegen een hindernis","Weggebruiker tegen hindernis buiten rijbaan","Buiten de rijbaan: Andere paal"
"1850","2020","03","15",2020-03-01,2020-03-01 15:00:00,2024-01-02 15:00:00,"62063","Waals Gewest","Provincie Luik","Luik",50.6198295820001,5.57428752300007,"Buiten Kruispunt","Normaal","Nat, plassen","binnen bebouwde kom","Dag","Gemeenteweg","dodelijk gewonden","Voetganger","Autobus","Met een voetganger","Geen hindernis"
"1851","2020","03","14",2020-03-01,2020-03-01 14:00:00,2024-01-02 14:00:00,"63080","Waals Gewest","Provincie Luik","Weismes",50.4173181570001,6.11242573200008,"Buiten Kruispunt","Normaal","Droog+Proper","binnen bebouwde kom","Dag","Gewestweg","dodelijk gewonden","personenauto","Motorfiets","Tss. 2 best.: langs opzij (voor-/achterkant-flank)","Geen hindernis"
"1852","2020","03","16",2020-03-01,2020-03-01 16:00:00,2024-01-02 16:00:00,"92035","Waals Gewest","Provincie Namen","Eghezée",50.5932319770001,4.95476518500004,"Buiten Kruispunt","Normaal","Proper","binnen bebouwde kom","Dag","Gewestweg","Met doden","Lichte vrachtauto","een weggebruiker tegen een hindernis","Weggebruiker tegen hindernis buiten rijbaan","Buiten de rijbaan: Muur gebouw"
"1853","2020","03","13",2020-03-01,2020-03-01 13:00:00,2024-01-02 13:00:00,"92003","Waals Gewest","Provincie Namen","Andenne",50.4901141930001,5.02924816000007,"Buiten Kruispunt","Onbekend","Droog","binnen bebouwde kom","Dag","Gemeenteweg","dodelijk gewonden","personenauto","een weggebruiker tegen een hindernis","Weggebruiker tegen hindernis buiten rijbaan","Andere hindernis"
"1854","2020","03","15",2020-03-01,2020-03-01 15:00:00,2024-01-02 15:00:00,"92048","Waals Gewest","Provincie Namen","Fosses-la-Ville",50.406759617,4.67328002100004,"Buiten Kruispunt","Normaal","Onbekend","buiten bebouwde kom","Dag","Gemeenteweg","Met doden","Andere weggebruiker","één bestuurder, geen hindernis","Eén bestuurder, geen hindernis (incl. val)","Geen hindernis"
"1855","2020","03","18",2020-03-01,2020-03-01 18:00:00,2024-01-02 18:00:00,"91013","Waals Gewest","Provincie Namen","Beauraing",50.161072442,4.91353381300007,"Buiten Kruispunt","Onbekend","Droog","buiten bebouwde kom","Dag","Gewestweg","Met doden","Motorfiets","personenauto","Tussen 2 bestuurders: Frontale botsing","Geen hindernis"
"1856","2020","03","22",2020-03-01,2020-03-01 22:00:00,2024-01-02 22:00:00,"91034","Waals Gewest","Provincie Namen","Dinant",50.2455188280001,4.93979636000006,"Buiten Kruispunt","Normaal","Nat, plassen","buiten bebouwde kom","Nacht, geen openbare verlichting aanwezig","Gewestweg","Met doden","personenauto","personenauto","Tussen 2 bestuurders: Frontale botsing","Geen hindernis"
"1857","2020","03","17",2020-03-01,2020-03-01 17:00:00,2024-01-02 17:00:00,"51008","Waals Gewest","Provincie Henegouwen","Beloeil",NA,NA,"Buiten Kruispunt","Normaal","Droog+Proper","buiten bebouwde kom","Dag","Gemeenteweg","dodelijk gewonden","Motorfiets","één bestuurder, geen hindernis","Eén bestuurder, geen hindernis (incl. val)","Geen hindernis"
"1858","2020","03","11",2020-03-01,2020-03-01 11:00:00,2024-01-02 11:00:00,"53046","Waals Gewest","Provincie Henegouwen","Lens",50.562442214,3.92408059100006,"Buiten Kruispunt","Normaal","Proper","binnen bebouwde kom","Dag","Gewestweg","Met doden","Motorfiets","een weggebruiker tegen een hindernis","Weggebruiker tegen hindernis buiten rijbaan","Buiten de rijbaan: Verkeerseiland, middenberm"
"1859","2020","03","10",2020-03-01,2020-03-01 10:00:00,2024-01-02 10:00:00,"58002","Waals Gewest","Provincie Henegouwen","Binche",50.412105669,4.16741585300002,"Buiten Kruispunt","Normaal","Proper","binnen bebouwde kom","Dag","Gewestweg","Met doden","Vrachtwagen","Voetganger","Met een voetganger","Geen hindernis"
"1860","2020","03","17",2020-03-01,2020-03-01 17:00:00,2024-01-02 17:00:00,"56016","Waals Gewest","Provincie Henegouwen","Chimay",50.0580316030001,4.26715477600004,"Buiten Kruispunt","Regenval","Proper","buiten bebouwde kom","Dag","Gewestweg","Met doden","personenauto","personenauto","Tussen 2 bestuurders: Frontale botsing","Geen hindernis"
"1861","2020","03","22",2020-03-01,2020-03-01 22:00:00,2024-01-02 22:00:00,"56029","Waals Gewest","Provincie Henegouwen","Froidchapelle",NA,NA,"Buiten Kruispunt","Normaal","Proper","buiten bebouwde kom","Nacht, openbare verlichting aanwezig en ontstoken","Gemeenteweg","Met doden","personenauto","een weggebruiker tegen een hindernis","Weggebruiker tegen hindernis buiten rijbaan","Buiten de rijbaan: Boom"
"1862","2020","03","14",2020-03-01,2020-03-01 14:00:00,2024-01-02 14:00:00,"11044","Vlaams Gewest","Provincie Antwerpen","Stabroek",51.343377569,4.34742902600004,"Op Kruispunt","Normaal","Droog","buiten bebouwde kom","Dag","Gemeenteweg","Met doden","Vrachtwagen","personenauto","Tussen 2 bestuurders: Langs achteren","Geen hindernis"
"1863","2020","03","07",2020-03-01,2020-03-01 07:00:00,2024-01-02 07:00:00,"11013","Vlaams Gewest","Provincie Antwerpen","Edegem",51.1485514830001,4.46360385300005,"Buiten Kruispunt","Normaal","Droog","buiten bebouwde kom","Dag","Gewestweg","Met doden","Motorfiets","een weggebruiker tegen een hindernis","Weggebruiker tegen hindernis op de rijbaan","Op de rijbaan: Verkeersdrempel, ezelsrug"
"1864","2020","03","09",2020-03-01,2020-03-01 09:00:00,2024-01-02 09:00:00,"12021","Vlaams Gewest","Provincie Antwerpen","Lier",51.125320043,4.55290453600003,"Op Kruispunt","Normaal","Droog","buiten bebouwde kom","Dag","Gewestweg","dodelijk gewonden","onbekend","onbekend","Andere of onbekend","Geen vermelding van de aanwezigheid van een hindernis"
"1865","2020","03","14",2020-03-01,2020-03-01 14:00:00,2024-01-02 14:00:00,"11009","Vlaams Gewest","Provincie Antwerpen","Brecht",51.3434636210001,4.62633725900002,"Buiten Kruispunt","Normaal","Droog","buiten bebouwde kom","Dag","Gewestweg","dodelijk gewonden","Fiets","een weggebruiker tegen een hindernis","Weggebruiker tegen hindernis buiten rijbaan","Buiten de rijbaan: Boom"
"1866","2020","03","10",2020-03-01,2020-03-01 10:00:00,2024-01-02 10:00:00,"13025","Vlaams Gewest","Provincie Antwerpen","Mol",51.266715123,5.19047639300004,"Buiten Kruispunt","Normaal","Droog","buiten bebouwde kom","Dag","Gewestweg","Met doden","onbekend","onbekend","Geen vermelding van de type aanrijding","Geen vermelding van de type aanrijding"
"1867","2020","03","23",2020-03-01,2020-03-01 23:00:00,2024-01-02 23:00:00,"71053","Vlaams Gewest","Provincie Limburg","Sint-Truiden",50.8198784150001,5.23753403400002,"Buiten Kruispunt","Normaal","Droog","buiten bebouwde kom","Nacht, openbare verlichting aanwezig en ontstoken","Gewestweg","Met doden","personenauto","een weggebruiker tegen een hindernis","Weggebruiker tegen hindernis buiten rijbaan","Andere hindernis"
"1868","2020","03","19",2020-03-01,2020-03-01 19:00:00,2024-01-02 19:00:00,"23088","Vlaams Gewest","Provincie Vlaams-Brabant","Vilvoorde",50.924714835,4.46348545300003,"Op Kruispunt","Normaal","Droog","buiten bebouwde kom","Nacht, geen openbare verlichting aanwezig","Gewestweg","Met doden","Fiets","Lichte vrachtauto","Tss. 2 best.: langs opzij (voor-/achterkant-flank)","Geen hindernis"
"1869","2020","03","16",2020-03-01,2020-03-01 16:00:00,2024-01-02 16:00:00,"41024","Vlaams Gewest","Provincie Oost-Vlaanderen","Haaltert",50.8862776,4.01817489500007,"Buiten Kruispunt","Normaal","Droog","binnen bebouwde kom","Dag","Gemeenteweg","dodelijk gewonden","Fiets","één bestuurder, geen hindernis","Eén bestuurder, geen hindernis (incl. val)","Geen hindernis"
"1870","2020","03","06",2020-03-01,2020-03-01 06:00:00,2024-01-02 06:00:00,"31040","Vlaams Gewest","Provincie West-Vlaanderen","Zedelgem",51.125276076,3.12817077600005,"Op Kruispunt","Regenval","Nat, plassen","buiten bebouwde kom","Nacht, openbare verlichting aanwezig en ontstoken","Gewestweg","Met doden","personenauto","personenauto","Tussen 2 bestuurders: Frontale botsing","Geen hindernis"
"1871","2020","03","16",2020-03-01,2020-03-01 16:00:00,2024-01-02 16:00:00,"35006","Vlaams Gewest","Provincie West-Vlaanderen","Ichtegem",51.1286721050001,2.98776055800005,"Op Kruispunt","Normaal","Droog","buiten bebouwde kom","Dag","Gewestweg","Met doden","personenauto","Motorfiets","Tss. 2 best.: langs opzij (voor-/achterkant-flank)","Geen hindernis"
"1872","2020","03","15",2020-03-01,2020-03-01 15:00:00,2024-01-02 15:00:00,"34041","Vlaams Gewest","Provincie West-Vlaanderen","Wevelgem",NA,NA,"Buiten Kruispunt","Normaal","Droog","buiten bebouwde kom","Dag","Gemeenteweg","Met doden","Vrachtwagen","Fiets","Tss. 2 best.: langs opzij (voor-/achterkant-flank)","Geen hindernis"
"1873","2020","03","17",2020-03-01,2020-03-01 17:00:00,2024-01-02 17:00:00,"33011","Vlaams Gewest","Provincie West-Vlaanderen","Ieper",50.842061738,2.92069261600005,"Buiten Kruispunt","Andere (dikke rook,...)","Droog","buiten bebouwde kom","Dag","Gemeenteweg","Met doden","Motorfiets","personenauto","Tss. 2 best.: langs opzij (voor-/achterkant-flank)","Geen hindernis"
"1874","2020","03","13",2020-03-01,2020-03-01 13:00:00,2024-01-02 13:00:00,"44021","Vlaams Gewest","Provincie Oost-Vlaanderen","Gent",NA,NA,"Buiten Kruispunt","Regenval","Nat, plassen","buiten bebouwde kom","Dag","Gemeenteweg","Met doden","Motorfiets","Vrachtwagen","Tss. 2 best.: langs opzij (voor-/achterkant-flank)","Geen hindernis"
"1875","2020","03","13",2020-03-01,2020-03-01 13:00:00,2024-01-02 13:00:00,"44021","Vlaams Gewest","Provincie Oost-Vlaanderen","Gent",51.0765926270001,3.74633627400004,"Op Kruispunt","Normaal","Nat, plassen","binnen bebouwde kom","Dag","Gemeenteweg","Met doden","Fiets","Vrachtwagen","Tss. 2 best.: langs opzij (voor-/achterkant-flank)","Geen hindernis"
"1876","2020","03","20",2020-03-01,2020-03-01 20:00:00,2024-01-02 20:00:00,"31005","Vlaams Gewest","Provincie West-Vlaanderen","Brugge",51.316643105,3.19090616800003,"Buiten Kruispunt","Normaal","Nat, plassen","buiten bebouwde kom","Nacht, openb. verlicht. aanw., maar niet ontstoken","Gemeenteweg","Met doden","personenauto","een weggebruiker tegen een hindernis","Weggebruiker tegen hindernis buiten rijbaan","Andere hindernis"
"1877","2020","03","11",2020-03-01,2020-03-01 11:00:00,2024-01-02 11:00:00,"12040","Vlaams Gewest","Provincie Antwerpen","Willebroek",51.0579446030001,4.36545536200003,"Buiten Kruispunt","Normaal","Droog","buiten bebouwde kom","Dag","Gemeenteweg","Met doden","personenauto","Motorfiets","Tss. 2 best.: langs opzij (voor-/achterkant-flank)","Geen hindernis"
"1878","2020","03","06",2020-03-01,2020-03-01 06:00:00,2024-01-02 06:00:00,"71011","Vlaams Gewest","Provincie Limburg","Diepenbeek",50.925494782,5.41959379200006,"Buiten Kruispunt","Regenval","Nat, plassen","buiten bebouwde kom","Nacht, openbare verlichting aanwezig en ontstoken","Gemeenteweg","Met doden","Bromfiets","een weggebruiker tegen een hindernis","Weggebruiker tegen hindernis op de rijbaan","Op de rijbaan: Werken (signal., aarde, toestel,…)"
"1879","2020","03","21",2020-03-01,2020-03-01 21:00:00,2024-01-02 21:00:00,"71024","Vlaams Gewest","Provincie Limburg","Herk-de-Stad",50.9541597990001,5.17830456300004,"Buiten Kruispunt","Normaal","Nat, plassen","buiten bebouwde kom","Nacht, openbare verlichting aanwezig en ontstoken","Gewestweg","dodelijk gewonden","personenauto","een weggebruiker tegen een hindernis","Weggebruiker tegen hindernis buiten rijbaan","Buiten de rijbaan: Boom"
"1880","2020","04","11",2020-04-01,2020-04-01 11:00:00,2024-01-02 11:00:00,"44021","Vlaams Gewest","Provincie Oost-Vlaanderen","Gent",51.006408445,3.74189544400002,"Buiten Kruispunt","Normaal","Droog","buiten bebouwde kom","Dag","Autosnelweg","dodelijk gewonden","Voetganger","Vrachtwagen","Met een voetganger","Geen hindernis"
"1881","2020","04","08",2020-04-01,2020-04-01 08:00:00,2024-01-02 08:00:00,"31022","Vlaams Gewest","Provincie West-Vlaanderen","Oostkamp",51.1364040500001,3.26905358200003,"Buiten Kruispunt","Normaal","Droog","buiten bebouwde kom","Dag","Autosnelweg","Met doden","Lichte vrachtauto","Vrachtwagen","Tss. 2 best.: langs opzij (voor-/achterkant-flank)","Geen hindernis"
"1882","2020","05","13",2020-05-01,2020-05-01 13:00:00,2024-01-02 13:00:00,"91030","Waals Gewest","Provincie Namen","Ciney",50.270423372,5.04151945100006,"Buiten Kruispunt","Normaal","Proper","buiten bebouwde kom","Dag","Gewestweg","Met doden","personenauto","een weggebruiker tegen een hindernis","Weggebruiker tegen hindernis buiten rijbaan","Buiten de rijbaan: Andere paal"
"1883","2020","04","20",2020-04-01,2020-04-01 20:00:00,2024-01-02 20:00:00,"85046","Waals Gewest","Provincie Luxemburg","Habay",49.696173324,5.66740567900007,"Buiten Kruispunt","Normaal","Droog+Proper","buiten bebouwde kom","Nacht, openbare verlichting aanwezig en ontstoken","Autosnelweg","Met doden","Lichte vrachtauto","Vrachtwagen","Tussen 2 bestuurders: Langs achteren","Geen hindernis"
"1884","2020","04","03",2020-04-01,2020-04-01 03:00:00,2024-01-02 03:00:00,"62063","Waals Gewest","Provincie Luik","Luik",NA,NA,"Buiten Kruispunt","Normaal","Droog","binnen bebouwde kom","Nacht, openbare verlichting aanwezig en ontstoken","Gemeenteweg","Met doden","personenauto","een weggebruiker tegen een hindernis","Weggebruiker tegen hindernis buiten rijbaan","Andere hindernis"
"1885","2020","04","13",2020-04-01,2020-04-01 13:00:00,2024-01-02 13:00:00,"62119","Waals Gewest","Provincie Luik","Blegny",50.6399826570001,5.67778162400003,"Buiten Kruispunt","Normaal","Proper","binnen bebouwde kom","Dag","Gemeenteweg","dodelijk gewonden","Fiets","één bestuurder, geen hindernis","Eén bestuurder, geen hindernis (incl. val)","Geen hindernis"
"1886","2020","04","12",2020-04-01,2020-04-01 12:00:00,2024-01-02 12:00:00,"62079","Waals Gewest","Provincie Luik","Oupeye",NA,NA,"Buiten Kruispunt","Normaal","Droog+Proper","binnen bebouwde kom","Dag","Gewestweg","Met doden","Fiets","één bestuurder, geen hindernis","Eén bestuurder, geen hindernis (incl. val)","Geen hindernis"
"1887","2020","04","02",2020-04-01,2020-04-01 02:00:00,2024-01-02 02:00:00,"62120","Waals Gewest","Provincie Luik","Flémalle",50.565634146,5.45812460700006,"Buiten Kruispunt","Regenval","Nat, plassen","buiten bebouwde kom","Nacht, openbare verlichting aanwezig en ontstoken","Gewestweg","Met doden","personenauto","een weggebruiker tegen een hindernis","Weggebruiker tegen hindernis buiten rijbaan","Buiten de rijbaan: Andere paal"
"1888","2020","04","15",2020-04-01,2020-04-01 15:00:00,2024-01-02 15:00:00,"62022","Waals Gewest","Provincie Luik","Chaudfontaine",NA,NA,"Buiten Kruispunt","Normaal","Proper","buiten bebouwde kom","Dag","Gewestweg","Met doden","Motorfiets","personenauto","Tussen 2 bestuurders: Frontale botsing","Geen hindernis"
"1889","2020","04","19",2020-04-01,2020-04-01 19:00:00,2024-01-02 19:00:00,"63023","Waals Gewest","Provincie Luik","Eupen",NA,NA,"Buiten Kruispunt","Normaal","Proper","buiten bebouwde kom","Dag","onbekend","Met doden","Motorfiets","Motorfiets","Tussen 2 bestuurders: Flank tegen flank","Geen hindernis"
"1890","2020","04","15",2020-04-01,2020-04-01 15:00:00,2024-01-02 15:00:00,"55035","Waals Gewest","Provincie Henegouwen","Le Roeulx",50.49616344,4.11109395200003,"Op Kruispunt","Normaal","Droog","binnen bebouwde kom","Dag","Gemeenteweg","Met doden","personenauto","een weggebruiker tegen een hindernis","Weggebruiker tegen hindernis buiten rijbaan","Buiten de rijbaan: Andere paal"
"1891","2020","04","21",2020-04-01,2020-04-01 21:00:00,2024-01-02 21:00:00,"21001","Brussels Hoofdstedelijk Gewest",NA,"Anderlecht",50.843157031,4.32547274700005,"Buiten Kruispunt","Normaal","Droog+Proper","binnen bebouwde kom","Nacht, openbare verlichting aanwezig en ontstoken","Gemeenteweg","Met doden","Motorfiets","personenauto","Kettingbotsing (3 bestuurders of meer)","Geen hindernis"
"1892","2020","05","07",2020-05-01,2020-05-01 07:00:00,2024-01-02 07:00:00,"13025","Vlaams Gewest","Provincie Antwerpen","Mol",51.2158665090001,5.19304248400005,"Op Kruispunt","Normaal","Droog","buiten bebouwde kom","Dag","Gewestweg","Met doden","personenauto","een weggebruiker tegen een hindernis","Weggebruiker tegen hindernis buiten rijbaan","Buiten de rijbaan: Boom"
"1893","2020","04","11",2020-04-01,2020-04-01 11:00:00,2024-01-02 11:00:00,"73066","Vlaams Gewest","Provincie Limburg","Riemst",50.8203864430001,5.61649169800006,"Buiten Kruispunt","Normaal","Droog","buiten bebouwde kom","Dag","Gewestweg","Met doden","Lichte vrachtauto","personenauto","Tussen 2 bestuurders: Frontale botsing","Geen hindernis"
"1894","2020","04","12",2020-04-01,2020-04-01 12:00:00,2024-01-02 12:00:00,"24008","Vlaams Gewest","Provincie Vlaams-Brabant","Bekkevoort",50.961497067,5.02417584800003,"Op Kruispunt","Normaal","Droog","buiten bebouwde kom","Dag","Gewestweg","Met doden","Lichte vrachtauto","Fiets","Tussen 2 bestuurders: Langs achteren","Geen hindernis"
"1895","2020","04","12",2020-04-01,2020-04-01 12:00:00,2024-01-02 12:00:00,"24007","Vlaams Gewest","Provincie Vlaams-Brabant","Begijnendijk",50.9878734110001,4.78532076100004,"Buiten Kruispunt","Normaal","Droog+Proper","binnen bebouwde kom","Dag","Gemeenteweg","Met doden","Lichte vrachtauto","Fiets","Tss. 2 best.: langs opzij (voor-/achterkant-flank)","Geen hindernis"
"1896","2020","05","13",2020-05-01,2020-05-01 13:00:00,2024-01-02 13:00:00,"23060","Vlaams Gewest","Provincie Vlaams-Brabant","Opwijk",50.969211005,4.15021359500003,"Op Kruispunt","Normaal","Droog","buiten bebouwde kom","Dag","Gewestweg","dodelijk gewonden","personenauto","Fiets","Tss. 2 best.: langs opzij (voor-/achterkant-flank)","Geen hindernis"
"1897","2020","04","10",2020-04-01,2020-04-01 10:00:00,2024-01-02 10:00:00,"43002","Vlaams Gewest","Provincie Oost-Vlaanderen","Assenede",NA,NA,"Buiten Kruispunt","Normaal","Droog","binnen bebouwde kom","Dag","Gemeenteweg","dodelijk gewonden","Lichte vrachtauto","Voetganger","Met een voetganger","Geen hindernis"
"1898","2020","04","21",2020-04-01,2020-04-01 21:00:00,2024-01-02 21:00:00,"43010","Vlaams Gewest","Provincie Oost-Vlaanderen","Maldegem",51.196029235,3.49252404000003,"Buiten Kruispunt","Normaal","Droog+Proper","binnen bebouwde kom","Nacht, openbare verlichting aanwezig en ontstoken","Gemeenteweg","dodelijk gewonden","Motorfiets","een weggebruiker tegen een hindernis","Weggebruiker tegen hindernis buiten rijbaan","Buiten de rijbaan: Verkeerseiland, middenberm"
"1899","2020","04","17",2020-04-01,2020-04-01 17:00:00,2024-01-02 17:00:00,"45059","Vlaams Gewest","Provincie Oost-Vlaanderen","Brakel",50.8001215740001,3.75783446500003,"Buiten Kruispunt","Normaal","Droog","binnen bebouwde kom","Dag","Gewestweg","dodelijk gewonden","Bromfiets","één bestuurder, geen hindernis","Eén bestuurder, geen hindernis (incl. val)","Geen hindernis"
"1900","2020","04","10",2020-04-01,2020-04-01 10:00:00,2024-01-02 10:00:00,"46013","Vlaams Gewest","Provincie Oost-Vlaanderen","Kruibeke",51.148132569,4.30380501800005,"Buiten Kruispunt","Normaal","Droog","binnen bebouwde kom","Dag","Gemeenteweg","Met doden","Fiets","één bestuurder, geen hindernis","Eén bestuurder, geen hindernis (incl. val)","Geen hindernis"
"1901","2020","04","08",2020-04-01,2020-04-01 08:00:00,2024-01-02 08:00:00,"41002","Vlaams Gewest","Provincie Oost-Vlaanderen","Aalst (Aalst)",50.9376969350001,4.03750395000003,"Buiten Kruispunt","Normaal","Droog","binnen bebouwde kom","Dag","Gemeenteweg","dodelijk gewonden","Vrachtwagen","Voetganger","Met een voetganger","Geen hindernis"
"1902","2020","05","03",2020-05-01,2020-05-01 03:00:00,2024-01-02 03:00:00,"37020","Vlaams Gewest","Provincie West-Vlaanderen","Ardooie",50.959846455,3.16943288900006,"Buiten Kruispunt","Onbekend","Droog","binnen bebouwde kom","Nacht, openbare verlichting aanwezig en ontstoken","Gewestweg","Met doden","personenauto","een weggebruiker tegen een hindernis","Weggebruiker tegen hindernis buiten rijbaan","Buiten de rijbaan: Andere paal"
"1903","2020","04","20",2020-04-01,2020-04-01 20:00:00,2024-01-02 20:00:00,"34022","Vlaams Gewest","Provincie West-Vlaanderen","Kortrijk",50.796947808,3.28716223900005,"Buiten Kruispunt","Normaal","Droog","buiten bebouwde kom","Dageraad - schemering","Gewestweg","dodelijk gewonden","personenauto","een weggebruiker tegen een hindernis","Weggebruiker tegen hindernis buiten rijbaan","Buiten de rijbaan: Omheining"
"1904","2020","04","09",2020-04-01,2020-04-01 09:00:00,2024-01-02 09:00:00,"33029","Vlaams Gewest","Provincie West-Vlaanderen","Wervik",NA,NA,"Buiten Kruispunt","Normaal","Proper","buiten bebouwde kom","Dag","Gemeenteweg","Met doden","Fiets","één bestuurder, geen hindernis","Eén bestuurder, geen hindernis (incl. val)","Geen hindernis"
"1905","2020","04","21",2020-04-01,2020-04-01 21:00:00,2024-01-02 21:00:00,"46024","Vlaams Gewest","Provincie Oost-Vlaanderen","Stekene",51.1883118380001,4.01384729000006,"Op Kruispunt","Normaal","Droog","buiten bebouwde kom","Nacht, openbare verlichting aanwezig en ontstoken","Gemeenteweg","Met doden","personenauto","Voetganger","Met een voetganger","Geen hindernis"
"1906","2020","04","14",2020-04-01,2020-04-01 14:00:00,2024-01-02 14:00:00,"46003","Vlaams Gewest","Provincie Oost-Vlaanderen","Beveren (Sint-Niklaas)",51.2199158430001,4.28189775700002,"Op Kruispunt","Normaal","Droog","binnen bebouwde kom","Dag","Gewestweg","Met doden","Lichte vrachtauto","Fiets","Tss. 2 best.: langs opzij (voor-/achterkant-flank)","Geen hindernis"
"1907","2020","04","13",2020-04-01,2020-04-01 13:00:00,2024-01-02 13:00:00,"23027","Vlaams Gewest","Provincie Vlaams-Brabant","Halle (Halle-Vilvoorde)",50.715116928,4.22024584000008,"Op Kruispunt","Normaal","Droog","binnen bebouwde kom","Dag","Gewestweg","Met doden","personenauto","Fiets","Tss. 2 best.: langs opzij (voor-/achterkant-flank)","Geen hindernis"
"1908","2020","04","00",2020-04-01,2020-04-01 00:00:00,2024-01-02 00:00:00,"44083","Vlaams Gewest","Provincie Oost-Vlaanderen","Deinze",51.0372181390001,3.51571282700007,"Buiten Kruispunt","Normaal","Droog","binnen bebouwde kom","Nacht, openbare verlichting aanwezig en ontstoken","Gemeenteweg","Met doden","Andere weggebruiker","één bestuurder, geen hindernis","Eén bestuurder, geen hindernis (incl. val)","Geen hindernis"
"1909","2020","05","15",2020-05-01,2020-05-01 15:00:00,2024-01-02 15:00:00,"13025","Vlaams Gewest","Provincie Antwerpen","Mol",51.312317514,5.18842799500004,"Buiten Kruispunt","Normaal","Droog+Proper","buiten bebouwde kom","Dag","Autosnelweg","Met doden","Vrachtwagen","Vrachtwagen","Kettingbotsing (3 bestuurders of meer)","Geen hindernis"
"1910","2020","05","05",2020-05-01,2020-05-01 05:00:00,2024-01-02 05:00:00,"71066","Vlaams Gewest","Provincie Limburg","Zonhoven",51.0120743570001,5.35081434400007,"Buiten Kruispunt","Normaal","Droog+Proper","buiten bebouwde kom","Dageraad - schemering","Autosnelweg","Met doden","personenauto","Vrachtwagen","Tussen 2 bestuurders: Langs achteren","Geen hindernis"
"1911","2020","05","15",2020-05-01,2020-05-01 15:00:00,2024-01-02 15:00:00,"46025","Vlaams Gewest","Provincie Oost-Vlaanderen","Temse",51.1519701010001,4.20973220800005,"Buiten Kruispunt","Normaal","Onbekend","buiten bebouwde kom","Dag","Autosnelweg","Met doden","Vrachtwagen","Vrachtwagen","Kettingbotsing (3 bestuurders of meer)","Geen hindernis"
"1912","2020","05","16",2020-05-01,2020-05-01 16:00:00,2024-01-02 16:00:00,"46025","Vlaams Gewest","Provincie Oost-Vlaanderen","Temse",51.1414582130001,4.17509948500003,"Buiten Kruispunt","Normaal","Droog","buiten bebouwde kom","Dag","Autosnelweg","Met doden","Lichte vrachtauto","Vrachtwagen","Kettingbotsing (3 bestuurders of meer)","Geen hindernis"
"1913","2020","05","06",2020-05-01,2020-05-01 06:00:00,2024-01-02 06:00:00,"44013","Vlaams Gewest","Provincie Oost-Vlaanderen","Destelbergen",51.0513262160001,3.82693969900004,"Buiten Kruispunt","Normaal","Droog","buiten bebouwde kom","Dag","Autosnelweg","Met doden","Vrachtwagen","Vrachtwagen","Kettingbotsing (3 bestuurders of meer)","Geen hindernis"
"1914","2020","05","19",2020-05-01,2020-05-01 19:00:00,2024-01-02 19:00:00,"55085","Waals Gewest","Provincie Henegouwen","Seneffe",50.5314940590001,4.21175528300006,"Buiten Kruispunt","Normaal","Proper","buiten bebouwde kom","Dag","Autosnelweg","Met doden","personenauto","een weggebruiker tegen een hindernis","Weggebruiker tegen hindernis buiten rijbaan","Buiten de rijbaan: Andere paal"
"1915","2020","05","12",2020-05-01,2020-05-01 12:00:00,2024-01-02 12:00:00,"52010","Waals Gewest","Provincie Henegouwen","Chapelle-lez-Herlaimont",50.478485563,4.29528905700005,"Buiten Kruispunt","Normaal","Droog","buiten bebouwde kom","Dag","Autosnelweg","Met doden","Vrachtwagen","personenauto","Tussen 2 bestuurders: Langs achteren","Geen hindernis"
"1916","2020","05","19",2020-05-01,2020-05-01 19:00:00,2024-01-02 19:00:00,"72043","Vlaams Gewest","Provincie Limburg","Pelt",NA,NA,"Op Kruispunt","Normaal","Droog+Proper","buiten bebouwde kom","Dag","Gewestweg","Met doden","personenauto","Andere weggebruiker","Tussen 2 bestuurders: Frontale botsing","Geen hindernis"
"1917","2020","05","18",2020-05-01,2020-05-01 18:00:00,2024-01-02 18:00:00,"52011","Waals Gewest","Provincie Henegouwen","Charleroi",NA,NA,"Op Kruispunt","Onbekend","Onbekend","binnen bebouwde kom","Dag","Gemeenteweg","Met doden","Andere weggebruiker","Voetganger","Met een voetganger","Geen hindernis"
"1918","2020","05","08",2020-05-01,2020-05-01 08:00:00,2024-01-02 08:00:00,"62051","Waals Gewest","Provincie Luik","Herstal",50.6830391930001,5.59872667400003,"Buiten Kruispunt","Normaal","Proper","buiten bebouwde kom","Dag","Autosnelweg","Met doden","Vrachtwagen","een weggebruiker tegen een hindernis","Weggebruiker tegen hindernis buiten rijbaan","Buiten de rijbaan: Vangrails niet overgestoken"