"","DT_YEAR_COLLISION","DT_MONTH_COLLISION","DT_TIME","YEAR_MONTH_DAY","YEAR_MONTH_DAY_HOUR","TIME_DT","CD_NIS","TX_RGN_COLLISION_NL","TX_PROV_COLLISION_NL","TX_MUNTY_COLLISION_NL","LAT_WGS84","LONG_WGS84","TX_CROSSWAY_NL","TX_WEATHER_NL","TX_ROAD_CONDITION_NL","TX_BUILD_UP_AREA_NL","TX_LIGHT_CONDITION_NL","CD_ROAD_TYPE_NL","TX_CLASS_ACCIDENTS_NL","TX_ROAD_USR_TYPE1_NL","TX_ROAD_USR_TYPE2_NL","TX_COLLISION_TYPE_NL","TX_OBSTACLES_NL"
"1919","2020","05","16",2020-05-01,2020-05-01 16:00:00,2024-01-02 16:00:00,"25105","Waals Gewest","Provincie Waals-Brabant","Tubeke",50.6714446190001,4.18476952900005,"Buiten Kruispunt","Onbekend","Droog+Proper","buiten bebouwde kom","Dag","Gewestweg","Met doden","personenauto","Motorfiets","Kettingbotsing (3 bestuurders of meer)","Geen hindernis"
"1920","2020","05","09",2020-05-01,2020-05-01 09:00:00,2024-01-02 09:00:00,"25018","Waals Gewest","Provincie Waals-Brabant","Chaumont-Gistoux",50.6958146420001,4.67445983900006,"Buiten Kruispunt","Normaal","Droog+Proper","buiten bebouwde kom","Dag","Gewestweg","Met doden","personenauto","Voetganger","Met een voetganger","Geen hindernis"
"1921","2020","05","13",2020-05-01,2020-05-01 13:00:00,2024-01-02 13:00:00,"25014","Waals Gewest","Provincie Waals-Brabant","Eigenbrakel",50.67097217,4.35481777100006,"Buiten Kruispunt","Normaal","Droog","binnen bebouwde kom","Dag","Gemeenteweg","dodelijk gewonden","Fiets","één bestuurder, geen hindernis","Eén bestuurder, geen hindernis (incl. val)","Geen hindernis"
"1922","2020","05","17",2020-05-01,2020-05-01 17:00:00,2024-01-02 17:00:00,"63035","Waals Gewest","Provincie Luik","Herve",50.630858415,5.83786975900006,"Buiten Kruispunt","Normaal","Proper","binnen bebouwde kom","Dag","Gemeenteweg","Met doden","Vrachtwagen","personenauto","Tss. 2 best.: langs opzij (voor-/achterkant-flank)","Geen hindernis"
"1923","2020","05","02",2020-05-01,2020-05-01 02:00:00,2024-01-02 02:00:00,"61072","Waals Gewest","Provincie Luik","Wanze",50.569234711,5.24181564900005,"Buiten Kruispunt","Normaal","Proper","buiten bebouwde kom","Nacht, openbare verlichting aanwezig en ontstoken","Gemeenteweg","Met doden","personenauto","een weggebruiker tegen een hindernis","Weggebruiker tegen hindernis buiten rijbaan","Buiten de rijbaan: Verlichtingspaal"
"1924","2020","05","11",2020-05-01,2020-05-01 11:00:00,2024-01-02 11:00:00,"61031","Waals Gewest","Provincie Luik","Hoei",50.5043355660001,5.14461684900004,"Buiten Kruispunt","Normaal","Droog","buiten bebouwde kom","Dag","Gewestweg","Met doden","personenauto","een weggebruiker tegen een hindernis","Weggebruiker tegen hindernis buiten rijbaan","Buiten de rijbaan: Muur gebouw"
"1925","2020","05","14",2020-05-01,2020-05-01 14:00:00,2024-01-02 14:00:00,"83049","Waals Gewest","Provincie Luxemburg","Tenneville",50.1085913150001,5.44445543000006,"Buiten Kruispunt","Normaal","Droog","buiten bebouwde kom","Dag","Gewestweg","Met doden","Motorfiets","een weggebruiker tegen een hindernis","Weggebruiker tegen hindernis buiten rijbaan","Buiten de rijbaan: Boom"
"1926","2020","06","12",2020-06-01,2020-06-01 12:00:00,2024-01-02 12:00:00,"82003","Waals Gewest","Provincie Luxemburg","Bastenaken",50.0835499390001,5.77308569200005,"Buiten Kruispunt","Normaal","Proper","buiten bebouwde kom","Dag","Gewestweg","Met doden","personenauto","een weggebruiker tegen een hindernis","Weggebruiker tegen hindernis buiten rijbaan","Buiten de rijbaan: Boom"
"1927","2020","05","23",2020-05-01,2020-05-01 23:00:00,2024-01-02 23:00:00,"92094","Waals Gewest","Provincie Namen","Namen",NA,NA,"Buiten Kruispunt","Normaal","Droog","buiten bebouwde kom","Nacht, openbare verlichting aanwezig en ontstoken","Gewestweg","Met doden","Motorfiets","een weggebruiker tegen een hindernis","Weggebruiker tegen hindernis buiten rijbaan","Buiten de rijbaan: Boom"
"1928","2020","05","18",2020-05-01,2020-05-01 18:00:00,2024-01-02 18:00:00,"92101","Waals Gewest","Provincie Namen","Profondeville",50.3851576100001,4.87653420700002,"Buiten Kruispunt","Normaal","Proper","buiten bebouwde kom","Dag","Gewestweg","Met doden","personenauto","personenauto","Tussen 2 bestuurders: Frontale botsing","Geen hindernis"
"1929","2020","05","05",2020-05-01,2020-05-01 05:00:00,2024-01-02 05:00:00,"58003","Waals Gewest","Provincie Henegouwen","Estinnes",50.397054252,4.09731963600007,"Buiten Kruispunt","Normaal","Proper","binnen bebouwde kom","Dag","Gemeenteweg","Met doden","personenauto","een weggebruiker tegen een hindernis","Weggebruiker tegen hindernis buiten rijbaan","Buiten de rijbaan: Muur gebouw"
"1930","2020","05","15",2020-05-01,2020-05-01 15:00:00,2024-01-02 15:00:00,"56029","Waals Gewest","Provincie Henegouwen","Froidchapelle",50.167231266,4.32747726300005,"Buiten Kruispunt","Normaal","Proper","buiten bebouwde kom","Dag","Gemeenteweg","Met doden","personenauto","een weggebruiker tegen een hindernis","Weggebruiker tegen hindernis buiten rijbaan","Buiten de rijbaan: Boom"
"1931","2020","05","11",2020-05-01,2020-05-01 11:00:00,2024-01-02 11:00:00,"11002","Vlaams Gewest","Provincie Antwerpen","Antwerpen",51.2026446030001,4.46278463600004,"Buiten Kruispunt","Normaal","Droog","binnen bebouwde kom","Dag","Gemeenteweg","Met doden","Andere weggebruiker","Voetganger","Met een voetganger","Geen hindernis"
"1932","2020","05","21",2020-05-01,2020-05-01 21:00:00,2024-01-02 21:00:00,"71053","Vlaams Gewest","Provincie Limburg","Sint-Truiden",50.8607477410001,5.25334801500003,"Buiten Kruispunt","Normaal","Droog","buiten bebouwde kom","Nacht, openb. verlicht. aanw., maar niet ontstoken","Gewestweg","Met doden","Motorfiets","een weggebruiker tegen een hindernis","Weggebruiker tegen hindernis buiten rijbaan","Buiten de rijbaan: Vangrails niet overgestoken"
"1933","2020","05","17",2020-05-01,2020-05-01 17:00:00,2024-01-02 17:00:00,"73022","Vlaams Gewest","Provincie Limburg","Heers",50.7544800160001,5.33667004500006,"Buiten Kruispunt","Normaal","Droog","buiten bebouwde kom","Dag","Gemeenteweg","Met doden","Fiets","personenauto","Tss. 2 best.: langs opzij (voor-/achterkant-flank)","Geen hindernis"
"1934","2020","05","16",2020-05-01,2020-05-01 16:00:00,2024-01-02 16:00:00,"23064","Vlaams Gewest","Provincie Vlaams-Brabant","Pepingen",50.748691298,4.15971187000002,"Op Kruispunt","Normaal","Droog","binnen bebouwde kom","Dag","Gemeenteweg","Met doden","Motorfiets","personenauto","Tss. 2 best.: langs opzij (voor-/achterkant-flank)","Geen hindernis"
"1935","2020","05","09",2020-05-01,2020-05-01 09:00:00,2024-01-02 09:00:00,"45065","Vlaams Gewest","Provincie Oost-Vlaanderen","Zwalm",50.8892656850001,3.73554204300007,"Buiten Kruispunt","Normaal","Droog","buiten bebouwde kom","Dag","Gewestweg","Met doden","Lichte vrachtauto","een weggebruiker tegen een hindernis","Weggebruiker tegen hindernis buiten rijbaan","Buiten de rijbaan: Boom"
"1936","2020","05","10",2020-05-01,2020-05-01 10:00:00,2024-01-02 10:00:00,"45065","Vlaams Gewest","Provincie Oost-Vlaanderen","Zwalm",50.8913474870001,3.74434855600003,"Op Kruispunt","Normaal","Droog","buiten bebouwde kom","Dag","Gewestweg","Met doden","Motorfiets","personenauto","Tss. 2 best.: langs opzij (voor-/achterkant-flank)","Geen hindernis"
"1937","2020","05","16",2020-05-01,2020-05-01 16:00:00,2024-01-02 16:00:00,"41081","Vlaams Gewest","Provincie Oost-Vlaanderen","Zottegem",50.869354462,3.84240690200005,"Buiten Kruispunt","Normaal","Droog","buiten bebouwde kom","Dag","Gewestweg","Met doden","personenauto","Lichte vrachtauto","Tss. 2 best.: langs opzij (voor-/achterkant-flank)","Geen hindernis"
"1938","2020","05","23",2020-05-01,2020-05-01 23:00:00,2024-01-02 23:00:00,"41081","Vlaams Gewest","Provincie Oost-Vlaanderen","Zottegem",50.8908525100001,3.81015553900005,"Buiten Kruispunt","Normaal","Droog","buiten bebouwde kom","Nacht, openbare verlichting aanwezig en ontstoken","Gemeenteweg","Met doden","personenauto","een weggebruiker tegen een hindernis","Weggebruiker tegen hindernis buiten rijbaan","Andere hindernis"
"1939","2020","05","15",2020-05-01,2020-05-01 15:00:00,2024-01-02 15:00:00,"46021","Vlaams Gewest","Provincie Oost-Vlaanderen","Sint-Niklaas (Sint-Niklaas)",NA,NA,"Buiten Kruispunt","Normaal","Droog","buiten bebouwde kom","Dag","Gemeenteweg","dodelijk gewonden","Fiets","Fiets","Tussen 2 bestuurders: Flank tegen flank","Geen hindernis"
"1940","2020","05","10",2020-05-01,2020-05-01 10:00:00,2024-01-02 10:00:00,"35013","Vlaams Gewest","Provincie West-Vlaanderen","Oostende",51.210641638,2.90548726400004,"Buiten Kruispunt","Normaal","Droog","binnen bebouwde kom","Dag","Gewestweg","Met doden","Voetganger","Vrachtwagen","Met een voetganger","Geen hindernis"
"1941","2020","05","20",2020-05-01,2020-05-01 20:00:00,2024-01-02 20:00:00,"37017","Vlaams Gewest","Provincie West-Vlaanderen","Wielsbeke",50.917580953,3.35807624000006,"Buiten Kruispunt","Normaal","Droog","buiten bebouwde kom","Dag","Gewestweg","Met doden","personenauto","Fiets","Tussen 2 bestuurders: Langs achteren","Geen hindernis"
"1942","2020","06","20",2020-06-01,2020-06-01 20:00:00,2024-01-02 20:00:00,"34027","Vlaams Gewest","Provincie West-Vlaanderen","Menen",50.79079826,3.15095654700002,"Buiten Kruispunt","Normaal","Droog","binnen bebouwde kom","Dag","Gewestweg","Met doden","personenauto","een weggebruiker tegen een hindernis","Weggebruiker tegen hindernis buiten rijbaan","Andere hindernis"
"1943","2020","05","17",2020-05-01,2020-05-01 17:00:00,2024-01-02 17:00:00,"11002","Vlaams Gewest","Provincie Antwerpen","Antwerpen",NA,NA,"Buiten Kruispunt","Onbekend","Droog","buiten bebouwde kom","Dag","Gemeenteweg","Met doden","Vrachtwagen","een weggebruiker tegen een hindernis","Weggebruiker tegen hindernis buiten rijbaan","Andere hindernis"
"1944","2020","05","00",2020-05-01,2020-05-01 00:00:00,2024-01-02 00:00:00,"71066","Vlaams Gewest","Provincie Limburg","Zonhoven",50.9916860180001,5.39239324500005,"Buiten Kruispunt","Onbekend","Droog","buiten bebouwde kom","Nacht, openbare verlichting aanwezig en ontstoken","Gemeenteweg","Met doden","personenauto","een weggebruiker tegen een hindernis","Weggebruiker tegen hindernis buiten rijbaan","Buiten de rijbaan: Muur gebouw"
"1945","2020","05","06",2020-05-01,2020-05-01 06:00:00,2024-01-02 06:00:00,"72003","Vlaams Gewest","Provincie Limburg","Bocholt",51.171350605,5.59173008400006,"Op Kruispunt","Normaal","Droog","buiten bebouwde kom","Dageraad - schemering","Gewestweg","Met doden","Lichte vrachtauto","personenauto","Tss. 2 best.: langs opzij (voor-/achterkant-flank)","Geen hindernis"
"1946","2020","05","16",2020-05-01,2020-05-01 16:00:00,2024-01-02 16:00:00,"72039","Vlaams Gewest","Provincie Limburg","Houthalen-Helchteren",NA,NA,"Buiten Kruispunt","Normaal","Droog","buiten bebouwde kom","Dag","Gemeenteweg","dodelijk gewonden","Fiets","Fiets","Tussen 2 bestuurders: Langs achteren","Geen hindernis"
"1947","2020","06","18",2020-06-01,2020-06-01 18:00:00,2024-01-02 18:00:00,"11002","Vlaams Gewest","Provincie Antwerpen","Antwerpen",51.1907600660001,4.41038437700007,"Buiten Kruispunt","Normaal","Droog","buiten bebouwde kom","Dag","Autosnelweg","Met doden","personenauto","personenauto","Tussen 2 bestuurders: Langs achteren","Geen hindernis"
"1948","2020","06","09",2020-06-01,2020-06-01 09:00:00,2024-01-02 09:00:00,"44034","Vlaams Gewest","Provincie Oost-Vlaanderen","Lochristi",51.0700981730001,3.90666035000004,"Buiten Kruispunt","Normaal","Droog","buiten bebouwde kom","Dag","Autosnelweg","Met doden","Vrachtwagen","Vrachtwagen","Kettingbotsing (3 bestuurders of meer)","Geen hindernis"
"1949","2020","06","23",2020-06-01,2020-06-01 23:00:00,2024-01-02 23:00:00,"34022","Vlaams Gewest","Provincie West-Vlaanderen","Kortrijk",50.8310740630001,3.21511721700006,"Op Kruispunt","Normaal","Droog","buiten bebouwde kom","Nacht, openbare verlichting aanwezig en ontstoken","Autosnelweg","Met doden","Vrachtwagen","Lichte vrachtauto","Tss. 2 best.: langs opzij (voor-/achterkant-flank)","Geen hindernis"
"1950","2020","06","14",2020-06-01,2020-06-01 14:00:00,2024-01-02 14:00:00,"23105","Vlaams Gewest","Provincie Vlaams-Brabant","Affligem",50.8920498800001,4.12109408500004,"Buiten Kruispunt","Normaal","Droog","buiten bebouwde kom","Dag","Autosnelweg","Met doden","personenauto","Motorfiets","Kettingbotsing (3 bestuurders of meer)","Geen hindernis"
"1951","2020","06","11",2020-06-01,2020-06-01 11:00:00,2024-01-02 11:00:00,"23016","Vlaams Gewest","Provincie Vlaams-Brabant","Dilbeek",50.8463993340001,4.27981392400005,"Buiten Kruispunt","Normaal","Droog","buiten bebouwde kom","Dag","Autosnelweg","Met doden","Motorfiets","Vrachtwagen","Tussen 2 bestuurders: Langs achteren","Geen hindernis"
"1952","2020","06","10",2020-06-01,2020-06-01 10:00:00,2024-01-02 10:00:00,"57081","Waals Gewest","Provincie Henegouwen","Doornik",50.6502310860001,3.29467766400006,"Buiten Kruispunt","Normaal","Proper","buiten bebouwde kom","Dag","Autosnelweg","Met doden","onbekend","onbekend","Geen vermelding van de type aanrijding","Geen vermelding van de type aanrijding"
"1953","2020","06","19",2020-06-01,2020-06-01 19:00:00,2024-01-02 19:00:00,"92094","Waals Gewest","Provincie Namen","Namen",50.520529938,4.87833826800005,"Buiten Kruispunt","Regenval","Nat, plassen","buiten bebouwde kom","Dag","Autosnelweg","Met doden","personenauto","een weggebruiker tegen een hindernis","Weggebruiker tegen hindernis buiten rijbaan","Buiten de rijbaan: Vangrails niet overgestoken"
"1954","2020","06","03",2020-06-01,2020-06-01 03:00:00,2024-01-02 03:00:00,"62009","Waals Gewest","Provincie Luik","Aywaille",50.477521456,5.71716009700003,"Buiten Kruispunt","Normaal","Droog+Proper","buiten bebouwde kom","Nacht, openbare verlichting aanwezig en ontstoken","Autosnelweg","Met doden","personenauto","een weggebruiker tegen een hindernis","Weggebruiker tegen hindernis buiten rijbaan","Buiten de rijbaan: Andere paal"
"1955","2020","06","13",2020-06-01,2020-06-01 13:00:00,2024-01-02 13:00:00,"25050","Waals Gewest","Provincie Waals-Brabant","Terhulpen",NA,NA,"Buiten Kruispunt","Normaal","Droog+Proper","buiten bebouwde kom","Dag","Gewestweg","Met doden","personenauto","Autobus","Tussen 2 bestuurders: Frontale botsing","Geen hindernis"
"1956","2020","06","17",2020-06-01,2020-06-01 17:00:00,2024-01-02 17:00:00,"63088","Waals Gewest","Provincie Luik","Plombières",50.7341583260001,5.94249453300006,"Buiten Kruispunt","Normaal","Droog","buiten bebouwde kom","Dag","Gewestweg","Met doden","Motorfiets","een weggebruiker tegen een hindernis","Weggebruiker tegen hindernis buiten rijbaan","Buiten de rijbaan: Andere paal"
"1957","2020","06","05",2020-06-01,2020-06-01 05:00:00,2024-01-02 05:00:00,"63089","Waals Gewest","Provincie Luik","Thimister-Clermont",50.662677086,5.84020896900006,"Op Kruispunt","Normaal","Proper","buiten bebouwde kom","Dag","Gewestweg","Met doden","personenauto","Motorfiets","Tss. 2 best.: langs opzij (voor-/achterkant-flank)","Geen hindernis"
"1958","2020","06","16",2020-06-01,2020-06-01 16:00:00,2024-01-02 16:00:00,"63012","Waals Gewest","Provincie Luik","Büllingen",50.324895133,6.31120965100007,"Buiten Kruispunt","Normaal","Proper","buiten bebouwde kom","Dag","Gewestweg","Met doden","personenauto","een weggebruiker tegen een hindernis","Weggebruiker tegen hindernis buiten rijbaan","Buiten de rijbaan: Boom"
"1959","2020","06","03",2020-06-01,2020-06-01 03:00:00,2024-01-02 03:00:00,"61024","Waals Gewest","Provincie Luik","Hamoir",50.4550111880001,5.56580727400006,"Op Kruispunt","Normaal","Droog+Proper","binnen bebouwde kom","Nacht, openbare verlichting aanwezig en ontstoken","Gewestweg","Met doden","personenauto","een weggebruiker tegen een hindernis","Weggebruiker tegen hindernis buiten rijbaan","Buiten de rijbaan: Muur gebouw"
"1960","2020","06","13",2020-06-01,2020-06-01 13:00:00,2024-01-02 13:00:00,"83034","Waals Gewest","Provincie Luxemburg","Marche-en-Famenne",50.236033574,5.34460136300004,"Buiten Kruispunt","Normaal","Droog+Proper","binnen bebouwde kom","Dag","Gewestweg","Met doden","Motorfiets","een weggebruiker tegen een hindernis","Weggebruiker tegen hindernis buiten rijbaan","Buiten de rijbaan: Boom"
"1961","2020","06","03",2020-06-01,2020-06-01 03:00:00,2024-01-02 03:00:00,"84009","Waals Gewest","Provincie Luxemburg","Bertrix",NA,NA,"Buiten Kruispunt","Regenval","Nat, plassen","buiten bebouwde kom","Nacht, geen openbare verlichting aanwezig","Gemeenteweg","Met doden","personenauto","een weggebruiker tegen een hindernis","Weggebruiker tegen hindernis buiten rijbaan","Buiten de rijbaan: Muur gebouw"
"1962","2020","06","20",2020-06-01,2020-06-01 20:00:00,2024-01-02 20:00:00,"92114","Waals Gewest","Provincie Namen","Sombreffe",50.5183468320001,4.60996718700005,"Buiten Kruispunt","Normaal","Droog","buiten bebouwde kom","Nacht, openbare verlichting aanwezig en ontstoken","Gemeenteweg","dodelijk gewonden","Bromfiets","een weggebruiker tegen een hindernis","Weggebruiker tegen hindernis op de rijbaan","Op de rijbaan: Put, straatgoot, tramspoor"
"1963","2020","06","15",2020-06-01,2020-06-01 15:00:00,2024-01-02 15:00:00,"52011","Waals Gewest","Provincie Henegouwen","Charleroi",50.474069252,4.42558049300004,"Op Kruispunt","Normaal","Proper","binnen bebouwde kom","Dag","Gemeenteweg","dodelijk gewonden","Motorfiets","personenauto","Tss. 2 best.: langs opzij (voor-/achterkant-flank)","Geen hindernis"
"1964","2020","06","00",2020-06-01,2020-06-01 00:00:00,2024-01-02 00:00:00,"58003","Waals Gewest","Provincie Henegouwen","Estinnes",50.42554618,4.11135144600007,"Buiten Kruispunt","Normaal","Proper","buiten bebouwde kom","Nacht, openbare verlichting aanwezig en ontstoken","Gewestweg","Met doden","personenauto","een weggebruiker tegen een hindernis","Weggebruiker tegen hindernis buiten rijbaan","Buiten de rijbaan: Andere paal"
"1965","2020","06","11",2020-06-01,2020-06-01 11:00:00,2024-01-02 11:00:00,"21004","Brussels Hoofdstedelijk Gewest",NA,"Brussel",NA,NA,"Buiten Kruispunt","Normaal","Droog","binnen bebouwde kom","Dag","Gemeenteweg","Met doden","Motorfiets","één bestuurder, geen hindernis","Eén bestuurder, geen hindernis (incl. val)","Geen hindernis"
"1966","2020","06","08",2020-06-01,2020-06-01 08:00:00,2024-01-02 08:00:00,"21019","Brussels Hoofdstedelijk Gewest",NA,"Sint-Pieters-Woluwe",50.8342690060001,4.43065597000003,"Buiten Kruispunt","Normaal","Proper","binnen bebouwde kom","Dag","Gewestweg","dodelijk gewonden","Andere weggebruiker","Voetganger","Met een voetganger","Geen hindernis"
"1967","2020","06","23",2020-06-01,2020-06-01 23:00:00,2024-01-02 23:00:00,"21019","Brussels Hoofdstedelijk Gewest",NA,"Sint-Pieters-Woluwe",50.82349301,4.44721377300004,"Op Kruispunt","Normaal","Droog","binnen bebouwde kom","Nacht, openbare verlichting aanwezig en ontstoken","Gewestweg","Met doden","Andere weggebruiker","Voetganger","Met een voetganger","Geen hindernis"
"1968","2020","06","23",2020-06-01,2020-06-01 23:00:00,2024-01-02 23:00:00,"12041","Vlaams Gewest","Provincie Antwerpen","Puurs-Sint-Amands",51.066303771,4.30556027400007,"Buiten Kruispunt","Onbekend","Droog","buiten bebouwde kom","Nacht, openbare verlichting aanwezig en ontstoken","Gewestweg","dodelijk gewonden","Fiets","Fiets","Tussen 2 bestuurders: Frontale botsing","Geen hindernis"
"1969","2020","06","00",2020-06-01,2020-06-01 00:00:00,2024-01-02 00:00:00,"72020","Vlaams Gewest","Provincie Limburg","Lommel",51.170917468,5.28171195000004,"Buiten Kruispunt","Normaal","Droog","buiten bebouwde kom","Nacht, openbare verlichting aanwezig en ontstoken","Gewestweg","Met doden","personenauto","een weggebruiker tegen een hindernis","Weggebruiker tegen hindernis buiten rijbaan","Buiten de rijbaan: Andere paal"
"1970","2020","06","14",2020-06-01,2020-06-01 14:00:00,2024-01-02 14:00:00,"72043","Vlaams Gewest","Provincie Limburg","Pelt",NA,NA,"Buiten Kruispunt","Normaal","Droog","buiten bebouwde kom","Dag","Gemeenteweg","Met doden","onbekend","onbekend","Andere of onbekend","Geen vermelding van de aanwezigheid van een hindernis"
"1971","2020","06","17",2020-06-01,2020-06-01 17:00:00,2024-01-02 17:00:00,"73083","Vlaams Gewest","Provincie Limburg","Tongeren",NA,NA,"Buiten Kruispunt","Normaal","Droog","buiten bebouwde kom","Dag","Gewestweg","Met doden","onbekend","onbekend","Geen vermelding van de type aanrijding","Geen vermelding van de type aanrijding"
"1972","2020","06","00",2020-06-01,2020-06-01 00:00:00,2024-01-02 00:00:00,"24043","Vlaams Gewest","Provincie Vlaams-Brabant","Holsbeek",NA,NA,"Buiten Kruispunt","Regenval","Nat, plassen","buiten bebouwde kom","Nacht, geen openbare verlichting aanwezig","Gemeenteweg","Met doden","personenauto","een weggebruiker tegen een hindernis","Weggebruiker tegen hindernis buiten rijbaan","Buiten de rijbaan: Boom"
"1973","2020","06","01",2020-06-01,2020-06-01 01:00:00,2024-01-02 01:00:00,"44021","Vlaams Gewest","Provincie Oost-Vlaanderen","Gent",51.056691646,3.73357108000005,"Op Kruispunt","Normaal","Droog","binnen bebouwde kom","Nacht, openbare verlichting aanwezig en ontstoken","Gemeenteweg","Met doden","personenauto","een weggebruiker tegen een hindernis","Weggebruiker tegen hindernis buiten rijbaan","Andere hindernis"
"1974","2020","06","13",2020-06-01,2020-06-01 13:00:00,2024-01-02 13:00:00,"44052","Vlaams Gewest","Provincie Oost-Vlaanderen","Oosterzele",NA,NA,"Op Kruispunt","Normaal","Droog","buiten bebouwde kom","Dag","Gewestweg","dodelijk gewonden","Motorfiets","personenauto","Tussen 2 bestuurders: Frontale botsing","Geen hindernis"
"1975","2020","06","21",2020-06-01,2020-06-01 21:00:00,2024-01-02 21:00:00,"44084","Vlaams Gewest","Provincie Oost-Vlaanderen","Aalter",51.1378073770001,3.41655577000006,"Buiten Kruispunt","Normaal","Droog","binnen bebouwde kom","Dag","Gewestweg","dodelijk gewonden","Motorfiets","één bestuurder, geen hindernis","Eén bestuurder, geen hindernis (incl. val)","Geen hindernis"
"1976","2020","06","13",2020-06-01,2020-06-01 13:00:00,2024-01-02 13:00:00,"42025","Vlaams Gewest","Provincie Oost-Vlaanderen","Wetteren",50.97870046,3.85209406300004,"Buiten Kruispunt","Normaal","Droog","buiten bebouwde kom","Dag","Gemeenteweg","dodelijk gewonden","Fiets","één bestuurder, geen hindernis","Eén bestuurder, geen hindernis (incl. val)","Geen hindernis"
"1977","2020","06","12",2020-06-01,2020-06-01 12:00:00,2024-01-02 12:00:00,"41048","Vlaams Gewest","Provincie Oost-Vlaanderen","Ninove",NA,NA,"Buiten Kruispunt","Normaal","Droog","buiten bebouwde kom","Dag","Gewestweg","Met doden","personenauto","een weggebruiker tegen een hindernis","Weggebruiker tegen hindernis buiten rijbaan","Buiten de rijbaan: Boom"
"1978","2020","06","15",2020-06-01,2020-06-01 15:00:00,2024-01-02 15:00:00,"31003","Vlaams Gewest","Provincie West-Vlaanderen","Beernem",51.1797790260001,3.37771512900002,"Op Kruispunt","Normaal","Droog","buiten bebouwde kom","Dag","Gemeenteweg","dodelijk gewonden","Fiets","Fiets","Tussen 2 bestuurders: Langs achteren","Geen hindernis"
"1979","2020","06","15",2020-06-01,2020-06-01 15:00:00,2024-01-02 15:00:00,"33011","Vlaams Gewest","Provincie West-Vlaanderen","Ieper",50.825757917,2.86103042300005,"Op Kruispunt","Normaal","Droog","buiten bebouwde kom","Dag","Gemeenteweg","Met doden","personenauto","Fiets","Tussen 2 bestuurders: Frontale botsing","Geen hindernis"
"1980","2020","06","18",2020-06-01,2020-06-01 18:00:00,2024-01-02 18:00:00,"71002","Vlaams Gewest","Provincie Limburg","As",51.0311894960001,5.61636867600004,"Op Kruispunt","Normaal","Droog","buiten bebouwde kom","Dag","Gemeenteweg","Met doden","personenauto","Motorfiets","Tss. 2 best.: langs opzij (voor-/achterkant-flank)","Geen hindernis"
"1981","2020","07","00",2020-07-01,2020-07-01 00:00:00,2024-01-02 00:00:00,"37020","Vlaams Gewest","Provincie West-Vlaanderen","Ardooie",50.9887560660001,3.17592920400006,"Buiten Kruispunt","Normaal","Droog","buiten bebouwde kom","Nacht, geen openbare verlichting aanwezig","Autosnelweg","Met doden","Lichte vrachtauto","personenauto","Tussen 2 bestuurders: Langs achteren","Geen hindernis"
"1982","2020","07","17",2020-07-01,2020-07-01 17:00:00,2024-01-02 17:00:00,"24062","Vlaams Gewest","Provincie Vlaams-Brabant","Leuven",50.844038674,4.73160961900004,"Buiten Kruispunt","Normaal","Droog","buiten bebouwde kom","Dag","Autosnelweg","Met doden","Vrachtwagen","personenauto","Tussen 2 bestuurders: Flank tegen flank","Geen hindernis"
"1983","2020","07","09",2020-07-01,2020-07-01 09:00:00,2024-01-02 09:00:00,"71053","Vlaams Gewest","Provincie Limburg","Sint-Truiden",NA,NA,"Buiten Kruispunt","Normaal","Droog","buiten bebouwde kom","Dag","Gemeenteweg","Met doden","personenauto","een weggebruiker tegen een hindernis","Weggebruiker tegen hindernis buiten rijbaan","Andere hindernis"
"1984","2020","07","06",2020-07-01,2020-07-01 06:00:00,2024-01-02 06:00:00,"41081","Vlaams Gewest","Provincie Oost-Vlaanderen","Zottegem",50.8579628620001,3.79248076200003,"Buiten Kruispunt","Normaal","Droog","binnen bebouwde kom","Dag","Gemeenteweg","dodelijk gewonden","personenauto","Andere weggebruiker","Tussen 2 bestuurders: Frontale botsing","Geen hindernis"
"1985","2020","07","20",2020-07-01,2020-07-01 20:00:00,2024-01-02 20:00:00,"25048","Waals Gewest","Provincie Waals-Brabant","Geldenaken",50.733503383,4.82075430700007,"Buiten Kruispunt","Normaal","Droog","buiten bebouwde kom","Dag","Gewestweg","Met doden","personenauto","Andere weggebruiker","Tussen 2 bestuurders: Frontale botsing","Geen hindernis"
"1986","2020","07","09",2020-07-01,2020-07-01 09:00:00,2024-01-02 09:00:00,"62011","Waals Gewest","Provincie Luik","Bitsingen",NA,NA,"Buiten Kruispunt","Onbekend","Onbekend","onbekend","Dag","Gemeenteweg","dodelijk gewonden","onbekend","onbekend","Geen vermelding van de type aanrijding","Geen vermelding van de type aanrijding"
"1987","2020","07","20",2020-07-01,2020-07-01 20:00:00,2024-01-02 20:00:00,"63035","Waals Gewest","Provincie Luik","Herve",50.6616742630001,5.78541974900003,"Buiten Kruispunt","Normaal","Droog","buiten bebouwde kom","Dag","Gewestweg","Met doden","personenauto","een weggebruiker tegen een hindernis","Weggebruiker tegen hindernis buiten rijbaan","Buiten de rijbaan: Boom"