"","DT_YEAR_COLLISION","DT_MONTH_COLLISION","DT_TIME","YEAR_MONTH_DAY","YEAR_MONTH_DAY_HOUR","TIME_DT","CD_NIS","TX_RGN_COLLISION_NL","TX_PROV_COLLISION_NL","TX_MUNTY_COLLISION_NL","LAT_WGS84","LONG_WGS84","TX_CROSSWAY_NL","TX_WEATHER_NL","TX_ROAD_CONDITION_NL","TX_BUILD_UP_AREA_NL","TX_LIGHT_CONDITION_NL","CD_ROAD_TYPE_NL","TX_CLASS_ACCIDENTS_NL","TX_ROAD_USR_TYPE1_NL","TX_ROAD_USR_TYPE2_NL","TX_COLLISION_TYPE_NL","TX_OBSTACLES_NL"
"1988","2020","07","18",2020-07-01,2020-07-01 18:00:00,2024-01-02 18:00:00,"63023","Waals Gewest","Provincie Luik","Eupen",50.6208852520001,6.03016370400007,"Op Kruispunt","Normaal","Proper","binnen bebouwde kom","Dag","Gewestweg","Met doden","onbekend","onbekend","Geen vermelding van de type aanrijding","Geen vermelding van de type aanrijding"
"1989","2020","07","18",2020-07-01,2020-07-01 18:00:00,2024-01-02 18:00:00,"61048","Waals Gewest","Provincie Luik","Ouffet",50.4406738100001,5.53179785500004,"Buiten Kruispunt","Normaal","Droog+Proper","buiten bebouwde kom","Dag","Gewestweg","dodelijk gewonden","onbekend","onbekend","Geen vermelding van de type aanrijding","Geen vermelding van de type aanrijding"
"1990","2020","07","11",2020-07-01,2020-07-01 11:00:00,2024-01-02 11:00:00,"62026","Waals Gewest","Provincie Luik","Comblain-au-Pont",50.4797972970001,5.59048224400004,"Op Kruispunt","Normaal","Droog","buiten bebouwde kom","Dag","Gewestweg","Met doden","Lichte vrachtauto","Motorfiets","Tss. 2 best.: langs opzij (voor-/achterkant-flank)","Geen hindernis"
"1991","2020","07","01",2020-07-01,2020-07-01 01:00:00,2024-01-02 01:00:00,"81001","Waals Gewest","Provincie Luxemburg","Aarlen",49.6691410820001,5.78571232500002,"Buiten Kruispunt","Normaal","Droog","buiten bebouwde kom","Nacht, geen openbare verlichting aanwezig","Gewestweg","Met doden","personenauto","een weggebruiker tegen een hindernis","Weggebruiker tegen hindernis buiten rijbaan","Buiten de rijbaan: Boom"
"1992","2020","07","14",2020-07-01,2020-07-01 14:00:00,2024-01-02 14:00:00,"85047","Waals Gewest","Provincie Luxemburg","Rouvroy",NA,NA,"Buiten Kruispunt","Normaal","Droog+Proper","buiten bebouwde kom","Dag","Gewestweg","Met doden","personenauto","personenauto","Tussen 2 bestuurders: Frontale botsing","Geen hindernis"
"1993","2020","07","08",2020-07-01,2020-07-01 08:00:00,2024-01-02 08:00:00,"83034","Waals Gewest","Provincie Luxemburg","Marche-en-Famenne",50.2328999530001,5.34432318700004,"Buiten Kruispunt","Regenval","Nat, plassen","binnen bebouwde kom","Dag","Gewestweg","Met doden","personenauto","Voetganger","Met een voetganger","Geen hindernis"
"1994","2020","07","23",2020-07-01,2020-07-01 23:00:00,2024-01-02 23:00:00,"92094","Waals Gewest","Provincie Namen","Namen",50.443314645,4.86737775000006,"Op Kruispunt","Normaal","Proper","binnen bebouwde kom","Nacht, openbare verlichting aanwezig en ontstoken","Gewestweg","Met doden","personenauto","Bromfiets","Tussen 2 bestuurders: Langs achteren","Geen hindernis"
"1995","2020","07","22",2020-07-01,2020-07-01 22:00:00,2024-01-02 22:00:00,"57081","Waals Gewest","Provincie Henegouwen","Doornik",NA,NA,"Buiten Kruispunt","Normaal","Proper","buiten bebouwde kom","Nacht, openbare verlichting aanwezig en ontstoken","Gemeenteweg","Met doden","personenauto","een weggebruiker tegen een hindernis","Weggebruiker tegen hindernis buiten rijbaan","Buiten de rijbaan: Vangrails overschreden"
"1996","2020","07","18",2020-07-01,2020-07-01 18:00:00,2024-01-02 18:00:00,"57094","Waals Gewest","Provincie Henegouwen","Leuze-en-Hainaut",50.6057662150001,3.65569921000002,"Op Kruispunt","Normaal","Droog+Proper","buiten bebouwde kom","Dag","Gewestweg","Met doden","Andere weggebruiker","Motorfiets","Tss. 2 best.: langs opzij (voor-/achterkant-flank)","Geen hindernis"
"1997","2020","07","15",2020-07-01,2020-07-01 15:00:00,2024-01-02 15:00:00,"52011","Waals Gewest","Provincie Henegouwen","Charleroi",50.3861170010001,4.46059380000003,"Buiten Kruispunt","Normaal","Proper","binnen bebouwde kom","Dag","Gemeenteweg","dodelijk gewonden","Motorfiets","een weggebruiker tegen een hindernis","Weggebruiker tegen hindernis buiten rijbaan","Buiten de rijbaan: Muur gebouw"
"1998","2020","07","14",2020-07-01,2020-07-01 14:00:00,2024-01-02 14:00:00,"52015","Waals Gewest","Provincie Henegouwen","Courcelles",50.463165684,4.33674495800005,"Buiten Kruispunt","Normaal","Droog+Proper","binnen bebouwde kom","Dag","Gewestweg","Met doden","personenauto","Autobus","Tss. 2 best.: langs opzij (voor-/achterkant-flank)","Geen hindernis"
"1999","2020","07","05",2020-07-01,2020-07-01 05:00:00,2024-01-02 05:00:00,"21001","Brussels Hoofdstedelijk Gewest",NA,"Anderlecht",NA,NA,"Buiten Kruispunt","Normaal","Proper","binnen bebouwde kom","Nacht, geen openbare verlichting aanwezig","Gemeenteweg","Met doden","personenauto","een weggebruiker tegen een hindernis","Weggebruiker tegen hindernis buiten rijbaan","Andere hindernis"
"2000","2020","07","07",2020-07-01,2020-07-01 07:00:00,2024-01-02 07:00:00,"11002","Vlaams Gewest","Provincie Antwerpen","Antwerpen",51.1767747430001,4.38840136000005,"Op Kruispunt","Normaal","Droog","binnen bebouwde kom","Dag","Gewestweg","Met doden","Andere weggebruiker","Vrachtwagen","Tss. 2 best.: langs opzij (voor-/achterkant-flank)","Geen hindernis"
"2001","2020","07","06",2020-07-01,2020-07-01 06:00:00,2024-01-02 06:00:00,"11001","Vlaams Gewest","Provincie Antwerpen","Aartselaar",51.1101941060001,4.37016082200006,"Op Kruispunt","Normaal","Droog","buiten bebouwde kom","Dageraad - schemering","Gewestweg","Met doden","personenauto","Bromfiets","Tss. 2 best.: langs opzij (voor-/achterkant-flank)","Geen hindernis"
"2002","2020","07","10",2020-07-01,2020-07-01 10:00:00,2024-01-02 10:00:00,"13031","Vlaams Gewest","Provincie Antwerpen","Oud-Turnhout",51.347111967,4.97867735000005,"Buiten Kruispunt","Normaal","Droog","buiten bebouwde kom","Dag","Gewestweg","dodelijk gewonden","Vrachtwagen","Voetganger","Met een voetganger","Geen hindernis"
"2003","2020","07","01",2020-07-01,2020-07-01 01:00:00,2024-01-02 01:00:00,"13025","Vlaams Gewest","Provincie Antwerpen","Mol",51.195090905,5.15161275600002,"Buiten Kruispunt","Normaal","Droog","binnen bebouwde kom","Nacht, openbare verlichting aanwezig en ontstoken","Gemeenteweg","Met doden","Motorfiets","een weggebruiker tegen een hindernis","Weggebruiker tegen hindernis buiten rijbaan","Andere hindernis"
"2004","2020","07","09",2020-07-01,2020-07-01 09:00:00,2024-01-02 09:00:00,"73006","Vlaams Gewest","Provincie Limburg","Bilzen",NA,NA,"Buiten Kruispunt","Regenval","Nat, plassen","buiten bebouwde kom","Dag","Gewestweg","dodelijk gewonden","Lichte vrachtauto","een weggebruiker tegen een hindernis","Weggebruiker tegen hindernis buiten rijbaan","Andere hindernis"
"2005","2020","07","15",2020-07-01,2020-07-01 15:00:00,2024-01-02 15:00:00,"44021","Vlaams Gewest","Provincie Oost-Vlaanderen","Gent",51.05449207,3.71654085600005,"Op Kruispunt","Normaal","Droog","binnen bebouwde kom","Dag","Gemeenteweg","dodelijk gewonden","Fiets","Bromfiets","Tss. 2 best.: langs opzij (voor-/achterkant-flank)","Geen hindernis"
"2006","2020","07","07",2020-07-01,2020-07-01 07:00:00,2024-01-02 07:00:00,"44021","Vlaams Gewest","Provincie Oost-Vlaanderen","Gent",51.000212264,3.71578728100007,"Buiten Kruispunt","Normaal","Droog","binnen bebouwde kom","Dag","Gemeenteweg","Met doden","Fiets","Vrachtwagen","Tussen 2 bestuurders: Frontale botsing","Geen hindernis"
"2007","2020","07","19",2020-07-01,2020-07-01 19:00:00,2024-01-02 19:00:00,"31043","Vlaams Gewest","Provincie West-Vlaanderen","Knokke-Heist",51.3459964240001,3.26317920500003,"Op Kruispunt","Normaal","Proper","binnen bebouwde kom","Dag","Gemeenteweg","Met doden","Bromfiets","een weggebruiker tegen een hindernis","Weggebruiker tegen hindernis op de rijbaan","Op de rijbaan: Werken (signal., aarde, toestel,…)"
"2008","2020","07","23",2020-07-01,2020-07-01 23:00:00,2024-01-02 23:00:00,"35013","Vlaams Gewest","Provincie West-Vlaanderen","Oostende",NA,NA,"Buiten Kruispunt","Normaal","Droog","buiten bebouwde kom","Nacht, geen openbare verlichting aanwezig","Gewestweg","Met doden","Andere weggebruiker","Voetganger","Met een voetganger","Geen hindernis"
"2009","2020","07","15",2020-07-01,2020-07-01 15:00:00,2024-01-02 15:00:00,"36015","Vlaams Gewest","Provincie West-Vlaanderen","Roeselare",50.92164476,3.14838618300007,"Op Kruispunt","Normaal","Droog","buiten bebouwde kom","Dag","Gewestweg","Met doden","personenauto","Fiets","Tss. 2 best.: langs opzij (voor-/achterkant-flank)","Geen hindernis"
"2010","2020","07","02",2020-07-01,2020-07-01 02:00:00,2024-01-02 02:00:00,"37002","Vlaams Gewest","Provincie West-Vlaanderen","Dentergem",50.9407072660001,3.39730305200004,"Buiten Kruispunt","Normaal","Droog","buiten bebouwde kom","Nacht, geen openbare verlichting aanwezig","Gemeenteweg","Met doden","Lichte vrachtauto","Voetganger","Met een voetganger","Geen hindernis"
"2011","2020","07","17",2020-07-01,2020-07-01 17:00:00,2024-01-02 17:00:00,"38025","Vlaams Gewest","Provincie West-Vlaanderen","Veurne",51.0323594170001,2.65690675300004,"Buiten Kruispunt","Onbekend","Onbekend","buiten bebouwde kom","Onbekend","Gemeenteweg","Met doden","personenauto","een weggebruiker tegen een hindernis","Weggebruiker tegen hindernis buiten rijbaan","Buiten de rijbaan: Gracht"
"2012","2020","07","14",2020-07-01,2020-07-01 14:00:00,2024-01-02 14:00:00,"33039","Vlaams Gewest","Provincie West-Vlaanderen","Heuvelland",50.764035366,2.91935061800007,"Buiten Kruispunt","Normaal","Droog","buiten bebouwde kom","Dag","Gewestweg","Met doden","Motorfiets","personenauto","Tussen 2 bestuurders: Frontale botsing","Geen hindernis"
"2013","2020","07","04",2020-07-01,2020-07-01 04:00:00,2024-01-02 04:00:00,"46003","Vlaams Gewest","Provincie Oost-Vlaanderen","Beveren (Sint-Niklaas)",NA,NA,"Buiten Kruispunt","Normaal","Droog","buiten bebouwde kom","Nacht, openbare verlichting aanwezig en ontstoken","Gemeenteweg","Met doden","Vrachtwagen","Fiets","Tussen 2 bestuurders: Langs achteren","Geen hindernis"
"2014","2020","07","11",2020-07-01,2020-07-01 11:00:00,2024-01-02 11:00:00,"71016","Vlaams Gewest","Provincie Limburg","Genk",50.967807088,5.50278367500005,"Op Kruispunt","Normaal","Droog","binnen bebouwde kom","Dag","Gewestweg","dodelijk gewonden","personenauto","Fiets","Tss. 2 best.: langs opzij (voor-/achterkant-flank)","Geen hindernis"
"2015","2020","09","04",2020-09-01,2020-09-01 04:00:00,2024-01-02 04:00:00,"13029","Vlaams Gewest","Provincie Antwerpen","Olen",51.147083663,4.87636496400006,"Buiten Kruispunt","Normaal","Droog","buiten bebouwde kom","Nacht, openbare verlichting aanwezig en ontstoken","Autosnelweg","Met doden","personenauto","Vrachtwagen","Tussen 2 bestuurders: Langs achteren","Geen hindernis"
"2016","2020","08","04",2020-08-01,2020-08-01 04:00:00,2024-01-02 04:00:00,"44048","Vlaams Gewest","Provincie Oost-Vlaanderen","Nazareth",50.959117996,3.57145858500007,"Buiten Kruispunt","Normaal","Nat, plassen","buiten bebouwde kom","Nacht, openb. verlicht. aanw., maar niet ontstoken","Autosnelweg","Met doden","personenauto","een weggebruiker tegen een hindernis","Weggebruiker tegen hindernis buiten rijbaan","Buiten de rijbaan: Vangrails niet overgestoken"
"2017","2020","09","09",2020-09-01,2020-09-01 09:00:00,2024-01-02 09:00:00,"44034","Vlaams Gewest","Provincie Oost-Vlaanderen","Lochristi",51.0607532070001,3.86237526600007,"Buiten Kruispunt","Normaal","Droog","buiten bebouwde kom","Dag","Autosnelweg","dodelijk gewonden","Vrachtwagen","personenauto","Kettingbotsing (3 bestuurders of meer)","Geen hindernis"
"2018","2020","10","12",2020-10-01,2020-10-01 12:00:00,2024-01-02 12:00:00,"34022","Vlaams Gewest","Provincie West-Vlaanderen","Kortrijk",50.8218501280001,3.22415538200005,"Buiten Kruispunt","Normaal","Droog","buiten bebouwde kom","Dag","Autosnelweg","Met doden","personenauto","personenauto","Tussen 2 bestuurders: Flank tegen flank","Geen hindernis"
"2019","2020","09","08",2020-09-01,2020-09-01 08:00:00,2024-01-02 08:00:00,"23099","Vlaams Gewest","Provincie Vlaams-Brabant","Kraainem",50.8552558150001,4.47578870800004,"Buiten Kruispunt","Normaal","Droog","buiten bebouwde kom","Dag","Autosnelweg","Met doden","Vrachtwagen","Voetganger","Met een voetganger","Geen hindernis"
"2020","2020","08","08",2020-08-01,2020-08-01 08:00:00,2024-01-02 08:00:00,"23086","Vlaams Gewest","Provincie Vlaams-Brabant","Ternat",50.8819452560001,4.17035629900005,"Buiten Kruispunt","Normaal","Droog","buiten bebouwde kom","Dag","Autosnelweg","Met doden","Motorfiets","een weggebruiker tegen een hindernis","Weggebruiker tegen hindernis buiten rijbaan","Buiten de rijbaan: Verkeerseiland, middenberm"
"2021","2020","09","22",2020-09-01,2020-09-01 22:00:00,2024-01-02 22:00:00,"25123","Waals Gewest","Provincie Waals-Brabant","Rebecq",50.6751157990001,4.09763172500004,"Buiten Kruispunt","Normaal","Proper","buiten bebouwde kom","Nacht, geen openbare verlichting aanwezig","Autosnelweg","Met doden","personenauto","een weggebruiker tegen een hindernis","Weggebruiker tegen hindernis buiten rijbaan","Buiten de rijbaan: Vangrails niet overgestoken"
"2022","2020","08","00",2020-08-01,2020-08-01 00:00:00,2024-01-02 00:00:00,"52022","Waals Gewest","Provincie Henegouwen","Fontaine-l’Evêque",50.4226794200001,4.34627254800006,"Buiten Kruispunt","Normaal","Droog+Proper","buiten bebouwde kom","Nacht, openb. verlicht. aanw., maar niet ontstoken","Autosnelweg","Met doden","personenauto","Bromfiets","Tussen 2 bestuurders: Langs achteren","Geen hindernis"
"2023","2020","08","01",2020-08-01,2020-08-01 01:00:00,2024-01-02 01:00:00,"55085","Waals Gewest","Provincie Henegouwen","Seneffe",50.54327091,4.23496955700006,"Buiten Kruispunt","Normaal","Proper","buiten bebouwde kom","Nacht, openb. verlicht. aanw., maar niet ontstoken","Gewestweg","dodelijk gewonden","personenauto","een weggebruiker tegen een hindernis","Weggebruiker tegen hindernis buiten rijbaan","Buiten de rijbaan: Boom"
"2024","2020","09","02",2020-09-01,2020-09-01 02:00:00,2024-01-02 02:00:00,"53053","Waals Gewest","Provincie Henegouwen","Bergen",50.4910273730001,4.00259956500002,"Buiten Kruispunt","Normaal","Droog+Proper","buiten bebouwde kom","Nacht, geen openbare verlichting aanwezig","Autosnelweg","Met doden","personenauto","een weggebruiker tegen een hindernis","Weggebruiker tegen hindernis buiten rijbaan","Buiten de rijbaan: Vangrails overschreden"
"2025","2020","09","04",2020-09-01,2020-09-01 04:00:00,2024-01-02 04:00:00,"57081","Waals Gewest","Provincie Henegouwen","Doornik",50.6122245970001,3.31525633800004,"Buiten Kruispunt","Normaal","Droog","buiten bebouwde kom","Nacht, openbare verlichting aanwezig en ontstoken","Autosnelweg","Met doden","personenauto","Vrachtwagen","Tussen 2 bestuurders: Langs achteren","Geen hindernis"
"2026","2020","08","12",2020-08-01,2020-08-01 12:00:00,2024-01-02 12:00:00,"41048","Vlaams Gewest","Provincie Oost-Vlaanderen","Ninove",NA,NA,"Buiten Kruispunt","Normaal","Droog","binnen bebouwde kom","Dag","Gemeenteweg","Met doden","Andere weggebruiker","Voetganger","Met een voetganger","Geen hindernis"
"2027","2020","08","10",2020-08-01,2020-08-01 10:00:00,2024-01-02 10:00:00,"92094","Waals Gewest","Provincie Namen","Namen",50.4276811710001,4.94068493100002,"Buiten Kruispunt","Normaal","Proper","buiten bebouwde kom","Dag","Autosnelweg","Met doden","Lichte vrachtauto","Vrachtwagen","Tussen 2 bestuurders: Langs achteren","Geen hindernis"
"2028","2020","09","23",2020-09-01,2020-09-01 23:00:00,2024-01-02 23:00:00,"92006","Waals Gewest","Provincie Namen","Assesse",50.4037080470001,4.96936096900004,"Buiten Kruispunt","Normaal","Proper","buiten bebouwde kom","Nacht, openbare verlichting aanwezig en ontstoken","Autosnelweg","Met doden","Vrachtwagen","personenauto","Tussen 2 bestuurders: Langs achteren","Geen hindernis"
"2029","2020","09","02",2020-09-01,2020-09-01 02:00:00,2024-01-02 02:00:00,"91059","Waals Gewest","Provincie Namen","Hamois",50.3513318080001,5.06992887100006,"Buiten Kruispunt","Regenval","Nat, plassen","buiten bebouwde kom","Nacht, openbare verlichting aanwezig en ontstoken","Gewestweg","Met doden","personenauto","Vrachtwagen","Tussen 2 bestuurders: Langs achteren","Geen hindernis"
"2030","2020","10","10",2020-10-01,2020-10-01 10:00:00,2024-01-02 10:00:00,"62006","Waals Gewest","Provincie Luik","Awans",NA,NA,"Buiten Kruispunt","Normaal","Droog+Proper","buiten bebouwde kom","Dag","Autosnelweg","dodelijk gewonden","personenauto","personenauto","Tussen 2 bestuurders: Frontale botsing","Geen hindernis"
"2031","2020","09","05",2020-09-01,2020-09-01 05:00:00,2024-01-02 05:00:00,"64074","Waals Gewest","Provincie Luik","Borgworm",50.7063214240001,5.26412736100002,"Buiten Kruispunt","Normaal","Proper","buiten bebouwde kom","Nacht, openbare verlichting aanwezig en ontstoken","Autosnelweg","Met doden","personenauto","Vrachtwagen","Tussen 2 bestuurders: Langs achteren","Geen hindernis"
"2032","2020","08","23",2020-08-01,2020-08-01 23:00:00,2024-01-02 23:00:00,"61068","Waals Gewest","Provincie Luik","Villers-Le-Bouillet",50.5896964080001,5.24888384400003,"Buiten Kruispunt","Normaal","Droog+Proper","buiten bebouwde kom","Nacht, openbare verlichting aanwezig en ontstoken","Autosnelweg","Met doden","onbekend","onbekend","Geen vermelding van de type aanrijding","Geen vermelding van de type aanrijding"
"2033","2020","10","06",2020-10-01,2020-10-01 06:00:00,2024-01-02 06:00:00,"83055","Waals Gewest","Provincie Luxemburg","Manhay",50.2806473810001,5.72792185400004,"Buiten Kruispunt","Regenval+Sterke wind, rukwind","Nat, plassen+Proper","buiten bebouwde kom","Nacht, openbare verlichting aanwezig en ontstoken","Autosnelweg","Met doden","personenauto","een weggebruiker tegen een hindernis","Weggebruiker tegen hindernis buiten rijbaan","Buiten de rijbaan: Boom"
"2034","2020","09","09",2020-09-01,2020-09-01 09:00:00,2024-01-02 09:00:00,"25050","Waals Gewest","Provincie Waals-Brabant","Terhulpen",50.7303624730001,4.48209696900005,"Op Kruispunt","Normaal","Proper","binnen bebouwde kom","Dag","Gewestweg","Met doden","Vrachtwagen","Voetganger","Met een voetganger","Geen hindernis"
"2035","2020","09","23",2020-09-01,2020-09-01 23:00:00,2024-01-02 23:00:00,"25091","Waals Gewest","Provincie Waals-Brabant","Rixensart",NA,NA,"Buiten Kruispunt","Normaal","Proper","binnen bebouwde kom","Nacht, openbare verlichting aanwezig en ontstoken","Gemeenteweg","dodelijk gewonden","personenauto","een weggebruiker tegen een hindernis","Weggebruiker tegen hindernis buiten rijbaan","Buiten de rijbaan: Andere paal"
"2036","2020","08","21",2020-08-01,2020-08-01 21:00:00,2024-01-02 21:00:00,"25068","Waals Gewest","Provincie Waals-Brabant","Mont-Saint-Guibert",50.6394654650001,4.64898926800004,"Buiten Kruispunt","Normaal","Proper","binnen bebouwde kom","Dageraad - schemering","Gewestweg","Met doden","personenauto","Motorfiets","Kettingbotsing (3 bestuurders of meer)","Geen hindernis"
"2037","2020","09","13",2020-09-01,2020-09-01 13:00:00,2024-01-02 13:00:00,"25048","Waals Gewest","Provincie Waals-Brabant","Geldenaken",50.705480632,4.91608771300002,"Buiten Kruispunt","Normaal","Proper","buiten bebouwde kom","Dag","Gewestweg","Met doden","personenauto","Lichte vrachtauto","Tussen 2 bestuurders: Frontale botsing","Geen hindernis"
"2038","2020","09","08",2020-09-01,2020-09-01 08:00:00,2024-01-02 08:00:00,"62063","Waals Gewest","Provincie Luik","Luik",50.629536462,5.57798636500007,"Op Kruispunt","Normaal","Droog","binnen bebouwde kom","Dag","Gewestweg","dodelijk gewonden","personenauto","een weggebruiker tegen een hindernis","Weggebruiker tegen hindernis buiten rijbaan","Buiten de rijbaan: Vangrails overschreden"
"2039","2020","08","20",2020-08-01,2020-08-01 20:00:00,2024-01-02 20:00:00,"62063","Waals Gewest","Provincie Luik","Luik",NA,NA,"Buiten Kruispunt","Normaal","Droog","binnen bebouwde kom","Dag","Gemeenteweg","Met doden","personenauto","Motorfiets","Tss. 2 best.: langs opzij (voor-/achterkant-flank)","Geen hindernis"
"2040","2020","08","01",2020-08-01,2020-08-01 01:00:00,2024-01-02 01:00:00,"63038","Waals Gewest","Provincie Luik","Jalhay",50.5708941570001,5.91840340500005,"Buiten Kruispunt","Normaal","Droog","buiten bebouwde kom","Nacht, geen openbare verlichting aanwezig","Gewestweg","Met doden","personenauto","een weggebruiker tegen een hindernis","Weggebruiker tegen hindernis buiten rijbaan","Buiten de rijbaan: Boom"
"2041","2020","09","18",2020-09-01,2020-09-01 18:00:00,2024-01-02 18:00:00,"63004","Waals Gewest","Provincie Luik","Baelen",NA,NA,"Buiten Kruispunt","Normaal","Proper","buiten bebouwde kom","Dag","Gewestweg","dodelijk gewonden","Lichte vrachtauto","Voetganger","Met een voetganger","Geen hindernis"
"2042","2020","08","16",2020-08-01,2020-08-01 16:00:00,2024-01-02 16:00:00,"63004","Waals Gewest","Provincie Luik","Baelen",50.6243872840001,5.95158148300004,"Buiten Kruispunt","Normaal","Droog","buiten bebouwde kom","Dag","Gewestweg","Met doden","Motorfiets","een weggebruiker tegen een hindernis","Weggebruiker tegen hindernis buiten rijbaan","Buiten de rijbaan: Andere paal"
"2043","2020","08","18",2020-08-01,2020-08-01 18:00:00,2024-01-02 18:00:00,"63046","Waals Gewest","Provincie Luik","Limburg",50.6118171850001,5.91887038500005,"Buiten Kruispunt","Normaal","Droog+Proper","buiten bebouwde kom","Dag","Gewestweg","Met doden","Motorfiets","een weggebruiker tegen een hindernis","Weggebruiker tegen hindernis buiten rijbaan","Buiten de rijbaan: Boom"
"2044","2020","08","20",2020-08-01,2020-08-01 20:00:00,2024-01-02 20:00:00,"63049","Waals Gewest","Provincie Luik","Malmedy",NA,NA,"Op Kruispunt","Normaal","Droog","binnen bebouwde kom","Dag","Gemeenteweg","Met doden","personenauto","Fiets","Tussen 2 bestuurders: Flank tegen flank","Geen hindernis"
"2045","2020","08","18",2020-08-01,2020-08-01 18:00:00,2024-01-02 18:00:00,"63080","Waals Gewest","Provincie Luik","Weismes",NA,NA,"Buiten Kruispunt","Normaal","Droog+Proper","buiten bebouwde kom","Dag","Gewestweg","Met doden","personenauto","een weggebruiker tegen een hindernis","Weggebruiker tegen hindernis buiten rijbaan","Buiten de rijbaan: Vangrails overschreden"
"2046","2020","08","23",2020-08-01,2020-08-01 23:00:00,2024-01-02 23:00:00,"63001","Waals Gewest","Provincie Luik","Amel",50.365749915,6.21567671200006,"Buiten Kruispunt","Normaal","Droog+Proper","binnen bebouwde kom","Nacht, geen openbare verlichting aanwezig","Gemeenteweg","Met doden","personenauto","een weggebruiker tegen een hindernis","Weggebruiker tegen hindernis buiten rijbaan","Buiten de rijbaan: Boom"
"2047","2020","08","07",2020-08-01,2020-08-01 07:00:00,2024-01-02 07:00:00,"81004","Waals Gewest","Provincie Luxemburg","Aubange",49.561009417,5.84256235000004,"Buiten Kruispunt","Normaal","Proper","binnen bebouwde kom","Dag","Gewestweg","Met doden","onbekend","onbekend","Andere of onbekend","Geen vermelding van de aanwezigheid van een hindernis"
"2048","2020","09","21",2020-09-01,2020-09-01 21:00:00,2024-01-02 21:00:00,"83031","Waals Gewest","Provincie Luxemburg","La Roche-en-Ardenne",NA,NA,"Buiten Kruispunt","Regenval","Nat, plassen","binnen bebouwde kom","Nacht, geen openbare verlichting aanwezig","Gewestweg","Met doden","personenauto","Voetganger","Met een voetganger","Geen hindernis"
"2049","2020","09","21",2020-09-01,2020-09-01 21:00:00,2024-01-02 21:00:00,"84043","Waals Gewest","Provincie Luxemburg","Neufchâteau (Neufchâteau)",49.8869772260001,5.51307911900005,"Buiten Kruispunt","Regenval","Nat, plassen","buiten bebouwde kom","Nacht, geen openbare verlichting aanwezig","Gewestweg","Met doden","personenauto","een weggebruiker tegen een hindernis","Weggebruiker tegen hindernis buiten rijbaan","Buiten de rijbaan: Omheining"
"2050","2020","09","00",2020-09-01,2020-09-01 00:00:00,2024-01-02 00:00:00,"84077","Waals Gewest","Provincie Luxemburg","Libramont-Chevigny",NA,NA,"Buiten Kruispunt","Onbekend","Droog","buiten bebouwde kom","Onbekend","Gewestweg","Met doden","personenauto","een weggebruiker tegen een hindernis","Weggebruiker tegen hindernis buiten rijbaan","Buiten de rijbaan: Muur gebouw"
"2051","2020","09","13",2020-09-01,2020-09-01 13:00:00,2024-01-02 13:00:00,"83040","Waals Gewest","Provincie Luxemburg","Nassogne",50.1024285010001,5.32924516000003,"Buiten Kruispunt","Normaal","Proper","buiten bebouwde kom","Dag","Gewestweg","Met doden","Motorfiets","een weggebruiker tegen een hindernis","Weggebruiker tegen hindernis buiten rijbaan","Buiten de rijbaan: Gracht"
"2052","2020","09","21",2020-09-01,2020-09-01 21:00:00,2024-01-02 21:00:00,"84009","Waals Gewest","Provincie Luxemburg","Bertrix",49.8797100730001,5.26545115200003,"Buiten Kruispunt","Normaal","Droog+Proper","buiten bebouwde kom","Nacht, openb. verlicht. aanw., maar niet ontstoken","Gewestweg","Met doden","personenauto","een weggebruiker tegen een hindernis","Weggebruiker tegen hindernis buiten rijbaan","Buiten de rijbaan: Muur gebouw"
"2053","2020","08","19",2020-08-01,2020-08-01 19:00:00,2024-01-02 19:00:00,"92003","Waals Gewest","Provincie Namen","Andenne",50.522383388,5.06975745100004,"Buiten Kruispunt","Normaal","Droog+Proper","buiten bebouwde kom","Dag","Gewestweg","Met doden","Andere weggebruiker","Motorfiets","Tss. 2 best.: langs opzij (voor-/achterkant-flank)","Geen hindernis"
"2054","2020","08","11",2020-08-01,2020-08-01 11:00:00,2024-01-02 11:00:00,"92006","Waals Gewest","Provincie Namen","Assesse",NA,NA,"Buiten Kruispunt","Normaal","Droog","buiten bebouwde kom","Dag","Gewestweg","Met doden","Motorfiets","een weggebruiker tegen een hindernis","Weggebruiker tegen hindernis buiten rijbaan","Buiten de rijbaan: Gracht"
"2055","2020","09","19",2020-09-01,2020-09-01 19:00:00,2024-01-02 19:00:00,"92138","Waals Gewest","Provincie Namen","Fernelmont",50.6069353570001,4.98710904100005,"Op Kruispunt","Normaal","Droog+Proper","buiten bebouwde kom","Dag","Gewestweg","Met doden","personenauto","personenauto","Tss. 2 best.: langs opzij (voor-/achterkant-flank)","Geen hindernis"
"2056","2020","09","11",2020-09-01,2020-09-01 11:00:00,2024-01-02 11:00:00,"93022","Waals Gewest","Provincie Namen","Florennes",50.2742560710001,4.52615412300003,"Buiten Kruispunt","Normaal","Droog","buiten bebouwde kom","Dag","Gewestweg","dodelijk gewonden","personenauto","Fiets","Tss. 2 best.: langs opzij (voor-/achterkant-flank)","Geen hindernis"