"","DT_YEAR_COLLISION","DT_MONTH_COLLISION","DT_TIME","YEAR_MONTH_DAY","YEAR_MONTH_DAY_HOUR","TIME_DT","CD_NIS","TX_RGN_COLLISION_NL","TX_PROV_COLLISION_NL","TX_MUNTY_COLLISION_NL","LAT_WGS84","LONG_WGS84","TX_CROSSWAY_NL","TX_WEATHER_NL","TX_ROAD_CONDITION_NL","TX_BUILD_UP_AREA_NL","TX_LIGHT_CONDITION_NL","CD_ROAD_TYPE_NL","TX_CLASS_ACCIDENTS_NL","TX_ROAD_USR_TYPE1_NL","TX_ROAD_USR_TYPE2_NL","TX_COLLISION_TYPE_NL","TX_OBSTACLES_NL"
"2057","2020","09","15",2020-09-01,2020-09-01 15:00:00,2024-01-02 15:00:00,"91013","Waals Gewest","Provincie Namen","Beauraing",50.1291843440001,4.88973751600003,"Buiten Kruispunt","Normaal","Droog","buiten bebouwde kom","Dag","Gewestweg","dodelijk gewonden","personenauto","Motorfiets","Tussen 2 bestuurders: Langs achteren","Geen hindernis"
"2058","2020","10","18",2020-10-01,2020-10-01 18:00:00,2024-01-02 18:00:00,"91034","Waals Gewest","Provincie Namen","Dinant",50.2642982510001,4.91907940600004,"Buiten Kruispunt","Normaal","Proper","binnen bebouwde kom","Dag","Gewestweg","Met doden","personenauto","een weggebruiker tegen een hindernis","Weggebruiker tegen hindernis buiten rijbaan","Buiten de rijbaan: Muur gebouw"
"2059","2020","08","19",2020-08-01,2020-08-01 19:00:00,2024-01-02 19:00:00,"91034","Waals Gewest","Provincie Namen","Dinant",50.25532803,4.91489370900007,"Buiten Kruispunt","Normaal","Proper","binnen bebouwde kom","Dag","Gewestweg","dodelijk gewonden","Motorfiets","een weggebruiker tegen een hindernis","Weggebruiker tegen hindernis buiten rijbaan","Buiten de rijbaan: Muur gebouw"
"2060","2020","09","13",2020-09-01,2020-09-01 13:00:00,2024-01-02 13:00:00,"91030","Waals Gewest","Provincie Namen","Ciney",50.272359216,5.09825949400005,"Buiten Kruispunt","Normaal","Droog+Proper","buiten bebouwde kom","Dag","Gewestweg","dodelijk gewonden","Motorfiets","Motorfiets","Tussen 2 bestuurders: Frontale botsing","Geen hindernis"
"2061","2020","09","14",2020-09-01,2020-09-01 14:00:00,2024-01-02 14:00:00,"93056","Waals Gewest","Provincie Namen","Philippeville",50.1906778960001,4.60464298000005,"Buiten Kruispunt","Normaal","Droog+Proper","buiten bebouwde kom","Dag","Gewestweg","Met doden","Lichte vrachtauto","een weggebruiker tegen een hindernis","Weggebruiker tegen hindernis buiten rijbaan","Buiten de rijbaan: Vangrails niet overgestoken"
"2062","2020","09","12",2020-09-01,2020-09-01 12:00:00,2024-01-02 12:00:00,"93010","Waals Gewest","Provincie Namen","Cerfontaine",50.183458208,4.39883797900006,"Buiten Kruispunt","Normaal","Proper","buiten bebouwde kom","Dag","Gewestweg","Met doden","Motorfiets","Lichte vrachtauto","Tussen 2 bestuurders: Frontale botsing","Geen hindernis"
"2063","2020","09","09",2020-09-01,2020-09-01 09:00:00,2024-01-02 09:00:00,"93018","Waals Gewest","Provincie Namen","Doische",50.1511757550001,4.76254221800002,"Buiten Kruispunt","Normaal","Droog","buiten bebouwde kom","Dag","Gewestweg","dodelijk gewonden","personenauto","Vrachtwagen","Tussen 2 bestuurders: Frontale botsing","Geen hindernis"
"2064","2020","08","20",2020-08-01,2020-08-01 20:00:00,2024-01-02 20:00:00,"51009","Waals Gewest","Provincie Henegouwen","Bernissart",NA,NA,"Buiten Kruispunt","Normaal","Proper","buiten bebouwde kom","Nacht, openbare verlichting aanwezig en ontstoken","Gewestweg","Met doden","personenauto","personenauto","Tussen 2 bestuurders: Frontale botsing","Geen hindernis"
"2065","2020","09","21",2020-09-01,2020-09-01 21:00:00,2024-01-02 21:00:00,"53053","Waals Gewest","Provincie Henegouwen","Bergen",50.435685606,3.94766216900007,"Op Kruispunt","Normaal","Droog","binnen bebouwde kom","Nacht, openbare verlichting aanwezig en ontstoken","Gewestweg","Met doden","personenauto","personenauto","Tss. 2 best.: langs opzij (voor-/achterkant-flank)","Geen hindernis"
"2066","2020","08","16",2020-08-01,2020-08-01 16:00:00,2024-01-02 16:00:00,"55040","Waals Gewest","Provincie Henegouwen","Zinnik",50.5755197990001,4.04922059800003,"Buiten Kruispunt","Regenval","Nat, plassen","buiten bebouwde kom","Dag","Gewestweg","dodelijk gewonden","personenauto","een weggebruiker tegen een hindernis","Weggebruiker tegen hindernis buiten rijbaan","Buiten de rijbaan: Verlichtingspaal"
"2067","2020","09","23",2020-09-01,2020-09-01 23:00:00,2024-01-02 23:00:00,"52011","Waals Gewest","Provincie Henegouwen","Charleroi",50.4218592550001,4.36241440900005,"Buiten Kruispunt","Normaal","Droog+Proper","binnen bebouwde kom","Nacht, openbare verlichting aanwezig en ontstoken","Gemeenteweg","Met doden","personenauto","een weggebruiker tegen een hindernis","Weggebruiker tegen hindernis buiten rijbaan","Buiten de rijbaan: Verlichtingspaal"
"2068","2020","09","23",2020-09-01,2020-09-01 23:00:00,2024-01-02 23:00:00,"52011","Waals Gewest","Provincie Henegouwen","Charleroi",50.420640469,4.37414709400002,"Buiten Kruispunt","Normaal","Droog+Proper","binnen bebouwde kom","Nacht, openbare verlichting aanwezig en ontstoken","Gemeenteweg","Met doden","onbekend","onbekend","Andere of onbekend","Geen vermelding van de aanwezigheid van een hindernis"
"2069","2020","08","03",2020-08-01,2020-08-01 03:00:00,2024-01-02 03:00:00,"56022","Waals Gewest","Provincie Henegouwen","Erquelinnes",50.330378689,4.07394448700006,"Buiten Kruispunt","Normaal","Proper","binnen bebouwde kom","Nacht, openbare verlichting aanwezig en ontstoken","Gemeenteweg","Met doden","personenauto","een weggebruiker tegen een hindernis","Weggebruiker tegen hindernis buiten rijbaan","Buiten de rijbaan: Muur gebouw"
"2070","2020","09","13",2020-09-01,2020-09-01 13:00:00,2024-01-02 13:00:00,"56051","Waals Gewest","Provincie Henegouwen","Momignies",50.019049361,4.15478061800007,"Buiten Kruispunt","Normaal","Droog+Proper","binnen bebouwde kom","Dag","Gewestweg","Met doden","personenauto","een weggebruiker tegen een hindernis","Weggebruiker tegen hindernis buiten rijbaan","Buiten de rijbaan: Vangrails overschreden"
"2071","2020","08","12",2020-08-01,2020-08-01 12:00:00,2024-01-02 12:00:00,"56016","Waals Gewest","Provincie Henegouwen","Chimay",50.110611062,4.28528711600006,"Buiten Kruispunt","Normaal","Droog+Proper","buiten bebouwde kom","Dag","Gewestweg","Met doden","Motorfiets","Vrachtwagen","Tussen 2 bestuurders: Flank tegen flank","Geen hindernis"
"2072","2020","09","10",2020-09-01,2020-09-01 10:00:00,2024-01-02 10:00:00,"55086","Waals Gewest","Provincie Henegouwen","Manage",50.4934497830001,4.22644268800002,"Buiten Kruispunt","Normaal","Proper","binnen bebouwde kom","Dag","Gewestweg","dodelijk gewonden","personenauto","Voetganger","Met een voetganger","Geen hindernis"
"2073","2020","09","06",2020-09-01,2020-09-01 06:00:00,2024-01-02 06:00:00,"52015","Waals Gewest","Provincie Henegouwen","Courcelles",50.458960781,4.38020516000006,"Buiten Kruispunt","Regenval","Nat, plassen","binnen bebouwde kom","Dageraad - schemering","Gewestweg","Met doden","personenauto","een weggebruiker tegen een hindernis","Weggebruiker tegen hindernis buiten rijbaan","Andere hindernis"
"2074","2020","09","08",2020-09-01,2020-09-01 08:00:00,2024-01-02 08:00:00,"52022","Waals Gewest","Provincie Henegouwen","Fontaine-l’Evêque",50.406520449,4.30098225000006,"Buiten Kruispunt","Normaal","Proper","binnen bebouwde kom","Dag","Gewestweg","Met doden","Voetganger","Andere weggebruiker","Met een voetganger","Geen hindernis"
"2075","2020","09","01",2020-09-01,2020-09-01 01:00:00,2024-01-02 01:00:00,"52021","Waals Gewest","Provincie Henegouwen","Fleurus",50.4583920090001,4.52466340600006,"Buiten Kruispunt","Normaal","Proper","binnen bebouwde kom","Nacht, openbare verlichting aanwezig en ontstoken","Gemeenteweg","Met doden","personenauto","Lichte vrachtauto","Tss. 2 best.: langs opzij (voor-/achterkant-flank)","Geen hindernis"
"2076","2020","09","23",2020-09-01,2020-09-01 23:00:00,2024-01-02 23:00:00,"21004","Brussels Hoofdstedelijk Gewest",NA,"Brussel",NA,NA,"Buiten Kruispunt","Normaal","Proper","binnen bebouwde kom","Nacht, openbare verlichting aanwezig en ontstoken","Gewestweg","Met doden","Motorfiets","een weggebruiker tegen een hindernis","Weggebruiker tegen hindernis buiten rijbaan","Buiten de rijbaan: Vangrails niet overgestoken"
"2077","2020","09","17",2020-09-01,2020-09-01 17:00:00,2024-01-02 17:00:00,"21004","Brussels Hoofdstedelijk Gewest",NA,"Brussel",NA,NA,"Op Kruispunt","Normaal","Droog","binnen bebouwde kom","Dag","Gewestweg","dodelijk gewonden","Motorfiets","personenauto","Tss. 2 best.: langs opzij (voor-/achterkant-flank)","Geen hindernis"
"2078","2020","08","23",2020-08-01,2020-08-01 23:00:00,2024-01-02 23:00:00,"11002","Vlaams Gewest","Provincie Antwerpen","Antwerpen",51.191762388,4.45015625300005,"Buiten Kruispunt","Normaal","Droog","binnen bebouwde kom","Nacht, geen openbare verlichting aanwezig","Gemeenteweg","Met doden","personenauto","een weggebruiker tegen een hindernis","Weggebruiker tegen hindernis buiten rijbaan","Buiten de rijbaan: Verlichtingspaal"
"2079","2020","08","10",2020-08-01,2020-08-01 10:00:00,2024-01-02 10:00:00,"11002","Vlaams Gewest","Provincie Antwerpen","Antwerpen",51.192032764,4.38015222000007,"Buiten Kruispunt","Normaal","Droog","binnen bebouwde kom","Dag","Gewestweg","Met doden","Andere weggebruiker","Voetganger","Met een voetganger","Geen hindernis"
"2080","2020","08","09",2020-08-01,2020-08-01 09:00:00,2024-01-02 09:00:00,"11023","Vlaams Gewest","Provincie Antwerpen","Kapellen (Antwerpen)",51.301801094,4.43718099100005,"Buiten Kruispunt","Normaal","Droog","buiten bebouwde kom","Dag","Gewestweg","Met doden","Vrachtwagen","Fiets","Tss. 2 best.: langs opzij (voor-/achterkant-flank)","Geen hindernis"
"2081","2020","09","09",2020-09-01,2020-09-01 09:00:00,2024-01-02 09:00:00,"11044","Vlaams Gewest","Provincie Antwerpen","Stabroek",51.31413975,4.39579175900008,"Op Kruispunt","Normaal","Droog","binnen bebouwde kom","Dag","Gemeenteweg","dodelijk gewonden","personenauto","Bromfiets","Tss. 2 best.: langs opzij (voor-/achterkant-flank)","Geen hindernis"
"2082","2020","08","20",2020-08-01,2020-08-01 20:00:00,2024-01-02 20:00:00,"11052","Vlaams Gewest","Provincie Antwerpen","Wommelgem",51.218080071,4.53750561000004,"Buiten Kruispunt","Normaal","Droog","buiten bebouwde kom","Dag","Gemeenteweg","Met doden","personenauto","een weggebruiker tegen een hindernis","Weggebruiker tegen hindernis buiten rijbaan","Buiten de rijbaan: Boom"
"2083","2020","09","14",2020-09-01,2020-09-01 14:00:00,2024-01-02 14:00:00,"11004","Vlaams Gewest","Provincie Antwerpen","Boechout",51.1616352890001,4.50289671500002,"Buiten Kruispunt","Normaal","Droog","buiten bebouwde kom","Dag","Gewestweg","dodelijk gewonden","personenauto","een weggebruiker tegen een hindernis","Weggebruiker tegen hindernis buiten rijbaan","Buiten de rijbaan: Boom"
"2084","2020","08","20",2020-08-01,2020-08-01 20:00:00,2024-01-02 20:00:00,"11040","Vlaams Gewest","Provincie Antwerpen","Schoten",51.2432913230001,4.50324061700007,"Op Kruispunt","Normaal","Droog","buiten bebouwde kom","Dag","Gemeenteweg","Met doden","Motorfiets","een weggebruiker tegen een hindernis","Weggebruiker tegen hindernis buiten rijbaan","Buiten de rijbaan: Andere paal"
"2085","2020","08","20",2020-08-01,2020-08-01 20:00:00,2024-01-02 20:00:00,"11054","Vlaams Gewest","Provincie Antwerpen","Zandhoven",51.2375278160001,4.70455074900002,"Buiten Kruispunt","Onbekend","Nat, plassen","buiten bebouwde kom","Dag","Gemeenteweg","Met doden","personenauto","een weggebruiker tegen een hindernis","Weggebruiker tegen hindernis buiten rijbaan","Buiten de rijbaan: Gracht"
"2086","2020","09","22",2020-09-01,2020-09-01 22:00:00,2024-01-02 22:00:00,"11009","Vlaams Gewest","Provincie Antwerpen","Brecht",51.3512199150001,4.64208580600007,"Buiten Kruispunt","Normaal","Droog","binnen bebouwde kom","Nacht, openbare verlichting aanwezig en ontstoken","Gewestweg","Met doden","personenauto","Voetganger","Met een voetganger","Geen hindernis"
"2087","2020","09","22",2020-09-01,2020-09-01 22:00:00,2024-01-02 22:00:00,"11009","Vlaams Gewest","Provincie Antwerpen","Brecht",51.347382468,4.70667772300004,"Buiten Kruispunt","Regenval","Nat, plassen","buiten bebouwde kom","Nacht, openbare verlichting aanwezig en ontstoken","Gewestweg","Met doden","personenauto","personenauto","Tussen 2 bestuurders: Flank tegen flank","Geen hindernis"
"2088","2020","09","09",2020-09-01,2020-09-01 09:00:00,2024-01-02 09:00:00,"12029","Vlaams Gewest","Provincie Antwerpen","Putte",51.0585737120001,4.66828286700007,"Op Kruispunt","Normaal","Droog","binnen bebouwde kom","Dag","Gemeenteweg","dodelijk gewonden","onbekend","onbekend","Geen vermelding van de type aanrijding","Geen vermelding van de type aanrijding"
"2089","2020","08","21",2020-08-01,2020-08-01 21:00:00,2024-01-02 21:00:00,"13014","Vlaams Gewest","Provincie Antwerpen","Hoogstraten",51.444644119,4.73851479600006,"Buiten Kruispunt","Normaal","Droog","binnen bebouwde kom","Nacht, openbare verlichting aanwezig en ontstoken","Gewestweg","Met doden","Lichte vrachtauto","personenauto","Tussen 2 bestuurders: Flank tegen flank","Geen hindernis"
"2090","2020","09","05",2020-09-01,2020-09-01 05:00:00,2024-01-02 05:00:00,"13017","Vlaams Gewest","Provincie Antwerpen","Kasterlee",51.239606617,4.96044131900004,"Buiten Kruispunt","Normaal","Droog","binnen bebouwde kom","Nacht, openbare verlichting aanwezig en ontstoken","Gewestweg","Met doden","Motorfiets","Lichte vrachtauto","Tss. 2 best.: langs opzij (voor-/achterkant-flank)","Geen hindernis"
"2091","2020","08","18",2020-08-01,2020-08-01 18:00:00,2024-01-02 18:00:00,"13049","Vlaams Gewest","Provincie Antwerpen","Westerlo",51.1182507660001,4.86838679600004,"Buiten Kruispunt","Normaal","Droog","buiten bebouwde kom","Dag","Gewestweg","Met doden","personenauto","Fiets","Tss. 2 best.: langs opzij (voor-/achterkant-flank)","Geen hindernis"
"2092","2020","09","02",2020-09-01,2020-09-01 02:00:00,2024-01-02 02:00:00,"13008","Vlaams Gewest","Provincie Antwerpen","Geel",51.212504202,4.97702328100007,"Op Kruispunt","Normaal","Droog","buiten bebouwde kom","Nacht, openbare verlichting aanwezig en ontstoken","Gewestweg","Met doden","onbekend","onbekend","Geen vermelding van de type aanrijding","Geen vermelding van de type aanrijding"
"2093","2020","08","10",2020-08-01,2020-08-01 10:00:00,2024-01-02 10:00:00,"13036","Vlaams Gewest","Provincie Antwerpen","Retie",51.2565797130001,5.09992780500005,"Buiten Kruispunt","Normaal","Droog","buiten bebouwde kom","Dag","Gewestweg","dodelijk gewonden","personenauto","een weggebruiker tegen een hindernis","Weggebruiker tegen hindernis buiten rijbaan","Buiten de rijbaan: Boom"
"2094","2020","08","18",2020-08-01,2020-08-01 18:00:00,2024-01-02 18:00:00,"13003","Vlaams Gewest","Provincie Antwerpen","Balen",51.181806077,5.18404163600008,"Buiten Kruispunt","Normaal","Droog","buiten bebouwde kom","Dag","Gemeenteweg","Met doden","personenauto","Fiets","Tss. 2 best.: langs opzij (voor-/achterkant-flank)","Geen hindernis"
"2095","2020","08","08",2020-08-01,2020-08-01 08:00:00,2024-01-02 08:00:00,"13025","Vlaams Gewest","Provincie Antwerpen","Mol",51.1977636840001,5.12789418700004,"Buiten Kruispunt","Normaal","Droog","binnen bebouwde kom","Dag","Gewestweg","dodelijk gewonden","Fiets","een weggebruiker tegen een hindernis","Weggebruiker tegen hindernis buiten rijbaan","Andere hindernis"
"2096","2020","09","21",2020-09-01,2020-09-01 21:00:00,2024-01-02 21:00:00,"71004","Vlaams Gewest","Provincie Limburg","Beringen",51.0440545500001,5.21994864300007,"Buiten Kruispunt","Onbekend","Droog","buiten bebouwde kom","Onbekend","Gewestweg","Met doden","Fiets","één bestuurder, geen hindernis","Eén bestuurder, geen hindernis (incl. val)","Geen hindernis"
"2097","2020","09","11",2020-09-01,2020-09-01 11:00:00,2024-01-02 11:00:00,"71070","Vlaams Gewest","Provincie Limburg","Heusden-Zolder",51.0372819020001,5.33099314300006,"Op Kruispunt","Normaal","Droog","binnen bebouwde kom","Dag","Gewestweg","Met doden","personenauto","personenauto","Tss. 2 best.: langs opzij (voor-/achterkant-flank)","Geen hindernis"
"2098","2020","09","15",2020-09-01,2020-09-01 15:00:00,2024-01-02 15:00:00,"73022","Vlaams Gewest","Provincie Limburg","Heers",50.7562234860001,5.30437669300005,"Buiten Kruispunt","Normaal","Droog","buiten bebouwde kom","Dag","Gewestweg","dodelijk gewonden","personenauto","Fiets","Tss. 2 best.: langs opzij (voor-/achterkant-flank)","Geen hindernis"
"2099","2020","09","07",2020-09-01,2020-09-01 07:00:00,2024-01-02 07:00:00,"72041","Vlaams Gewest","Provincie Limburg","Dilsen-Stokkem",51.0515522420001,5.71767370600003,"Buiten Kruispunt","Normaal","Droog","buiten bebouwde kom","Dageraad - schemering","Gemeenteweg","dodelijk gewonden","Lichte vrachtauto","Fiets","Tussen 2 bestuurders: Langs achteren","Geen hindernis"
"2100","2020","08","08",2020-08-01,2020-08-01 08:00:00,2024-01-02 08:00:00,"24001","Vlaams Gewest","Provincie Vlaams-Brabant","Aarschot",51.0209740760001,4.92431322000004,"Op Kruispunt","Normaal","Proper","buiten bebouwde kom","Dag","Gemeenteweg","Met doden","Lichte vrachtauto","personenauto","Tussen 2 bestuurders: Flank tegen flank","Geen hindernis"
"2101","2020","09","18",2020-09-01,2020-09-01 18:00:00,2024-01-02 18:00:00,"23094","Vlaams Gewest","Provincie Vlaams-Brabant","Zaventem",50.8755403760001,4.48896631600007,"Buiten Kruispunt","Normaal","Proper","buiten bebouwde kom","Dageraad - schemering","Gewestweg","dodelijk gewonden","onbekend","onbekend","Andere of onbekend","Geen vermelding van de aanwezigheid van een hindernis"
"2102","2020","09","12",2020-09-01,2020-09-01 12:00:00,2024-01-02 12:00:00,"23101","Vlaams Gewest","Provincie Vlaams-Brabant","Sint-Genesius-Rode",50.7349440130001,4.32622576000006,"Buiten Kruispunt","Normaal","Droog","binnen bebouwde kom","Dag","Gemeenteweg","dodelijk gewonden","personenauto","Fiets","Tss. 2 best.: langs opzij (voor-/achterkant-flank)","Geen hindernis"
"2103","2020","08","03",2020-08-01,2020-08-01 03:00:00,2024-01-02 03:00:00,"23104","Vlaams Gewest","Provincie Vlaams-Brabant","Lennik",50.8390692950001,4.14653430300007,"Buiten Kruispunt","Normaal","Droog","buiten bebouwde kom","Nacht, openbare verlichting aanwezig en ontstoken","Gewestweg","Met doden","personenauto","een weggebruiker tegen een hindernis","Weggebruiker tegen hindernis buiten rijbaan","Buiten de rijbaan: Boom"
"2104","2020","09","16",2020-09-01,2020-09-01 16:00:00,2024-01-02 16:00:00,"23002","Vlaams Gewest","Provincie Vlaams-Brabant","Asse",NA,NA,"Buiten Kruispunt","Normaal","Droog","onbekend","Dag","Gemeenteweg","Met doden","Motorfiets","Motorfiets","Tussen 2 bestuurders: Frontale botsing","Geen hindernis"
"2105","2020","10","21",2020-10-01,2020-10-01 21:00:00,2024-01-02 21:00:00,"23088","Vlaams Gewest","Provincie Vlaams-Brabant","Vilvoorde",50.9266617000001,4.41663769100006,"Buiten Kruispunt","Regenval","Nat, plassen","buiten bebouwde kom","Nacht, geen openbare verlichting aanwezig","Gemeenteweg","Met doden","personenauto","één bestuurder, geen hindernis","Eén bestuurder, geen hindernis (incl. val)","Geen hindernis"
"2106","2020","09","12",2020-09-01,2020-09-01 12:00:00,2024-01-02 12:00:00,"44021","Vlaams Gewest","Provincie Oost-Vlaanderen","Gent",51.03322401,3.72061365800005,"Op Kruispunt","Normaal","Droog","binnen bebouwde kom","Dag","Gewestweg","dodelijk gewonden","personenauto","Voetganger","Met een voetganger","Geen hindernis"
"2107","2020","09","05",2020-09-01,2020-09-01 05:00:00,2024-01-02 05:00:00,"44021","Vlaams Gewest","Provincie Oost-Vlaanderen","Gent",51.0370890310001,3.60294949700005,"Buiten Kruispunt","Normaal","Nat, plassen","binnen bebouwde kom","Nacht, openbare verlichting aanwezig en ontstoken","Gemeenteweg","Met doden","personenauto","een weggebruiker tegen een hindernis","Weggebruiker tegen hindernis buiten rijbaan","Buiten de rijbaan: Boom"
"2108","2020","09","18",2020-09-01,2020-09-01 18:00:00,2024-01-02 18:00:00,"44052","Vlaams Gewest","Provincie Oost-Vlaanderen","Oosterzele",50.919796922,3.80284571700003,"Buiten Kruispunt","Normaal","Droog","binnen bebouwde kom","Nacht, geen openbare verlichting aanwezig","Gemeenteweg","dodelijk gewonden","Fiets","één bestuurder, geen hindernis","Eén bestuurder, geen hindernis (incl. val)","Geen hindernis"
"2109","2020","09","17",2020-09-01,2020-09-01 17:00:00,2024-01-02 17:00:00,"43002","Vlaams Gewest","Provincie Oost-Vlaanderen","Assenede",51.214087825,3.72522175500006,"Buiten Kruispunt","Normaal","Droog","buiten bebouwde kom","Dag","Gemeenteweg","Met doden","Motorfiets","één bestuurder, geen hindernis","Eén bestuurder, geen hindernis (incl. val)","Geen hindernis"
"2110","2020","08","14",2020-08-01,2020-08-01 14:00:00,2024-01-02 14:00:00,"45064","Vlaams Gewest","Provincie Oost-Vlaanderen","Maarkedal",50.813959143,3.63860628100002,"Buiten Kruispunt","Normaal","Droog","buiten bebouwde kom","Dag","Gemeenteweg","Met doden","Fiets","één bestuurder, geen hindernis","Eén bestuurder, geen hindernis (incl. val)","Geen hindernis"
"2111","2020","08","12",2020-08-01,2020-08-01 12:00:00,2024-01-02 12:00:00,"46014","Vlaams Gewest","Provincie Oost-Vlaanderen","Lokeren",51.1533463100001,3.98270895800005,"Buiten Kruispunt","Normaal","Droog","buiten bebouwde kom","Dag","Gemeenteweg","Met doden","Vrachtwagen","een weggebruiker tegen een hindernis","Weggebruiker tegen hindernis buiten rijbaan","Buiten de rijbaan: Gracht"
"2112","2020","09","10",2020-09-01,2020-09-01 10:00:00,2024-01-02 10:00:00,"46014","Vlaams Gewest","Provincie Oost-Vlaanderen","Lokeren",51.10849361,3.97291139500004,"Buiten Kruispunt","Normaal","Droog","binnen bebouwde kom","Dag","Gemeenteweg","dodelijk gewonden","Fiets","Fiets","Tussen 2 bestuurders: Flank tegen flank","Geen hindernis"
"2113","2020","09","19",2020-09-01,2020-09-01 19:00:00,2024-01-02 19:00:00,"42006","Vlaams Gewest","Provincie Oost-Vlaanderen","Dendermonde",50.990203497,4.00437385900005,"Buiten Kruispunt","Normaal","Droog","binnen bebouwde kom","Dag","Gemeenteweg","Met doden","Motorfiets","één bestuurder, geen hindernis","Eén bestuurder, geen hindernis (incl. val)","Geen hindernis"
"2114","2020","09","13",2020-09-01,2020-09-01 13:00:00,2024-01-02 13:00:00,"31004","Vlaams Gewest","Provincie West-Vlaanderen","Blankenberge",51.308739653,3.13689599100007,"Buiten Kruispunt","Normaal","Droog","binnen bebouwde kom","Dag","Gewestweg","dodelijk gewonden","onbekend","onbekend","Andere of onbekend","Geen vermelding van de aanwezigheid van een hindernis"
"2115","2020","09","14",2020-09-01,2020-09-01 14:00:00,2024-01-02 14:00:00,"37018","Vlaams Gewest","Provincie West-Vlaanderen","Wingene",51.035029943,3.21138107900003,"Buiten Kruispunt","Normaal","Droog","binnen bebouwde kom","Dag","Gemeenteweg","Met doden","Vrachtwagen","Fiets","Tussen 2 bestuurders: Langs achteren","Geen hindernis"
"2116","2020","09","15",2020-09-01,2020-09-01 15:00:00,2024-01-02 15:00:00,"35013","Vlaams Gewest","Provincie West-Vlaanderen","Oostende",51.2135871300001,2.89756579500005,"Op Kruispunt","Normaal","Droog","binnen bebouwde kom","Dag","Gemeenteweg","dodelijk gewonden","onbekend","onbekend","Geen vermelding van de type aanrijding","Geen vermelding van de type aanrijding"
"2117","2020","09","14",2020-09-01,2020-09-01 14:00:00,2024-01-02 14:00:00,"35011","Vlaams Gewest","Provincie West-Vlaanderen","Middelkerke",51.161698039,2.80570697000007,"Buiten Kruispunt","Normaal","Droog","buiten bebouwde kom","Dag","Gemeenteweg","dodelijk gewonden","Andere weggebruiker","Fiets","Tussen 2 bestuurders: Frontale botsing","Geen hindernis"
"2118","2020","09","17",2020-09-01,2020-09-01 17:00:00,2024-01-02 17:00:00,"36015","Vlaams Gewest","Provincie West-Vlaanderen","Roeselare",50.9056662830001,3.11449464600003,"Buiten Kruispunt","Normaal","Droog","buiten bebouwde kom","Dag","Gewestweg","dodelijk gewonden","personenauto","Voetganger","Met een voetganger","Geen hindernis"
"2119","2020","08","07",2020-08-01,2020-08-01 07:00:00,2024-01-02 07:00:00,"36006","Vlaams Gewest","Provincie West-Vlaanderen","Hooglede",51.0074768970001,3.07655148300006,"Op Kruispunt","Normaal","Droog","buiten bebouwde kom","Dag","Gemeenteweg","dodelijk gewonden","Fiets","personenauto","Tss. 2 best.: langs opzij (voor-/achterkant-flank)","Geen hindernis"
"2120","2020","09","15",2020-09-01,2020-09-01 15:00:00,2024-01-02 15:00:00,"36015","Vlaams Gewest","Provincie West-Vlaanderen","Roeselare",50.966279985,3.12031817200005,"Op Kruispunt","Normaal","Droog","binnen bebouwde kom","Dag","Gewestweg","dodelijk gewonden","Fiets","personenauto","Tussen 2 bestuurders: Flank tegen flank","Geen hindernis"
"2121","2020","09","17",2020-09-01,2020-09-01 17:00:00,2024-01-02 17:00:00,"37002","Vlaams Gewest","Provincie West-Vlaanderen","Dentergem",50.962669815,3.41731901000003,"Buiten Kruispunt","Normaal","Droog","binnen bebouwde kom","Dag","Gemeenteweg","Met doden","Lichte vrachtauto","Fiets","Tss. 2 best.: langs opzij (voor-/achterkant-flank)","Geen hindernis"
"2122","2020","09","19",2020-09-01,2020-09-01 19:00:00,2024-01-02 19:00:00,"37017","Vlaams Gewest","Provincie West-Vlaanderen","Wielsbeke",50.8923964470001,3.33768890200002,"Op Kruispunt","Normaal","Droog","binnen bebouwde kom","Dag","Gemeenteweg","Met doden","personenauto","Fiets","Tss. 2 best.: langs opzij (voor-/achterkant-flank)","Geen hindernis"
"2123","2020","09","08",2020-09-01,2020-09-01 08:00:00,2024-01-02 08:00:00,"34042","Vlaams Gewest","Provincie West-Vlaanderen","Zwevegem",50.814811408,3.33761040700006,"Op Kruispunt","Normaal","Droog","binnen bebouwde kom","Dag","Gemeenteweg","Met doden","Fiets","Fiets","Tussen 2 bestuurders: Flank tegen flank","Geen hindernis"
"2124","2020","08","02",2020-08-01,2020-08-01 02:00:00,2024-01-02 02:00:00,"34042","Vlaams Gewest","Provincie West-Vlaanderen","Zwevegem",50.792971052,3.37243258200004,"Buiten Kruispunt","Mist (zichtbaarheid minder dan 100m)","Droog","buiten bebouwde kom","Nacht, openb. verlicht. aanw., maar niet ontstoken","Gewestweg","Met doden","personenauto","een weggebruiker tegen een hindernis","Weggebruiker tegen hindernis buiten rijbaan","Buiten de rijbaan: Boom"
"2125","2020","09","09",2020-09-01,2020-09-01 09:00:00,2024-01-02 09:00:00,"34013","Vlaams Gewest","Provincie West-Vlaanderen","Harelbeke",50.881602263,3.31290798900005,"Buiten Kruispunt","Normaal","Droog","binnen bebouwde kom","Dag","Gemeenteweg","Met doden","Fiets","personenauto","Tss. 2 best.: langs opzij (voor-/achterkant-flank)","Geen hindernis"