"","DT_YEAR_COLLISION","DT_MONTH_COLLISION","DT_TIME","YEAR_MONTH_DAY","YEAR_MONTH_DAY_HOUR","TIME_DT","CD_NIS","TX_RGN_COLLISION_NL","TX_PROV_COLLISION_NL","TX_MUNTY_COLLISION_NL","LAT_WGS84","LONG_WGS84","TX_CROSSWAY_NL","TX_WEATHER_NL","TX_ROAD_CONDITION_NL","TX_BUILD_UP_AREA_NL","TX_LIGHT_CONDITION_NL","CD_ROAD_TYPE_NL","TX_CLASS_ACCIDENTS_NL","TX_ROAD_USR_TYPE1_NL","TX_ROAD_USR_TYPE2_NL","TX_COLLISION_TYPE_NL","TX_OBSTACLES_NL"
"2126","2020","09","11",2020-09-01,2020-09-01 11:00:00,2024-01-02 11:00:00,"33011","Vlaams Gewest","Provincie West-Vlaanderen","Ieper",50.8775694540001,2.92391707900003,"Op Kruispunt","Normaal","Droog","buiten bebouwde kom","Dag","Gewestweg","dodelijk gewonden","Vrachtwagen","Fiets","Tss. 2 best.: langs opzij (voor-/achterkant-flank)","Geen hindernis"
"2127","2020","08","15",2020-08-01,2020-08-01 15:00:00,2024-01-02 15:00:00,"73042","Vlaams Gewest","Provincie Limburg","Lanaken",50.9004576580001,5.65657685500003,"Op Kruispunt","Normaal","Droog","binnen bebouwde kom","Dag","Gemeenteweg","Met doden","Vrachtwagen","Fiets","Tussen 2 bestuurders: Flank tegen flank","Geen hindernis"
"2128","2020","08","13",2020-08-01,2020-08-01 13:00:00,2024-01-02 13:00:00,"31005","Vlaams Gewest","Provincie West-Vlaanderen","Brugge",NA,NA,"Buiten Kruispunt","Normaal","Droog","buiten bebouwde kom","Dag","Gemeenteweg","Met doden","personenauto","Motorfiets","Tussen 2 bestuurders: Frontale botsing","Geen hindernis"
"2129","2020","08","13",2020-08-01,2020-08-01 13:00:00,2024-01-02 13:00:00,"46003","Vlaams Gewest","Provincie Oost-Vlaanderen","Beveren (Sint-Niklaas)",51.219567479,4.19969580600002,"Buiten Kruispunt","Normaal","Droog","binnen bebouwde kom","Dag","Gemeenteweg","dodelijk gewonden","Vrachtwagen","Voetganger","Met een voetganger","Geen hindernis"
"2130","2020","08","10",2020-08-01,2020-08-01 10:00:00,2024-01-02 10:00:00,"71066","Vlaams Gewest","Provincie Limburg","Zonhoven",50.990581191,5.34689671800004,"Buiten Kruispunt","Normaal","Droog","buiten bebouwde kom","Dag","Gewestweg","Met doden","onbekend","onbekend","Andere of onbekend","Geen vermelding van de aanwezigheid van een hindernis"
"2131","2020","09","23",2020-09-01,2020-09-01 23:00:00,2024-01-02 23:00:00,"71011","Vlaams Gewest","Provincie Limburg","Diepenbeek",NA,NA,"Buiten Kruispunt","Normaal","Droog","buiten bebouwde kom","Nacht, openb. verlicht. aanw., maar niet ontstoken","Gewestweg","Met doden","personenauto","een weggebruiker tegen een hindernis","Weggebruiker tegen hindernis op de rijbaan","Op de rijbaan: Werken (signal., aarde, toestel,…)"
"2132","2020","09","10",2020-09-01,2020-09-01 10:00:00,2024-01-02 10:00:00,"72039","Vlaams Gewest","Provincie Limburg","Houthalen-Helchteren",NA,NA,"Buiten Kruispunt","Normaal","Droog","buiten bebouwde kom","Dag","Gemeenteweg","Met doden","personenauto","een weggebruiker tegen een hindernis","Weggebruiker tegen hindernis buiten rijbaan","Buiten de rijbaan: Boom"
"2133","2020","09","13",2020-09-01,2020-09-01 13:00:00,2024-01-02 13:00:00,"72004","Vlaams Gewest","Provincie Limburg","Bree",NA,NA,"Buiten Kruispunt","Normaal","Droog","buiten bebouwde kom","Dag","Gewestweg","dodelijk gewonden","Fiets","een weggebruiker tegen een hindernis","Weggebruiker tegen hindernis op de rijbaan","Op de rijbaan: Werken (signal., aarde, toestel,…)"
"2134","2020","08","02",2020-08-01,2020-08-01 02:00:00,2024-01-02 02:00:00,"71016","Vlaams Gewest","Provincie Limburg","Genk",50.981723227,5.47226295700005,"Buiten Kruispunt","Normaal","Droog","buiten bebouwde kom","Nacht, openbare verlichting aanwezig en ontstoken","Gemeenteweg","Met doden","personenauto","een weggebruiker tegen een hindernis","Weggebruiker tegen hindernis buiten rijbaan","Andere hindernis"
"2135","2020","09","13",2020-09-01,2020-09-01 13:00:00,2024-01-02 13:00:00,"24107","Vlaams Gewest","Provincie Vlaams-Brabant","Tienen",50.8093790180001,4.94802182000006,"Op Kruispunt","Normaal","Droog","binnen bebouwde kom","Dag","Gewestweg","dodelijk gewonden","personenauto","Fiets","Tss. 2 best.: langs opzij (voor-/achterkant-flank)","Geen hindernis"
"2136","2020","10","17",2020-10-01,2020-10-01 17:00:00,2024-01-02 17:00:00,"61003","Waals Gewest","Provincie Luik","Amay",50.5455829970001,5.31293393300007,"Buiten Kruispunt","Normaal","Nat, plassen","binnen bebouwde kom","Dageraad - schemering","Gewestweg","Met doden","personenauto","personenauto","Tussen 2 bestuurders: Frontale botsing","Geen hindernis"
"2137","2020","11","15",2020-11-01,2020-11-01 15:00:00,2024-01-02 15:00:00,"44013","Vlaams Gewest","Provincie Oost-Vlaanderen","Destelbergen",51.0510561730001,3.82558106800008,"Buiten Kruispunt","Normaal","Droog","buiten bebouwde kom","Dag","Autosnelweg","Met doden","Vrachtwagen","Vrachtwagen","Tussen 2 bestuurders: Langs achteren","Geen hindernis"
"2138","2020","10","11",2020-10-01,2020-10-01 11:00:00,2024-01-02 11:00:00,"23047","Vlaams Gewest","Provincie Vlaams-Brabant","Machelen (Halle-Vilvoorde)",50.9110111410001,4.45377529200005,"Buiten Kruispunt","Normaal","Droog","buiten bebouwde kom","Dag","Autosnelweg","Met doden","personenauto","Lichte vrachtauto","Tussen 2 bestuurders: Frontale botsing","Geen hindernis"
"2139","2020","11","20",2020-11-01,2020-11-01 20:00:00,2024-01-02 20:00:00,"24059","Vlaams Gewest","Provincie Vlaams-Brabant","Landen",50.7122237830001,5.08458194900004,"Buiten Kruispunt","Normaal","Droog","buiten bebouwde kom","Nacht, openbare verlichting aanwezig en ontstoken","Autosnelweg","Met doden","personenauto","een weggebruiker tegen een hindernis","Weggebruiker tegen hindernis buiten rijbaan","Buiten de rijbaan: Andere paal"
"2140","2020","10","16",2020-10-01,2020-10-01 16:00:00,2024-01-02 16:00:00,"53053","Waals Gewest","Provincie Henegouwen","Bergen",50.4722137100001,3.93517687000002,"Buiten Kruispunt","Normaal","Droog+Proper","buiten bebouwde kom","Dag","Autosnelweg","Met doden","personenauto","een weggebruiker tegen een hindernis","Weggebruiker tegen hindernis buiten rijbaan","Buiten de rijbaan: Muur gebouw"
"2141","2020","10","19",2020-10-01,2020-10-01 19:00:00,2024-01-02 19:00:00,"62118","Waals Gewest","Provincie Luik","Grâce-Hollogne",50.6433092190001,5.47709140000006,"Buiten Kruispunt","Normaal","Droog+Proper","buiten bebouwde kom","Nacht, openbare verlichting aanwezig en ontstoken","Autosnelweg","Met doden","onbekend","onbekend","Geen vermelding van de type aanrijding","Geen vermelding van de type aanrijding"
"2142","2020","10","20",2020-10-01,2020-10-01 20:00:00,2024-01-02 20:00:00,"62011","Waals Gewest","Provincie Luik","Bitsingen",50.738651851,5.57720079000006,"Buiten Kruispunt","Normaal","Proper","buiten bebouwde kom","Nacht, openbare verlichting aanwezig en ontstoken","Autosnelweg","Met doden","onbekend","onbekend","Geen vermelding van de type aanrijding","Geen vermelding van de type aanrijding"
"2143","2020","10","02",2020-10-01,2020-10-01 02:00:00,2024-01-02 02:00:00,"62118","Waals Gewest","Provincie Luik","Grâce-Hollogne",50.6505601710001,5.47952198700006,"Buiten Kruispunt","Normaal","Droog","buiten bebouwde kom","Nacht, openbare verlichting aanwezig en ontstoken","Autosnelweg","dodelijk gewonden","personenauto","personenauto","Tussen 2 bestuurders: Langs achteren","Geen hindernis"
"2144","2020","10","09",2020-10-01,2020-10-01 09:00:00,2024-01-02 09:00:00,"63061","Waals Gewest","Provincie Luik","Raeren",50.6984099210001,6.07785519300006,"Buiten Kruispunt","Onbekend","Onbekend","buiten bebouwde kom","Dag","Autosnelweg","Met doden","Voetganger","Vrachtwagen","Met een voetganger","Geen hindernis"
"2145","2020","10","18",2020-10-01,2020-10-01 18:00:00,2024-01-02 18:00:00,"61072","Waals Gewest","Provincie Luik","Wanze",50.567013725,5.17636938200008,"Buiten Kruispunt","Normaal","Droog+Proper","buiten bebouwde kom","Dag","Autosnelweg","Met doden","personenauto","personenauto","Kettingbotsing (3 bestuurders of meer)","Geen hindernis"
"2146","2020","10","22",2020-10-01,2020-10-01 22:00:00,2024-01-02 22:00:00,"83049","Waals Gewest","Provincie Luxemburg","Tenneville",50.1020630900001,5.47861595900002,"Buiten Kruispunt","Normaal","Nat, plassen","buiten bebouwde kom","Nacht, openbare verlichting aanwezig en ontstoken","Gewestweg","Met doden","personenauto","een weggebruiker tegen een hindernis","Weggebruiker tegen hindernis buiten rijbaan","Buiten de rijbaan: Vangrails overschreden"
"2147","2020","10","12",2020-10-01,2020-10-01 12:00:00,2024-01-02 12:00:00,"25110","Waals Gewest","Provincie Waals-Brabant","Waterloo",50.708454284,4.40137298100006,"Buiten Kruispunt","Normaal","Proper","binnen bebouwde kom","Dag","Gewestweg","dodelijk gewonden","personenauto","Voetganger","Met een voetganger","Geen hindernis"
"2148","2020","10","16",2020-10-01,2020-10-01 16:00:00,2024-01-02 16:00:00,"62096","Waals Gewest","Provincie Luik","Seraing",NA,NA,"Buiten Kruispunt","Normaal","Droog+Proper","binnen bebouwde kom","Dag","Gewestweg","dodelijk gewonden","Vrachtwagen","Voetganger","Met een voetganger","Geen hindernis"
"2149","2020","10","15",2020-10-01,2020-10-01 15:00:00,2024-01-02 15:00:00,"62032","Waals Gewest","Provincie Luik","Esneux",NA,NA,"Buiten Kruispunt","Normaal","Proper","binnen bebouwde kom","Dag","Gemeenteweg","Met doden","Fiets","één bestuurder, geen hindernis","Eén bestuurder, geen hindernis (incl. val)","Geen hindernis"
"2150","2020","10","15",2020-10-01,2020-10-01 15:00:00,2024-01-02 15:00:00,"85011","Waals Gewest","Provincie Luxemburg","Florenville",49.709168812,5.25893556500006,"Op Kruispunt","Normaal","Droog+Proper","buiten bebouwde kom","Dag","Gewestweg","Met doden","Motorfiets","personenauto","Tss. 2 best.: langs opzij (voor-/achterkant-flank)","Geen hindernis"
"2151","2020","10","14",2020-10-01,2020-10-01 14:00:00,2024-01-02 14:00:00,"92101","Waals Gewest","Provincie Namen","Profondeville",50.392290458,4.81419086200003,"Buiten Kruispunt","Normaal","Droog","binnen bebouwde kom","Dag","Gewestweg","Met doden","personenauto","Motorfiets","Tussen 2 bestuurders: Frontale botsing","Geen hindernis"
"2152","2020","10","21",2020-10-01,2020-10-01 21:00:00,2024-01-02 21:00:00,"57097","Waals Gewest","Provincie Henegouwen","Komen-Waasten",50.72943099,2.91252415800005,"Buiten Kruispunt","Normaal","Droog","buiten bebouwde kom","Nacht, geen openbare verlichting aanwezig","Gemeenteweg","Met doden","personenauto","Fiets","Tussen 2 bestuurders: Langs achteren","Geen hindernis"
"2153","2020","11","16",2020-11-01,2020-11-01 16:00:00,2024-01-02 16:00:00,"53053","Waals Gewest","Provincie Henegouwen","Bergen",NA,NA,"Buiten Kruispunt","Normaal","Nat, plassen","binnen bebouwde kom","Dag","Gemeenteweg","Met doden","personenauto","een weggebruiker tegen een hindernis","Weggebruiker tegen hindernis buiten rijbaan","Buiten de rijbaan: Muur gebouw"
"2154","2020","10","20",2020-10-01,2020-10-01 20:00:00,2024-01-02 20:00:00,"55040","Waals Gewest","Provincie Henegouwen","Zinnik",50.604511044,4.05809176400004,"Buiten Kruispunt","Normaal","Proper","buiten bebouwde kom","Nacht, geen openbare verlichting aanwezig","Gewestweg","Met doden","personenauto","personenauto","Kettingbotsing (3 bestuurders of meer)","Geen hindernis"
"2155","2020","10","12",2020-10-01,2020-10-01 12:00:00,2024-01-02 12:00:00,"11002","Vlaams Gewest","Provincie Antwerpen","Antwerpen",NA,NA,"Buiten Kruispunt","Normaal","Droog+Proper","binnen bebouwde kom","Dag","Gemeenteweg","dodelijk gewonden","Fiets","Lichte vrachtauto","Tss. 2 best.: langs opzij (voor-/achterkant-flank)","Geen hindernis"
"2156","2020","10","10",2020-10-01,2020-10-01 10:00:00,2024-01-02 10:00:00,"11002","Vlaams Gewest","Provincie Antwerpen","Antwerpen",51.2201840000001,4.37943741700008,"Buiten Kruispunt","Andere (dikke rook,...)","Droog","binnen bebouwde kom","Dag","Gewestweg","Met doden","Voetganger","Autobus","Met een voetganger","Geen hindernis"
"2157","2020","10","19",2020-10-01,2020-10-01 19:00:00,2024-01-02 19:00:00,"11002","Vlaams Gewest","Provincie Antwerpen","Antwerpen",51.2414532560001,4.43433306900005,"Op Kruispunt","Regenval","Nat, plassen","binnen bebouwde kom","Nacht, openbare verlichting aanwezig en ontstoken","Gewestweg","Met doden","Andere weggebruiker","Fiets","Tss. 2 best.: langs opzij (voor-/achterkant-flank)","Geen hindernis"
"2158","2020","10","20",2020-10-01,2020-10-01 20:00:00,2024-01-02 20:00:00,"11002","Vlaams Gewest","Provincie Antwerpen","Antwerpen",51.2442188420001,4.42071546000005,"Buiten Kruispunt","Normaal","Droog","buiten bebouwde kom","Nacht, openbare verlichting aanwezig en ontstoken","Gewestweg","dodelijk gewonden","onbekend","onbekend","Andere of onbekend","Geen vermelding van de aanwezigheid van een hindernis"
"2159","2020","10","13",2020-10-01,2020-10-01 13:00:00,2024-01-02 13:00:00,"11039","Vlaams Gewest","Provincie Antwerpen","Schilde",51.242639329,4.59126554600005,"Op Kruispunt","Normaal","Nat, plassen","binnen bebouwde kom","Dag","Gemeenteweg","dodelijk gewonden","personenauto","Fiets","Tss. 2 best.: langs opzij (voor-/achterkant-flank)","Geen hindernis"
"2160","2020","10","03",2020-10-01,2020-10-01 03:00:00,2024-01-02 03:00:00,"13019","Vlaams Gewest","Provincie Antwerpen","Lille",51.2619249320001,4.85993879500006,"Buiten Kruispunt","Regenval","Nat, plassen","binnen bebouwde kom","Nacht, openbare verlichting aanwezig en ontstoken","Gewestweg","dodelijk gewonden","personenauto","een weggebruiker tegen een hindernis","Weggebruiker tegen hindernis buiten rijbaan","Buiten de rijbaan: Boom"
"2161","2020","10","20",2020-10-01,2020-10-01 20:00:00,2024-01-02 20:00:00,"43002","Vlaams Gewest","Provincie Oost-Vlaanderen","Assenede",NA,NA,"Buiten Kruispunt","Normaal","Nat, plassen","buiten bebouwde kom","Nacht, geen openbare verlichting aanwezig","Gemeenteweg","Met doden","personenauto","één bestuurder, geen hindernis","Eén bestuurder, geen hindernis (incl. val)","Geen hindernis"
"2162","2020","10","16",2020-10-01,2020-10-01 16:00:00,2024-01-02 16:00:00,"43010","Vlaams Gewest","Provincie Oost-Vlaanderen","Maldegem",51.1935407830001,3.45374385500003,"Op Kruispunt","Normaal","Droog","buiten bebouwde kom","Dag","Gewestweg","dodelijk gewonden","personenauto","Fiets","Tss. 2 best.: langs opzij (voor-/achterkant-flank)","Geen hindernis"
"2163","2020","10","17",2020-10-01,2020-10-01 17:00:00,2024-01-02 17:00:00,"45065","Vlaams Gewest","Provincie Oost-Vlaanderen","Zwalm",50.8611329890001,3.75875221700005,"Op Kruispunt","Normaal","Droog","buiten bebouwde kom","Dag","Gewestweg","Met doden","personenauto","Motorfiets","Tussen 2 bestuurders: Frontale botsing","Geen hindernis"
"2164","2020","10","09",2020-10-01,2020-10-01 09:00:00,2024-01-02 09:00:00,"46021","Vlaams Gewest","Provincie Oost-Vlaanderen","Sint-Niklaas (Sint-Niklaas)",51.1677635940001,4.13244178900004,"Op Kruispunt","Normaal","Droog","binnen bebouwde kom","Dag","Gewestweg","Met doden","Vrachtwagen","Fiets","Tussen 2 bestuurders: Flank tegen flank","Geen hindernis"
"2165","2020","10","18",2020-10-01,2020-10-01 18:00:00,2024-01-02 18:00:00,"31022","Vlaams Gewest","Provincie West-Vlaanderen","Oostkamp",51.0841045230001,3.22396279000003,"Buiten Kruispunt","Regenval","Nat, plassen","buiten bebouwde kom","Nacht, openbare verlichting aanwezig en ontstoken","Gewestweg","Met doden","personenauto","personenauto","Tussen 2 bestuurders: Flank tegen flank","Geen hindernis"
"2166","2020","10","10",2020-10-01,2020-10-01 10:00:00,2024-01-02 10:00:00,"35013","Vlaams Gewest","Provincie West-Vlaanderen","Oostende",NA,NA,"Buiten Kruispunt","Normaal","Droog","buiten bebouwde kom","Dag","Gemeenteweg","Met doden","Fiets","personenauto","Tss. 2 best.: langs opzij (voor-/achterkant-flank)","Geen hindernis"
"2167","2020","11","15",2020-11-01,2020-11-01 15:00:00,2024-01-02 15:00:00,"33021","Vlaams Gewest","Provincie West-Vlaanderen","Poperinge",50.840905714,2.63965478100005,"Buiten Kruispunt","Normaal","Droog","buiten bebouwde kom","Dag","Gemeenteweg","Met doden","personenauto","een weggebruiker tegen een hindernis","Weggebruiker tegen hindernis buiten rijbaan","Buiten de rijbaan: Omheining"
"2168","2020","11","10",2020-11-01,2020-11-01 10:00:00,2024-01-02 10:00:00,"11009","Vlaams Gewest","Provincie Antwerpen","Brecht",51.3300362740001,4.60013396700003,"Buiten Kruispunt","Normaal","Droog","buiten bebouwde kom","Dag","Autosnelweg","Met doden","Lichte vrachtauto","Voetganger","Met een voetganger","Geen hindernis"
"2169","2020","11","03",2020-11-01,2020-11-01 03:00:00,2024-01-02 03:00:00,"13044","Vlaams Gewest","Provincie Antwerpen","Vorselaar",51.2442499950001,4.75816694200006,"Buiten Kruispunt","Normaal","Droog","buiten bebouwde kom","Nacht, openb. verlicht. aanw., maar niet ontstoken","Autosnelweg","Met doden","Vrachtwagen","Vrachtwagen","Tussen 2 bestuurders: Langs achteren","Geen hindernis"
"2170","2020","11","23",2020-11-01,2020-11-01 23:00:00,2024-01-02 23:00:00,"46013","Vlaams Gewest","Provincie Oost-Vlaanderen","Kruibeke",51.1835138770001,4.28756782000005,"Buiten Kruispunt","Normaal","Droog","buiten bebouwde kom","Nacht, openbare verlichting aanwezig en ontstoken","Autosnelweg","dodelijk gewonden","personenauto","personenauto","Tussen 2 bestuurders: Langs achteren","Geen hindernis"
"2171","2020","11","10",2020-11-01,2020-11-01 10:00:00,2024-01-02 10:00:00,"55086","Waals Gewest","Provincie Henegouwen","Manage",50.5091712700001,4.24846500500007,"Buiten Kruispunt","Normaal","Proper","buiten bebouwde kom","Dag","Gewestweg","Met doden","onbekend","onbekend","Andere of onbekend","Geen vermelding van de aanwezigheid van een hindernis"
"2172","2020","11","21",2020-11-01,2020-11-01 21:00:00,2024-01-02 21:00:00,"58001","Waals Gewest","Provincie Henegouwen","La Louvière",50.4534614790001,4.15381114100006,"Buiten Kruispunt","Regenval","Nat, plassen","buiten bebouwde kom","Nacht, openbare verlichting aanwezig en ontstoken","Gewestweg","dodelijk gewonden","personenauto","personenauto","Kettingbotsing (3 bestuurders of meer)","Geen hindernis"
"2173","2020","11","13",2020-11-01,2020-11-01 13:00:00,2024-01-02 13:00:00,"63035","Waals Gewest","Provincie Luik","Herve",NA,NA,"Buiten Kruispunt","Normaal","Proper","buiten bebouwde kom","Dag","Gewestweg","dodelijk gewonden","personenauto","één bestuurder, geen hindernis","Eén bestuurder, geen hindernis (incl. val)","Geen hindernis"
"2174","2020","11","17",2020-11-01,2020-11-01 17:00:00,2024-01-02 17:00:00,"63012","Waals Gewest","Provincie Luik","Büllingen",50.4365425220001,6.30055886200006,"Op Kruispunt","Regenval","Nat, plassen","binnen bebouwde kom","Dageraad - schemering","Gewestweg","dodelijk gewonden","personenauto","Voetganger","Met een voetganger","Geen hindernis"
"2175","2020","11","18",2020-11-01,2020-11-01 18:00:00,2024-01-02 18:00:00,"92094","Waals Gewest","Provincie Namen","Namen",NA,NA,"Buiten Kruispunt","Andere (dikke rook,...)","Proper","buiten bebouwde kom","Nacht, openbare verlichting aanwezig en ontstoken","Gewestweg","Met doden","Lichte vrachtauto","Voetganger","Met een voetganger","Geen hindernis"
"2176","2020","11","08",2020-11-01,2020-11-01 08:00:00,2024-01-02 08:00:00,"91005","Waals Gewest","Provincie Namen","Anhée",50.3399956050001,4.86031454300007,"Buiten Kruispunt","Regenval","Nat, plassen","buiten bebouwde kom","Dag","Gewestweg","Met doden","personenauto","personenauto","Tussen 2 bestuurders: Frontale botsing","Geen hindernis"
"2177","2020","11","15",2020-11-01,2020-11-01 15:00:00,2024-01-02 15:00:00,"57094","Waals Gewest","Provincie Henegouwen","Leuze-en-Hainaut",50.583484217,3.62262232000006,"Buiten Kruispunt","Normaal","Proper","binnen bebouwde kom","Dag","Gemeenteweg","Met doden","personenauto","Voetganger","Met een voetganger","Geen hindernis"
"2178","2020","11","09",2020-11-01,2020-11-01 09:00:00,2024-01-02 09:00:00,"57094","Waals Gewest","Provincie Henegouwen","Leuze-en-Hainaut",50.6000412490001,3.63068010000006,"Buiten Kruispunt","Normaal","Proper","binnen bebouwde kom","Dag","Gemeenteweg","Met doden","personenauto","Voetganger","Met een voetganger","Geen hindernis"
"2179","2020","11","20",2020-11-01,2020-11-01 20:00:00,2024-01-02 20:00:00,"55004","Waals Gewest","Provincie Henegouwen","’s Gravenbrakel",50.639991723,4.19479027900007,"Buiten Kruispunt","Normaal","Droog+Proper","buiten bebouwde kom","Nacht, openbare verlichting aanwezig en ontstoken","Gewestweg","Met doden","personenauto","personenauto","Tussen 2 bestuurders: Langs achteren","Geen hindernis"
"2180","2020","11","21",2020-11-01,2020-11-01 21:00:00,2024-01-02 21:00:00,"52011","Waals Gewest","Provincie Henegouwen","Charleroi",NA,NA,"Buiten Kruispunt","Normaal","Proper","binnen bebouwde kom","Nacht, openbare verlichting aanwezig en ontstoken","Gemeenteweg","Met doden","personenauto","een weggebruiker tegen een hindernis","Weggebruiker tegen hindernis op de rijbaan","Op de rijbaan: Put, straatgoot, tramspoor"
"2181","2020","11","12",2020-11-01,2020-11-01 12:00:00,2024-01-02 12:00:00,"11037","Vlaams Gewest","Provincie Antwerpen","Rumst",NA,NA,"Buiten Kruispunt","Normaal","Nat, plassen","binnen bebouwde kom","Dag","Gewestweg","Met doden","Motorfiets","een weggebruiker tegen een hindernis","Weggebruiker tegen hindernis buiten rijbaan","Buiten de rijbaan: Vangrails overschreden"
"2182","2020","11","08",2020-11-01,2020-11-01 08:00:00,2024-01-02 08:00:00,"11037","Vlaams Gewest","Provincie Antwerpen","Rumst",51.101023963,4.39849625800002,"Buiten Kruispunt","Normaal","Droog","binnen bebouwde kom","Dag","Gemeenteweg","dodelijk gewonden","personenauto","Voetganger","Met een voetganger","Geen hindernis"
"2183","2020","11","23",2020-11-01,2020-11-01 23:00:00,2024-01-02 23:00:00,"13036","Vlaams Gewest","Provincie Antwerpen","Retie",NA,NA,"Buiten Kruispunt","Onbekend","Droog","buiten bebouwde kom","Nacht, openbare verlichting aanwezig en ontstoken","Gewestweg","Met doden","personenauto","een weggebruiker tegen een hindernis","Weggebruiker tegen hindernis buiten rijbaan","Buiten de rijbaan: Gracht"
"2184","2020","11","10",2020-11-01,2020-11-01 10:00:00,2024-01-02 10:00:00,"13010","Vlaams Gewest","Provincie Antwerpen","Grobbendonk",51.1947708120001,4.73181481000006,"Buiten Kruispunt","Normaal","Droog","binnen bebouwde kom","Dag","Gemeenteweg","Met doden","personenauto","Fiets","Tussen 2 bestuurders: Langs achteren","Geen hindernis"
"2185","2020","11","15",2020-11-01,2020-11-01 15:00:00,2024-01-02 15:00:00,"72030","Vlaams Gewest","Provincie Limburg","Peer",51.1429399080001,5.45294887100005,"Op Kruispunt","Normaal","Droog","buiten bebouwde kom","Dag","Gewestweg","Met doden","Motorfiets","Fiets","Tss. 2 best.: langs opzij (voor-/achterkant-flank)","Geen hindernis"
"2186","2020","11","14",2020-11-01,2020-11-01 14:00:00,2024-01-02 14:00:00,"73083","Vlaams Gewest","Provincie Limburg","Tongeren",50.7516740980001,5.39854570500006,"Op Kruispunt","Normaal","Droog","buiten bebouwde kom","Dag","Gewestweg","Met doden","personenauto","personenauto","Tss. 2 best.: langs opzij (voor-/achterkant-flank)","Geen hindernis"
"2187","2020","11","14",2020-11-01,2020-11-01 14:00:00,2024-01-02 14:00:00,"24001","Vlaams Gewest","Provincie Vlaams-Brabant","Aarschot",50.976268921,4.82908074300002,"Buiten Kruispunt","Normaal","Droog","buiten bebouwde kom","Dag","Gemeenteweg","Met doden","Andere weggebruiker","één bestuurder, geen hindernis","Eén bestuurder, geen hindernis (incl. val)","Geen hindernis"
"2188","2020","11","10",2020-11-01,2020-11-01 10:00:00,2024-01-02 10:00:00,"46021","Vlaams Gewest","Provincie Oost-Vlaanderen","Sint-Niklaas (Sint-Niklaas)",51.150689035,4.08827729000006,"Op Kruispunt","Normaal","Droog","binnen bebouwde kom","Dag","Gemeenteweg","dodelijk gewonden","personenauto","Fiets","Tussen 2 bestuurders: Frontale botsing","Geen hindernis"
"2189","2020","11","17",2020-11-01,2020-11-01 17:00:00,2024-01-02 17:00:00,"41082","Vlaams Gewest","Provincie Oost-Vlaanderen","Erpe-Mere",50.9375603890001,3.97822091700004,"Buiten Kruispunt","Normaal","Droog","buiten bebouwde kom","Nacht, geen openbare verlichting aanwezig","Gewestweg","Met doden","personenauto","personenauto","Tussen 2 bestuurders: Frontale botsing","Geen hindernis"
"2190","2020","11","13",2020-11-01,2020-11-01 13:00:00,2024-01-02 13:00:00,"31043","Vlaams Gewest","Provincie West-Vlaanderen","Knokke-Heist",51.3599102380001,3.32156891500006,"Buiten Kruispunt","Normaal","Vuil (zand, grint, bladeren,...)","binnen bebouwde kom","Dag","Gemeenteweg","dodelijk gewonden","Fiets","één bestuurder, geen hindernis","Eén bestuurder, geen hindernis (incl. val)","Geen hindernis"
"2191","2020","11","18",2020-11-01,2020-11-01 18:00:00,2024-01-02 18:00:00,"35013","Vlaams Gewest","Provincie West-Vlaanderen","Oostende",51.2269095130001,2.90987650900007,"Buiten Kruispunt","Normaal","Droog","buiten bebouwde kom","Nacht, openbare verlichting aanwezig en ontstoken","Gewestweg","Met doden","personenauto","een weggebruiker tegen een hindernis","Weggebruiker tegen hindernis buiten rijbaan","Buiten de rijbaan: Omheining"
"2192","2020","11","14",2020-11-01,2020-11-01 14:00:00,2024-01-02 14:00:00,"35014","Vlaams Gewest","Provincie West-Vlaanderen","Oudenburg",51.1653102340001,3.01927091300007,"Buiten Kruispunt","Normaal","Nat, plassen","binnen bebouwde kom","Dag","Gewestweg","Met doden","Motorfiets","een weggebruiker tegen een hindernis","Weggebruiker tegen hindernis buiten rijbaan","Buiten de rijbaan: Muur gebouw"
"2193","2020","11","15",2020-11-01,2020-11-01 15:00:00,2024-01-02 15:00:00,"46003","Vlaams Gewest","Provincie Oost-Vlaanderen","Beveren (Sint-Niklaas)",NA,NA,"Op Kruispunt","Normaal","Droog","buiten bebouwde kom","Dag","Gemeenteweg","dodelijk gewonden","personenauto","Fiets","Tss. 2 best.: langs opzij (voor-/achterkant-flank)","Geen hindernis"
"2194","2020","11","13",2020-11-01,2020-11-01 13:00:00,2024-01-02 13:00:00,"72018","Vlaams Gewest","Provincie Limburg","Kinrooi",51.1458075570001,5.72117809400004,"Buiten Kruispunt","Normaal","Droog","buiten bebouwde kom","Dag","Gewestweg","Met doden","Motorfiets","personenauto","Tussen 2 bestuurders: Frontale botsing","Geen hindernis"