"","DT_YEAR_COLLISION","DT_MONTH_COLLISION","DT_TIME","YEAR_MONTH_DAY","YEAR_MONTH_DAY_HOUR","TIME_DT","CD_NIS","TX_RGN_COLLISION_NL","TX_PROV_COLLISION_NL","TX_MUNTY_COLLISION_NL","LAT_WGS84","LONG_WGS84","TX_CROSSWAY_NL","TX_WEATHER_NL","TX_ROAD_CONDITION_NL","TX_BUILD_UP_AREA_NL","TX_LIGHT_CONDITION_NL","CD_ROAD_TYPE_NL","TX_CLASS_ACCIDENTS_NL","TX_ROAD_USR_TYPE1_NL","TX_ROAD_USR_TYPE2_NL","TX_COLLISION_TYPE_NL","TX_OBSTACLES_NL"
"2195","2020","12","19",2020-12-01,2020-12-01 19:00:00,2024-01-02 19:00:00,"71066","Vlaams Gewest","Provincie Limburg","Zonhoven",51.0121452240001,5.36204880700006,"Buiten Kruispunt","Regenval","Nat, plassen","buiten bebouwde kom","Dageraad - schemering","Autosnelweg","Met doden","personenauto","Vrachtwagen","Tussen 2 bestuurders: Langs achteren","Geen hindernis"
"2196","2020","12","17",2020-12-01,2020-12-01 17:00:00,2024-01-02 17:00:00,"25124","Waals Gewest","Provincie Waals-Brabant","Walhain",50.6518280160001,4.69620656900003,"Buiten Kruispunt","Normaal","Proper","buiten bebouwde kom","Nacht, openbare verlichting aanwezig en ontstoken","Autosnelweg","Met doden","onbekend","onbekend","Geen vermelding van de type aanrijding","Geen vermelding van de type aanrijding"
"2197","2020","12","16",2020-12-01,2020-12-01 16:00:00,2024-01-02 16:00:00,"25044","Waals Gewest","Provincie Waals-Brabant","Itter",50.656671219,4.31037041900004,"Buiten Kruispunt","Normaal","Proper","buiten bebouwde kom","Dag","Autosnelweg","Met doden","Vrachtwagen","een weggebruiker tegen een hindernis","Weggebruiker tegen hindernis buiten rijbaan","Buiten de rijbaan: Andere paal"
"2198","2020","12","18",2020-12-01,2020-12-01 18:00:00,2024-01-02 18:00:00,"13008","Vlaams Gewest","Provincie Antwerpen","Geel",51.1687301860001,4.98920406300005,"Buiten Kruispunt","Normaal","Droog","binnen bebouwde kom","Nacht, openbare verlichting aanwezig en ontstoken","Gemeenteweg","Met doden","Voetganger","Andere weggebruiker","Met een voetganger","Geen hindernis"
"2199","2020","12","19",2020-12-01,2020-12-01 19:00:00,2024-01-02 19:00:00,"51004","Waals Gewest","Provincie Henegouwen","Aat",NA,NA,"Op Kruispunt","Normaal","Proper","binnen bebouwde kom","Nacht, openb. verlicht. aanw., maar niet ontstoken","Gemeenteweg","Met doden","onbekend","onbekend","Geen vermelding van de type aanrijding","Geen vermelding van de type aanrijding"
"2200","2020","12","22",2020-12-01,2020-12-01 22:00:00,2024-01-02 22:00:00,"92035","Waals Gewest","Provincie Namen","Eghezée",50.5617155630001,4.83391640400004,"Buiten Kruispunt","Normaal","Droog","buiten bebouwde kom","Nacht, openbare verlichting aanwezig en ontstoken","Autosnelweg","Met doden","personenauto","een weggebruiker tegen een hindernis","Weggebruiker tegen hindernis buiten rijbaan","Buiten de rijbaan: Muur gebouw"
"2201","2020","12","18",2020-12-01,2020-12-01 18:00:00,2024-01-02 18:00:00,"63061","Waals Gewest","Provincie Luik","Raeren",50.7010628290001,6.08357094900003,"Buiten Kruispunt","Normaal","Droog+Proper","buiten bebouwde kom","Nacht, openbare verlichting aanwezig en ontstoken","Autosnelweg","dodelijk gewonden","personenauto","een weggebruiker tegen een hindernis","Weggebruiker tegen hindernis buiten rijbaan","Buiten de rijbaan: Vangrails overschreden"
"2202","2020","12","11",2020-12-01,2020-12-01 11:00:00,2024-01-02 11:00:00,"25015","Waals Gewest","Provincie Waals-Brabant","Kasteelbrakel",50.688843273,4.32235505000006,"Op Kruispunt","Normaal","Nat, plassen","binnen bebouwde kom","Dag","Gemeenteweg","Met doden","Vrachtwagen","Motorfiets","Tss. 2 best.: langs opzij (voor-/achterkant-flank)","Geen hindernis"
"2203","2020","12","19",2020-12-01,2020-12-01 19:00:00,2024-01-02 19:00:00,"62063","Waals Gewest","Provincie Luik","Luik",50.6428146590001,5.65041204300007,"Buiten Kruispunt","Regenval","Nat, plassen","binnen bebouwde kom","Dag","Gemeenteweg","Met doden","Motorfiets","een weggebruiker tegen een hindernis","Weggebruiker tegen hindernis buiten rijbaan","Buiten de rijbaan: Andere paal"
"2204","2020","12","18",2020-12-01,2020-12-01 18:00:00,2024-01-02 18:00:00,"62011","Waals Gewest","Provincie Luik","Bitsingen",50.7672967670001,5.63726395900005,"Buiten Kruispunt","Regenval","Nat, plassen","binnen bebouwde kom","Nacht, openbare verlichting aanwezig en ontstoken","Gemeenteweg","dodelijk gewonden","personenauto","Voetganger","Met een voetganger","Geen hindernis"
"2205","2020","12","17",2020-12-01,2020-12-01 17:00:00,2024-01-02 17:00:00,"62006","Waals Gewest","Provincie Luik","Awans",50.6798381930001,5.47152841400003,"Buiten Kruispunt","Normaal","Proper","buiten bebouwde kom","Nacht, openbare verlichting aanwezig en ontstoken","Gemeenteweg","dodelijk gewonden","Voetganger","personenauto","Met een voetganger","Geen hindernis"
"2206","2020","12","15",2020-12-01,2020-12-01 15:00:00,2024-01-02 15:00:00,"61048","Waals Gewest","Provincie Luik","Ouffet",50.4550971850001,5.47447561700005,"Buiten Kruispunt","Regenval","Nat, plassen","buiten bebouwde kom","Dag","Gewestweg","Met doden","personenauto","een weggebruiker tegen een hindernis","Weggebruiker tegen hindernis buiten rijbaan","Buiten de rijbaan: Boom"
"2207","2020","12","06",2020-12-01,2020-12-01 06:00:00,2024-01-02 06:00:00,"84077","Waals Gewest","Provincie Luxemburg","Libramont-Chevigny",49.9018375480001,5.37519974100007,"Buiten Kruispunt","Regenval","Nat, plassen","buiten bebouwde kom","Dageraad - schemering","Gewestweg","Met doden","personenauto","personenauto","Tussen 2 bestuurders: Frontale botsing","Geen hindernis"
"2208","2020","12","21",2020-12-01,2020-12-01 21:00:00,2024-01-02 21:00:00,"92094","Waals Gewest","Provincie Namen","Namen",50.4537816110001,4.89368150900003,"Buiten Kruispunt","Regenval","Nat, plassen","buiten bebouwde kom","Nacht, openbare verlichting aanwezig en ontstoken","Gewestweg","Met doden","personenauto","een weggebruiker tegen een hindernis","Weggebruiker tegen hindernis buiten rijbaan","Buiten de rijbaan: Boom"
"2209","2020","12","16",2020-12-01,2020-12-01 16:00:00,2024-01-02 16:00:00,"92142","Waals Gewest","Provincie Namen","Gembloux",50.539989962,4.64752663500008,"Buiten Kruispunt","Normaal","Droog+Proper","buiten bebouwde kom","Dag","Gewestweg","Met doden","personenauto","personenauto","Tussen 2 bestuurders: Frontale botsing","Geen hindernis"
"2210","2020","12","17",2020-12-01,2020-12-01 17:00:00,2024-01-02 17:00:00,"92097","Waals Gewest","Provincie Namen","Ohey",50.438505966,5.12225186200004,"Buiten Kruispunt","Normaal","Proper","binnen bebouwde kom","Nacht, openb. verlicht. aanw., maar niet ontstoken","Gewestweg","Met doden","personenauto","Voetganger","Met een voetganger","Geen hindernis"
"2211","2020","12","20",2020-12-01,2020-12-01 20:00:00,2024-01-02 20:00:00,"92087","Waals Gewest","Provincie Namen","Mettet",50.2886815580001,4.72461445000005,"Buiten Kruispunt","Normaal","Proper","buiten bebouwde kom","Nacht, geen openbare verlichting aanwezig","Gewestweg","dodelijk gewonden","personenauto","personenauto","Tussen 2 bestuurders: Frontale botsing","Geen hindernis"
"2212","2020","12","10",2020-12-01,2020-12-01 10:00:00,2024-01-02 10:00:00,"91059","Waals Gewest","Provincie Namen","Hamois",NA,NA,"Buiten Kruispunt","Regenval","Nat, plassen","buiten bebouwde kom","Dag","Gemeenteweg","dodelijk gewonden","personenauto","een weggebruiker tegen een hindernis","Weggebruiker tegen hindernis buiten rijbaan","Buiten de rijbaan: Boom"
"2213","2020","12","10",2020-12-01,2020-12-01 10:00:00,2024-01-02 10:00:00,"57097","Waals Gewest","Provincie Henegouwen","Komen-Waasten",50.7708104230001,2.99777088400003,"Buiten Kruispunt","Normaal","Nat, plassen","binnen bebouwde kom","Dag","Gemeenteweg","dodelijk gewonden","onbekend","onbekend","Andere of onbekend","Geen vermelding van de aanwezigheid van een hindernis"
"2214","2020","12","18",2020-12-01,2020-12-01 18:00:00,2024-01-02 18:00:00,"51065","Waals Gewest","Provincie Henegouwen","Frasnes-lez-Anvaing",NA,NA,"Buiten Kruispunt","Normaal","Droog","buiten bebouwde kom","Nacht, geen openbare verlichting aanwezig","Gemeenteweg","Met doden","personenauto","een weggebruiker tegen een hindernis","Weggebruiker tegen hindernis buiten rijbaan","Buiten de rijbaan: Gracht"
"2215","2020","12","05",2020-12-01,2020-12-01 05:00:00,2024-01-02 05:00:00,"53068","Waals Gewest","Provincie Henegouwen","Quiévrain",50.3910115570001,3.69646093800003,"Buiten Kruispunt","Normaal","Nat, plassen","binnen bebouwde kom","Nacht, openbare verlichting aanwezig en ontstoken","Gemeenteweg","Met doden","personenauto","een weggebruiker tegen een hindernis","Weggebruiker tegen hindernis buiten rijbaan","Buiten de rijbaan: Verkeerseiland, middenberm"
"2216","2020","12","00",2020-12-01,2020-12-01 00:00:00,2024-01-02 00:00:00,"52011","Waals Gewest","Provincie Henegouwen","Charleroi",50.4090851290001,4.36537707500003,"Buiten Kruispunt","Regenval","Nat, plassen","binnen bebouwde kom","Nacht, openbare verlichting aanwezig en ontstoken","Gemeenteweg","Met doden","personenauto","een weggebruiker tegen een hindernis","Weggebruiker tegen hindernis buiten rijbaan","Buiten de rijbaan: Boom"
"2217","2020","12","17",2020-12-01,2020-12-01 17:00:00,2024-01-02 17:00:00,"56051","Waals Gewest","Provincie Henegouwen","Momignies",50.040793061,4.18497183400007,"Buiten Kruispunt","Regenval","Proper","buiten bebouwde kom","Dag","Gewestweg","Met doden","personenauto","een weggebruiker tegen een hindernis","Weggebruiker tegen hindernis buiten rijbaan","Buiten de rijbaan: Vangrails niet overgestoken"
"2218","2020","12","20",2020-12-01,2020-12-01 20:00:00,2024-01-02 20:00:00,"13008","Vlaams Gewest","Provincie Antwerpen","Geel",51.140565161,4.98081625800006,"Buiten Kruispunt","Onbekend","Droog","buiten bebouwde kom","Nacht, openbare verlichting aanwezig en ontstoken","Gemeenteweg","Met doden","personenauto","Lichte vrachtauto","Tussen 2 bestuurders: Frontale botsing","Geen hindernis"
"2219","2020","12","21",2020-12-01,2020-12-01 21:00:00,2024-01-02 21:00:00,"71034","Vlaams Gewest","Provincie Limburg","Leopoldsburg",51.1093898410001,5.23240195300002,"Buiten Kruispunt","Normaal","Droog","binnen bebouwde kom","Nacht, openbare verlichting aanwezig en ontstoken","Gewestweg","Met doden","personenauto","Voetganger","Met een voetganger","Geen hindernis"
"2220","2020","12","15",2020-12-01,2020-12-01 15:00:00,2024-01-02 15:00:00,"45041","Vlaams Gewest","Provincie Oost-Vlaanderen","Ronse",50.7532760980001,3.63259194300002,"Buiten Kruispunt","Normaal","Nat, plassen","buiten bebouwde kom","Dag","Gewestweg","Met doden","personenauto","personenauto","Tussen 2 bestuurders: Frontale botsing","Geen hindernis"
"2221","2020","12","18",2020-12-01,2020-12-01 18:00:00,2024-01-02 18:00:00,"46013","Vlaams Gewest","Provincie Oost-Vlaanderen","Kruibeke",51.176357088,4.31585454000003,"Buiten Kruispunt","Normaal","Droog","binnen bebouwde kom","Nacht, openbare verlichting aanwezig en ontstoken","Gewestweg","Met doden","Motorfiets","personenauto","Tussen 2 bestuurders: Langs achteren","Geen hindernis"
"2222","2020","12","15",2020-12-01,2020-12-01 15:00:00,2024-01-02 15:00:00,"46014","Vlaams Gewest","Provincie Oost-Vlaanderen","Lokeren",51.1022321200001,3.91465018000002,"Buiten Kruispunt","Normaal","Droog","buiten bebouwde kom","Dag","Gemeenteweg","Met doden","personenauto","Lichte vrachtauto","Tussen 2 bestuurders: Frontale botsing","Geen hindernis"
"2223","2020","12","15",2020-12-01,2020-12-01 15:00:00,2024-01-02 15:00:00,"31005","Vlaams Gewest","Provincie West-Vlaanderen","Brugge",51.270548535,3.26199449200004,"Op Kruispunt","Normaal","Droog","buiten bebouwde kom","Dag","Gemeenteweg","Met doden","Motorfiets","Fiets","Tss. 2 best.: langs opzij (voor-/achterkant-flank)","Geen hindernis"
"2224","2020","12","15",2020-12-01,2020-12-01 15:00:00,2024-01-02 15:00:00,"31043","Vlaams Gewest","Provincie West-Vlaanderen","Knokke-Heist",51.3414282790001,3.29621655300002,"Buiten Kruispunt","Normaal","Droog","binnen bebouwde kom","Dag","Gemeenteweg","dodelijk gewonden","Fiets","één bestuurder, geen hindernis","Eén bestuurder, geen hindernis (incl. val)","Geen hindernis"
"2225","2020","12","09",2020-12-01,2020-12-01 09:00:00,2024-01-02 09:00:00,"32006","Vlaams Gewest","Provincie West-Vlaanderen","Houthulst",50.9585807810001,2.92733508500004,"Buiten Kruispunt","Normaal","Droog","buiten bebouwde kom","Dag","Gemeenteweg","Met doden","Motorfiets","een weggebruiker tegen een hindernis","Weggebruiker tegen hindernis buiten rijbaan","Buiten de rijbaan: Boom"
"2226","2020","12","99",2020-12-01,NA,NA,"21006","Brussels Hoofdstedelijk Gewest",NA,"Evere",NA,NA,"onbekend","Onbekend","Onbekend","onbekend","Onbekend","onbekend","Met doden","onbekend","onbekend","Geen vermelding van de type aanrijding","Geen vermelding van de type aanrijding"
"2227","2021","01","15",2021-01-01,2021-01-01 15:00:00,2024-01-02 15:00:00,"11054","Vlaams Gewest","Provincie Antwerpen","Zandhoven",51.193716427,4.63681322200006,"Buiten Kruispunt","Normaal","Droog","buiten bebouwde kom","Dag","Autosnelweg","Met doden","personenauto","Vrachtwagen","Tussen 2 bestuurders: Langs achteren","Geen hindernis"
"2228","2021","01","16",2021-01-01,2021-01-01 16:00:00,2024-01-02 16:00:00,"11002","Vlaams Gewest","Provincie Antwerpen","Antwerpen",51.2732456890001,4.40443272800007,"Buiten Kruispunt","Normaal","Droog","buiten bebouwde kom","Dag","Autosnelweg","Met doden","Vrachtwagen","één bestuurder, geen hindernis","Eén bestuurder, geen hindernis (incl. val)","Geen hindernis"
"2229","2021","01","08",2021-01-01,2021-01-01 08:00:00,2024-01-02 08:00:00,"11002","Vlaams Gewest","Provincie Antwerpen","Antwerpen",51.2662563870001,4.44256874400003,"Buiten Kruispunt","Normaal","Droog","buiten bebouwde kom","Dag","Autosnelweg","Met doden","personenauto","Lichte vrachtauto","Tussen 2 bestuurders: Langs achteren","Geen hindernis"
"2230","2021","01","16",2021-01-01,2021-01-01 16:00:00,2024-01-02 16:00:00,"44045","Vlaams Gewest","Provincie Oost-Vlaanderen","Moerbeke (Gent)",NA,NA,"Buiten Kruispunt","Normaal","Droog","buiten bebouwde kom","Dag","Autosnelweg","Met doden","Lichte vrachtauto","een weggebruiker tegen een hindernis","Weggebruiker tegen hindernis buiten rijbaan","Buiten de rijbaan: Boom"
"2231","2021","01","10",2021-01-01,2021-01-01 10:00:00,2024-01-02 10:00:00,"46013","Vlaams Gewest","Provincie Oost-Vlaanderen","Kruibeke",51.171487261,4.25738787100005,"Buiten Kruispunt","Normaal","Nat, plassen","buiten bebouwde kom","Dag","Autosnelweg","Met doden","Vrachtwagen","Vrachtwagen","Tussen 2 bestuurders: Langs achteren","Geen hindernis"
"2232","2021","01","11",2021-01-01,2021-01-01 11:00:00,2024-01-02 11:00:00,"24055","Vlaams Gewest","Provincie Vlaams-Brabant","Kortenberg",50.8694484690001,4.53098734800005,"Buiten Kruispunt","Normaal","Droog","buiten bebouwde kom","Dag","Autosnelweg","Met doden","personenauto","personenauto","Tussen 2 bestuurders: Langs achteren","Geen hindernis"
"2233","2021","01","01",2021-01-01,2021-01-01 01:00:00,2024-01-02 01:00:00,"52018","Waals Gewest","Provincie Henegouwen","Farciennes",50.4336453870001,4.53386816100004,"Buiten Kruispunt","Normaal","Nat, plassen","buiten bebouwde kom","Nacht, openbare verlichting aanwezig en ontstoken","Gewestweg","Met doden","personenauto","een weggebruiker tegen een hindernis","Weggebruiker tegen hindernis buiten rijbaan","Buiten de rijbaan: Verlichtingspaal"
"2234","2021","01","19",2021-01-01,2021-01-01 19:00:00,2024-01-02 19:00:00,"57081","Waals Gewest","Provincie Henegouwen","Doornik",50.5948265710001,3.46193428200007,"Buiten Kruispunt","Normaal","Nat, plassen","buiten bebouwde kom","Nacht, openbare verlichting aanwezig en ontstoken","Autosnelweg","Met doden","personenauto","een weggebruiker tegen een hindernis","Weggebruiker tegen hindernis buiten rijbaan","Buiten de rijbaan: Vangrails niet overgestoken"
"2235","2021","01","17",2021-01-01,2021-01-01 17:00:00,2024-01-02 17:00:00,"57081","Waals Gewest","Provincie Henegouwen","Doornik",50.5919501060001,3.46894278800005,"Buiten Kruispunt","Normaal","Droog","buiten bebouwde kom","Nacht, openbare verlichting aanwezig en ontstoken","Autosnelweg","Met doden","personenauto","personenauto","Tussen 2 bestuurders: Frontale botsing","Geen hindernis"
"2236","2021","01","21",2021-01-01,2021-01-01 21:00:00,2024-01-02 21:00:00,"23032","Vlaams Gewest","Provincie Vlaams-Brabant","Herne",NA,NA,"Op Kruispunt","Normaal","Proper","binnen bebouwde kom","Nacht, openbare verlichting aanwezig en ontstoken","Gewestweg","Met doden","Andere weggebruiker","personenauto","Tss. 2 best.: langs opzij (voor-/achterkant-flank)","Geen hindernis"
"2237","2021","02","11",2021-02-01,2021-02-01 11:00:00,2024-01-02 11:00:00,"85046","Waals Gewest","Provincie Luxemburg","Habay",49.7475421570001,5.56957406700008,"Buiten Kruispunt","Normaal","Nat, plassen","buiten bebouwde kom","Dag","Autosnelweg","Met doden","Vrachtwagen","Vrachtwagen","Tussen 2 bestuurders: Langs achteren","Geen hindernis"
"2238","2021","01","08",2021-01-01,2021-01-01 08:00:00,2024-01-02 08:00:00,"25037","Waals Gewest","Provincie Waals-Brabant","Graven",50.7418886670001,4.73713558300005,"Op Kruispunt","Regenval","Nat, plassen+Proper","buiten bebouwde kom","Dageraad - schemering","Gewestweg","Met doden","personenauto","een weggebruiker tegen een hindernis","Weggebruiker tegen hindernis buiten rijbaan","Andere hindernis"
"2239","2021","01","07",2021-01-01,2021-01-01 07:00:00,2024-01-02 07:00:00,"62051","Waals Gewest","Provincie Luik","Herstal",NA,NA,"Buiten Kruispunt","Normaal","Droog","buiten bebouwde kom","Dag","Gemeenteweg","Met doden","personenauto","een weggebruiker tegen een hindernis","Weggebruiker tegen hindernis op de rijbaan","Op de rijbaan: Verkeersdrempel, ezelsrug"
"2240","2021","01","19",2021-01-01,2021-01-01 19:00:00,2024-01-02 19:00:00,"62079","Waals Gewest","Provincie Luik","Oupeye",50.7371966630001,5.66904991600006,"Op Kruispunt","Regenval","Nat, plassen+Proper","binnen bebouwde kom","Nacht, openbare verlichting aanwezig en ontstoken","Gewestweg","Met doden","personenauto","Voetganger","Met een voetganger","Geen hindernis"
"2241","2021","01","11",2021-01-01,2021-01-01 11:00:00,2024-01-02 11:00:00,"63089","Waals Gewest","Provincie Luik","Thimister-Clermont",50.645838358,5.85295375400005,"Buiten Kruispunt","Normaal","Nat, plassen","buiten bebouwde kom","Dag","Gewestweg","dodelijk gewonden","onbekend","onbekend","Andere of onbekend","Geen vermelding van de aanwezigheid van een hindernis"
"2242","2021","01","08",2021-01-01,2021-01-01 08:00:00,2024-01-02 08:00:00,"63080","Waals Gewest","Provincie Luik","Weismes",50.4743804820001,6.11575999400003,"Op Kruispunt","Normaal","Nat, plassen","binnen bebouwde kom","Dag","Gewestweg","Met doden","Vrachtwagen","Motorfiets","Tussen 2 bestuurders: Frontale botsing","Geen hindernis"
"2243","2021","01","21",2021-01-01,2021-01-01 21:00:00,2024-01-02 21:00:00,"61072","Waals Gewest","Provincie Luik","Wanze",50.541466599,5.15116502400002,"Buiten Kruispunt","Regenval","Nat, plassen","buiten bebouwde kom","Nacht, openbare verlichting aanwezig en ontstoken","Gewestweg","Met doden","personenauto","personenauto","Tussen 2 bestuurders: Frontale botsing","Geen hindernis"
"2244","2021","01","21",2021-01-01,2021-01-01 21:00:00,2024-01-02 21:00:00,"84009","Waals Gewest","Provincie Luxemburg","Bertrix",49.841773415,5.34008723000005,"Buiten Kruispunt","Regenval","Proper","buiten bebouwde kom","Nacht, geen openbare verlichting aanwezig","Gewestweg","dodelijk gewonden","personenauto","een weggebruiker tegen een hindernis","Weggebruiker tegen hindernis buiten rijbaan","Buiten de rijbaan: Boom"
"2245","2021","01","22",2021-01-01,2021-01-01 22:00:00,2024-01-02 22:00:00,"92094","Waals Gewest","Provincie Namen","Namen",NA,NA,"Buiten Kruispunt","Sneeuwval","Nat, plassen","buiten bebouwde kom","Nacht, geen openbare verlichting aanwezig","Gewestweg","Met doden","onbekend","onbekend","Geen vermelding van de type aanrijding","Geen vermelding van de type aanrijding"
"2246","2021","01","20",2021-01-01,2021-01-01 20:00:00,2024-01-02 20:00:00,"91034","Waals Gewest","Provincie Namen","Dinant",50.278773035,5.07862011000003,"Buiten Kruispunt","Sneeuwval","Nat, plassen","buiten bebouwde kom","Nacht, geen openbare verlichting aanwezig","Gewestweg","Met doden","personenauto","een weggebruiker tegen een hindernis","Weggebruiker tegen hindernis buiten rijbaan","Buiten de rijbaan: Boom"
"2247","2021","01","21",2021-01-01,2021-01-01 21:00:00,2024-01-02 21:00:00,"93056","Waals Gewest","Provincie Namen","Philippeville",50.188540163,4.61030089300004,"Op Kruispunt","Mist (zichtbaarheid minder dan 100m)","Nat, plassen","binnen bebouwde kom","Nacht, openbare verlichting aanwezig en ontstoken","Gewestweg","dodelijk gewonden","personenauto","een weggebruiker tegen een hindernis","Weggebruiker tegen hindernis buiten rijbaan","Buiten de rijbaan: Muur gebouw"
"2248","2021","01","18",2021-01-01,2021-01-01 18:00:00,2024-01-02 18:00:00,"53053","Waals Gewest","Provincie Henegouwen","Bergen",NA,NA,"Buiten Kruispunt","Normaal","Nat, plassen","buiten bebouwde kom","Nacht, openbare verlichting aanwezig en ontstoken","Gewestweg","Met doden","Vrachtwagen","een weggebruiker tegen een hindernis","Weggebruiker tegen hindernis buiten rijbaan","Andere hindernis"
"2249","2021","01","13",2021-01-01,2021-01-01 13:00:00,2024-01-02 13:00:00,"56016","Waals Gewest","Provincie Henegouwen","Chimay",50.044409027,4.28669148700004,"Buiten Kruispunt","Onbekend","Proper","buiten bebouwde kom","Dag","Gewestweg","Met doden","personenauto","personenauto","Tussen 2 bestuurders: Frontale botsing","Geen hindernis"
"2250","2021","01","10",2021-01-01,2021-01-01 10:00:00,2024-01-02 10:00:00,"12035","Vlaams Gewest","Provincie Antwerpen","Sint-Katelijne-Waver",51.066880993,4.52855540700006,"Buiten Kruispunt","Normaal","Nat, plassen","binnen bebouwde kom","Dag","Gemeenteweg","Met doden","Vrachtwagen","Voetganger","Met een voetganger","Geen hindernis"
"2251","2021","01","12",2021-01-01,2021-01-01 12:00:00,2024-01-02 12:00:00,"24134","Vlaams Gewest","Provincie Vlaams-Brabant","Scherpenheuvel-Zichem",50.977219039,4.93431749600006,"Op Kruispunt","Regenval","Nat, plassen","buiten bebouwde kom","Dag","Gewestweg","Met doden","personenauto","Motorfiets","Tussen 2 bestuurders: Frontale botsing","Geen hindernis"
"2252","2021","01","19",2021-01-01,2021-01-01 19:00:00,2024-01-02 19:00:00,"23062","Vlaams Gewest","Provincie Vlaams-Brabant","Overijse",NA,NA,"Buiten Kruispunt","Normaal","Nat, plassen","binnen bebouwde kom","Nacht, openbare verlichting aanwezig en ontstoken","Gewestweg","dodelijk gewonden","personenauto","Voetganger","Met een voetganger","Geen hindernis"
"2253","2021","01","19",2021-01-01,2021-01-01 19:00:00,2024-01-02 19:00:00,"23081","Vlaams Gewest","Provincie Vlaams-Brabant","Steenokkerzeel",50.90982302,4.47650347100006,"Buiten Kruispunt","Normaal","Nat, plassen","buiten bebouwde kom","Nacht, openbare verlichting aanwezig en ontstoken","Gewestweg","Met doden","personenauto","een weggebruiker tegen een hindernis","Weggebruiker tegen hindernis buiten rijbaan","Buiten de rijbaan: Muur gebouw"
"2254","2021","01","04",2021-01-01,2021-01-01 04:00:00,2024-01-02 04:00:00,"43005","Vlaams Gewest","Provincie Oost-Vlaanderen","Eeklo",NA,NA,"Buiten Kruispunt","Onbekend","Nat, plassen","buiten bebouwde kom","Onbekend","Gewestweg","Met doden","personenauto","een weggebruiker tegen een hindernis","Weggebruiker tegen hindernis buiten rijbaan","Buiten de rijbaan: Andere paal"
"2255","2021","01","11",2021-01-01,2021-01-01 11:00:00,2024-01-02 11:00:00,"41027","Vlaams Gewest","Provincie Oost-Vlaanderen","Herzele",NA,NA,"Buiten Kruispunt","Normaal","Nat, plassen","buiten bebouwde kom","Dag","Gemeenteweg","Met doden","personenauto","een weggebruiker tegen een hindernis","Weggebruiker tegen hindernis buiten rijbaan","Buiten de rijbaan: Boom"
"2256","2021","01","12",2021-01-01,2021-01-01 12:00:00,2024-01-02 12:00:00,"35011","Vlaams Gewest","Provincie West-Vlaanderen","Middelkerke",51.136975464,2.82479509200004,"Buiten Kruispunt","Normaal","Droog","buiten bebouwde kom","Dag","Gemeenteweg","Met doden","Bromfiets","één bestuurder, geen hindernis","Eén bestuurder, geen hindernis (incl. val)","Geen hindernis"
"2257","2021","01","08",2021-01-01,2021-01-01 08:00:00,2024-01-02 08:00:00,"11002","Vlaams Gewest","Provincie Antwerpen","Antwerpen",51.31286383,4.33403883100004,"Buiten Kruispunt","Normaal","Droog","buiten bebouwde kom","Dageraad - schemering","Autosnelweg","Met doden","Vrachtwagen","personenauto","Kettingbotsing (3 bestuurders of meer)","Geen hindernis"
"2258","2021","01","15",2021-01-01,2021-01-01 15:00:00,2024-01-02 15:00:00,"46020","Vlaams Gewest","Provincie Oost-Vlaanderen","Sint-Gillis-Waas",NA,NA,"Buiten Kruispunt","Normaal","Droog","buiten bebouwde kom","Dag","Gemeenteweg","Met doden","Andere weggebruiker","Fiets","Tss. 2 best.: langs opzij (voor-/achterkant-flank)","Geen hindernis"
"2259","2021","01","05",2021-01-01,2021-01-01 05:00:00,2024-01-02 05:00:00,"24009","Vlaams Gewest","Provincie Vlaams-Brabant","Bertem",50.849500526,4.59352108600007,"Buiten Kruispunt","Onbekend","Nat, plassen","binnen bebouwde kom","Nacht, openbare verlichting aanwezig en ontstoken","Gemeenteweg","Met doden","personenauto","een weggebruiker tegen een hindernis","Weggebruiker tegen hindernis buiten rijbaan","Buiten de rijbaan: Boom"
"2260","2021","01","19",2021-01-01,2021-01-01 19:00:00,2024-01-02 19:00:00,"72004","Vlaams Gewest","Provincie Limburg","Bree",51.1237758570001,5.63307063100007,"Buiten Kruispunt","Onbekend","Onbekend","buiten bebouwde kom","Nacht, openbare verlichting aanwezig en ontstoken","Gewestweg","Met doden","personenauto","personenauto","Tussen 2 bestuurders: Flank tegen flank","Geen hindernis"
"2261","2021","01","21",2021-01-01,2021-01-01 21:00:00,2024-01-02 21:00:00,"72004","Vlaams Gewest","Provincie Limburg","Bree",51.134694048,5.61231447600005,"Buiten Kruispunt","Normaal","Droog","buiten bebouwde kom","Nacht, openbare verlichting aanwezig en ontstoken","Gewestweg","Met doden","Fiets","een weggebruiker tegen een hindernis","Weggebruiker tegen hindernis buiten rijbaan","Onbekend"