"","DT_YEAR_COLLISION","DT_MONTH_COLLISION","DT_TIME","YEAR_MONTH_DAY","YEAR_MONTH_DAY_HOUR","TIME_DT","CD_NIS","TX_RGN_COLLISION_NL","TX_PROV_COLLISION_NL","TX_MUNTY_COLLISION_NL","LAT_WGS84","LONG_WGS84","TX_CROSSWAY_NL","TX_WEATHER_NL","TX_ROAD_CONDITION_NL","TX_BUILD_UP_AREA_NL","TX_LIGHT_CONDITION_NL","CD_ROAD_TYPE_NL","TX_CLASS_ACCIDENTS_NL","TX_ROAD_USR_TYPE1_NL","TX_ROAD_USR_TYPE2_NL","TX_COLLISION_TYPE_NL","TX_OBSTACLES_NL"
"2262","2021","02","14",2021-02-01,2021-02-01 14:00:00,2024-01-02 14:00:00,"57096","Waals Gewest","Provincie Henegouwen","Moeskroen",50.7505239810001,3.21441222000004,"Buiten Kruispunt","Normaal","Droog","buiten bebouwde kom","Dag","Gewestweg","Met doden","personenauto","personenauto","Tss. 2 best.: langs opzij (voor-/achterkant-flank)","Geen hindernis"
"2263","2021","02","06",2021-02-01,2021-02-01 06:00:00,2024-01-02 06:00:00,"11001","Vlaams Gewest","Provincie Antwerpen","Aartselaar",NA,NA,"Op Kruispunt","Normaal","Nat, plassen","buiten bebouwde kom","Nacht, openbare verlichting aanwezig en ontstoken","Gemeenteweg","Met doden","Vrachtwagen","personenauto","Tss. 2 best.: langs opzij (voor-/achterkant-flank)","Geen hindernis"
"2264","2021","02","14",2021-02-01,2021-02-01 14:00:00,2024-01-02 14:00:00,"11002","Vlaams Gewest","Provincie Antwerpen","Antwerpen",51.2807225060001,4.40666060600006,"Buiten Kruispunt","Normaal","Droog","buiten bebouwde kom","Dag","Autosnelweg","Met doden","Vrachtwagen","Vrachtwagen","Tussen 2 bestuurders: Langs achteren","Geen hindernis"
"2265","2021","02","13",2021-02-01,2021-02-01 13:00:00,2024-01-02 13:00:00,"34022","Vlaams Gewest","Provincie West-Vlaanderen","Kortrijk",50.7887359090001,3.22948585300003,"Buiten Kruispunt","Regenval","Nat, plassen","buiten bebouwde kom","Dag","Autosnelweg","Met doden","Vrachtwagen","Vrachtwagen","Kettingbotsing (3 bestuurders of meer)","Geen hindernis"
"2266","2021","02","04",2021-02-01,2021-02-01 04:00:00,2024-01-02 04:00:00,"52011","Waals Gewest","Provincie Henegouwen","Charleroi",50.4405014430001,4.44271000700007,"Buiten Kruispunt","Normaal","Proper","buiten bebouwde kom","Dageraad - schemering","Autosnelweg","Met doden","personenauto","Vrachtwagen","Tussen 2 bestuurders: Langs achteren","Geen hindernis"
"2267","2021","02","23",2021-02-01,2021-02-01 23:00:00,2024-01-02 23:00:00,"44021","Vlaams Gewest","Provincie Oost-Vlaanderen","Gent",NA,NA,"Buiten Kruispunt","Normaal","Nat, plassen","buiten bebouwde kom","Nacht, geen openbare verlichting aanwezig","Gewestweg","Met doden","Andere weggebruiker","Voetganger","Met een voetganger","Geen hindernis"
"2268","2021","02","15",2021-02-01,2021-02-01 15:00:00,2024-01-02 15:00:00,"64074","Waals Gewest","Provincie Luik","Borgworm",50.705869014,5.27264895100006,"Buiten Kruispunt","Normaal","Proper","buiten bebouwde kom","Dag","Autosnelweg","Met doden","personenauto","Vrachtwagen","Tussen 2 bestuurders: Langs achteren","Geen hindernis"
"2269","2021","02","08",2021-02-01,2021-02-01 08:00:00,2024-01-02 08:00:00,"25014","Waals Gewest","Provincie Waals-Brabant","Eigenbrakel",50.641580493,4.32914942200006,"Buiten Kruispunt","Onbekend","Nat, plassen","buiten bebouwde kom","Dageraad - schemering","Gewestweg","dodelijk gewonden","personenauto","Voetganger","Met een voetganger","Geen hindernis"
"2270","2021","02","22",2021-02-01,2021-02-01 22:00:00,2024-01-02 22:00:00,"61041","Waals Gewest","Provincie Luik","Modave",50.481739594,5.33409995600004,"Buiten Kruispunt","Normaal","Droog+Proper","buiten bebouwde kom","Nacht, geen openbare verlichting aanwezig","Gewestweg","Met doden","personenauto","een weggebruiker tegen een hindernis","Weggebruiker tegen hindernis buiten rijbaan","Buiten de rijbaan: Boom"
"2271","2021","02","05",2021-02-01,2021-02-01 05:00:00,2024-01-02 05:00:00,"92087","Waals Gewest","Provincie Namen","Mettet",50.29882322,4.63313538400007,"Op Kruispunt","Onbekend","Proper","buiten bebouwde kom","Nacht, geen openbare verlichting aanwezig","Gewestweg","Met doden","personenauto","een weggebruiker tegen een hindernis","Weggebruiker tegen hindernis buiten rijbaan","Buiten de rijbaan: Omheining"
"2272","2021","02","15",2021-02-01,2021-02-01 15:00:00,2024-01-02 15:00:00,"92114","Waals Gewest","Provincie Namen","Sombreffe",50.522839665,4.63432990500007,"Buiten Kruispunt","Regenval","Nat, plassen","buiten bebouwde kom","Dag","Gewestweg","Met doden","personenauto","personenauto","Tss. 2 best.: langs opzij (voor-/achterkant-flank)","Geen hindernis"
"2273","2021","02","16",2021-02-01,2021-02-01 16:00:00,2024-01-02 16:00:00,"91120","Waals Gewest","Provincie Namen","Somme-Leuze",50.3422622690001,5.38555315100007,"Buiten Kruispunt","Normaal","Droog","buiten bebouwde kom","Dag","Gewestweg","Met doden","personenauto","Motorfiets","Tussen 2 bestuurders: Frontale botsing","Geen hindernis"
"2274","2021","02","20",2021-02-01,2021-02-01 20:00:00,2024-01-02 20:00:00,"53053","Waals Gewest","Provincie Henegouwen","Bergen",50.4228556690001,3.94818924000003,"Buiten Kruispunt","Normaal","Droog+Proper","binnen bebouwde kom","Nacht, openbare verlichting aanwezig en ontstoken","Gewestweg","dodelijk gewonden","personenauto","een weggebruiker tegen een hindernis","Weggebruiker tegen hindernis buiten rijbaan","Andere hindernis"
"2275","2021","02","00",2021-02-01,2021-02-01 00:00:00,2024-01-02 00:00:00,"21004","Brussels Hoofdstedelijk Gewest",NA,"Brussel",50.885001016,4.42213074800003,"Buiten Kruispunt","Normaal","Droog","binnen bebouwde kom","Nacht, openbare verlichting aanwezig en ontstoken","Gewestweg","Met doden","personenauto","personenauto","Tussen 2 bestuurders: Flank tegen flank","Geen hindernis"
"2276","2021","02","17",2021-02-01,2021-02-01 17:00:00,2024-01-02 17:00:00,"21007","Brussels Hoofdstedelijk Gewest",NA,"Vorst (Brussel-Hoofdstad)",50.817993039,4.34619215200007,"Buiten Kruispunt","Normaal","Droog","binnen bebouwde kom","Dag","Gewestweg","Met doden","onbekend","onbekend","Andere of onbekend","Geen vermelding van de aanwezigheid van een hindernis"
"2277","2021","02","08",2021-02-01,2021-02-01 08:00:00,2024-01-02 08:00:00,"11040","Vlaams Gewest","Provincie Antwerpen","Schoten",51.2573764890001,4.48607381400006,"Op Kruispunt","Normaal","Droog+Proper","binnen bebouwde kom","Dag","Gemeenteweg","Met doden","Fiets","Lichte vrachtauto","Tussen 2 bestuurders: Flank tegen flank","Geen hindernis"
"2278","2021","02","14",2021-02-01,2021-02-01 14:00:00,2024-01-02 14:00:00,"13013","Vlaams Gewest","Provincie Antwerpen","Herselt",51.0275022970001,4.81301154500005,"Buiten Kruispunt","Normaal","Droog","buiten bebouwde kom","Dag","Gemeenteweg","Met doden","Motorfiets","personenauto","Tss. 2 best.: langs opzij (voor-/achterkant-flank)","Geen hindernis"
"2279","2021","02","09",2021-02-01,2021-02-01 09:00:00,2024-01-02 09:00:00,"13008","Vlaams Gewest","Provincie Antwerpen","Geel",51.1535820990001,5.04370563100002,"Op Kruispunt","Normaal","Droog","buiten bebouwde kom","Dag","Gemeenteweg","dodelijk gewonden","Lichte vrachtauto","Fiets","Tss. 2 best.: langs opzij (voor-/achterkant-flank)","Geen hindernis"
"2280","2021","02","23",2021-02-01,2021-02-01 23:00:00,2024-01-02 23:00:00,"71053","Vlaams Gewest","Provincie Limburg","Sint-Truiden",50.8432514960001,5.22025313600005,"Buiten Kruispunt","Normaal","Nat, plassen","binnen bebouwde kom","Nacht, openbare verlichting aanwezig en ontstoken","Gewestweg","dodelijk gewonden","personenauto","een weggebruiker tegen een hindernis","Weggebruiker tegen hindernis buiten rijbaan","Buiten de rijbaan: Muur gebouw"
"2281","2021","02","16",2021-02-01,2021-02-01 16:00:00,2024-01-02 16:00:00,"24016","Vlaams Gewest","Provincie Vlaams-Brabant","Boutersem",50.8492745390001,4.81464503500007,"Buiten Kruispunt","Normaal","Droog","buiten bebouwde kom","Dag","Gewestweg","Met doden","Motorfiets","een weggebruiker tegen een hindernis","Weggebruiker tegen hindernis buiten rijbaan","Buiten de rijbaan: Boom"
"2282","2021","02","14",2021-02-01,2021-02-01 14:00:00,2024-01-02 14:00:00,"24020","Vlaams Gewest","Provincie Vlaams-Brabant","Diest",50.9896176570001,5.05978081900003,"Buiten Kruispunt","Normaal","Droog","binnen bebouwde kom","Dag","Gewestweg","Met doden","personenauto","Voetganger","Met een voetganger","Geen hindernis"
"2283","2021","02","07",2021-02-01,2021-02-01 07:00:00,2024-01-02 07:00:00,"23099","Vlaams Gewest","Provincie Vlaams-Brabant","Kraainem",50.848216812,4.46617185500003,"Op Kruispunt","Regenval","Nat, plassen","binnen bebouwde kom","Nacht, openbare verlichting aanwezig en ontstoken","Gewestweg","Met doden","Autobus","Voetganger","Met een voetganger","Geen hindernis"
"2284","2021","02","14",2021-02-01,2021-02-01 14:00:00,2024-01-02 14:00:00,"45061","Vlaams Gewest","Provincie Oost-Vlaanderen","Wortegem-Petegem",50.8466739410001,3.52036525600005,"Op Kruispunt","Normaal","Droog","buiten bebouwde kom","Dag","Gemeenteweg","Met doden","personenauto","Fiets","Tss. 2 best.: langs opzij (voor-/achterkant-flank)","Geen hindernis"
"2285","2021","02","15",2021-02-01,2021-02-01 15:00:00,2024-01-02 15:00:00,"46014","Vlaams Gewest","Provincie Oost-Vlaanderen","Lokeren",51.1221711320001,3.91784330100006,"Buiten Kruispunt","Normaal","Droog","binnen bebouwde kom","Dag","Gemeenteweg","dodelijk gewonden","personenauto","Fiets","Tss. 2 best.: langs opzij (voor-/achterkant-flank)","Geen hindernis"
"2286","2021","02","23",2021-02-01,2021-02-01 23:00:00,2024-01-02 23:00:00,"41082","Vlaams Gewest","Provincie Oost-Vlaanderen","Erpe-Mere",50.9182895880001,3.93481738900004,"Buiten Kruispunt","Sneeuwval","Ijzel, sneeuw","buiten bebouwde kom","Nacht, openbare verlichting aanwezig en ontstoken","Gewestweg","dodelijk gewonden","personenauto","een weggebruiker tegen een hindernis","Weggebruiker tegen hindernis buiten rijbaan","Buiten de rijbaan: Muur gebouw"
"2287","2021","02","17",2021-02-01,2021-02-01 17:00:00,2024-01-02 17:00:00,"37015","Vlaams Gewest","Provincie West-Vlaanderen","Tielt (Tielt)",50.9942385000001,3.38886631700007,"Buiten Kruispunt","Normaal","Droog","buiten bebouwde kom","Dag","Gewestweg","Met doden","Motorfiets","een weggebruiker tegen een hindernis","Weggebruiker tegen hindernis buiten rijbaan","Buiten de rijbaan: Gracht"
"2288","2021","02","15",2021-02-01,2021-02-01 15:00:00,2024-01-02 15:00:00,"35013","Vlaams Gewest","Provincie West-Vlaanderen","Oostende",51.2036592040001,2.86235539500007,"Op Kruispunt","Regenval","Nat, plassen","binnen bebouwde kom","Dag","Gewestweg","dodelijk gewonden","personenauto","een weggebruiker tegen een hindernis","Weggebruiker tegen hindernis buiten rijbaan","Buiten de rijbaan: Andere paal"
"2289","2021","02","12",2021-02-01,2021-02-01 12:00:00,2024-01-02 12:00:00,"35006","Vlaams Gewest","Provincie West-Vlaanderen","Ichtegem",51.128594498,3.01670131900005,"Buiten Kruispunt","Normaal","Droog","binnen bebouwde kom","Dag","Gewestweg","Met doden","Lichte vrachtauto","Andere weggebruiker","Tussen 2 bestuurders: Frontale botsing","Geen hindernis"
"2290","2021","02","20",2021-02-01,2021-02-01 20:00:00,2024-01-02 20:00:00,"34042","Vlaams Gewest","Provincie West-Vlaanderen","Zwevegem",NA,NA,"Buiten Kruispunt","Normaal","Droog","buiten bebouwde kom","Nacht, openbare verlichting aanwezig en ontstoken","Gewestweg","Met doden","personenauto","een weggebruiker tegen een hindernis","Weggebruiker tegen hindernis buiten rijbaan","Buiten de rijbaan: Boom"
"2291","2021","02","07",2021-02-01,2021-02-01 07:00:00,2024-01-02 07:00:00,"33037","Vlaams Gewest","Provincie West-Vlaanderen","Zonnebeke",50.901536101,3.02129864700004,"Buiten Kruispunt","Normaal","Droog","binnen bebouwde kom","Dageraad - schemering","Gemeenteweg","dodelijk gewonden","personenauto","Voetganger","Met een voetganger","Geen hindernis"
"2292","2021","02","10",2021-02-01,2021-02-01 10:00:00,2024-01-02 10:00:00,"46003","Vlaams Gewest","Provincie Oost-Vlaanderen","Beveren (Sint-Niklaas)",NA,NA,"Buiten Kruispunt","Normaal","Droog","buiten bebouwde kom","Dag","Gemeenteweg","dodelijk gewonden","Vrachtwagen","Fiets","Tss. 2 best.: langs opzij (voor-/achterkant-flank)","Geen hindernis"
"2293","2021","02","18",2021-02-01,2021-02-01 18:00:00,2024-01-02 18:00:00,"46020","Vlaams Gewest","Provincie Oost-Vlaanderen","Sint-Gillis-Waas",51.217566698,4.12791137400006,"Op Kruispunt","Regenval","Nat, plassen","binnen bebouwde kom","Nacht, openbare verlichting aanwezig en ontstoken","Gemeenteweg","dodelijk gewonden","personenauto","Voetganger","Met een voetganger","Geen hindernis"
"2294","2021","02","11",2021-02-01,2021-02-01 11:00:00,2024-01-02 11:00:00,"23077","Vlaams Gewest","Provincie Vlaams-Brabant","Sint-Pieters-Leeuw",50.817746029,4.22274101600004,"Op Kruispunt","Normaal","Droog","buiten bebouwde kom","Dag","Gewestweg","dodelijk gewonden","personenauto","Fiets","Tss. 2 best.: langs opzij (voor-/achterkant-flank)","Geen hindernis"
"2295","2021","02","18",2021-02-01,2021-02-01 18:00:00,2024-01-02 18:00:00,"73098","Vlaams Gewest","Provincie Limburg","Wellen",50.8426130710001,5.37168500600006,"Op Kruispunt","Normaal","Droog","buiten bebouwde kom","Nacht, geen openbare verlichting aanwezig","Gewestweg","Met doden","personenauto","Lichte vrachtauto","Tussen 2 bestuurders: Frontale botsing","Geen hindernis"
"2296","2021","03","14",2021-03-01,2021-03-01 14:00:00,2024-01-02 14:00:00,"71037","Vlaams Gewest","Provincie Limburg","Lummen",50.996918699,5.20099025300004,"Buiten Kruispunt","Normaal","Droog","buiten bebouwde kom","Dag","Autosnelweg","dodelijk gewonden","personenauto","een weggebruiker tegen een hindernis","Weggebruiker tegen hindernis buiten rijbaan","Buiten de rijbaan: Vangrails overschreden"
"2297","2021","03","15",2021-03-01,2021-03-01 15:00:00,2024-01-02 15:00:00,"24107","Vlaams Gewest","Provincie Vlaams-Brabant","Tienen",50.7917925090001,4.90192699100004,"Buiten Kruispunt","Normaal","Droog","buiten bebouwde kom","Dag","Autosnelweg","Met doden","personenauto","een weggebruiker tegen een hindernis","Weggebruiker tegen hindernis buiten rijbaan","Buiten de rijbaan: Vangrails niet overgestoken"
"2298","2021","03","15",2021-03-01,2021-03-01 15:00:00,2024-01-02 15:00:00,"55085","Waals Gewest","Provincie Henegouwen","Seneffe",50.5621817260001,4.28996203400004,"Buiten Kruispunt","Normaal","Droog","buiten bebouwde kom","Dag","Autosnelweg","dodelijk gewonden","Motorfiets","personenauto","Tussen 2 bestuurders: Langs achteren","Geen hindernis"
"2299","2021","03","18",2021-03-01,2021-03-01 18:00:00,2024-01-02 18:00:00,"31005","Vlaams Gewest","Provincie West-Vlaanderen","Brugge",NA,NA,"Op Kruispunt","Mist (zichtbaarheid minder dan 100m)","Droog","binnen bebouwde kom","Nacht, openbare verlichting aanwezig en ontstoken","Gewestweg","Met doden","Vrachtwagen","Andere weggebruiker","Tss. 2 best.: langs opzij (voor-/achterkant-flank)","Geen hindernis"
"2300","2021","03","15",2021-03-01,2021-03-01 15:00:00,2024-01-02 15:00:00,"82014","Waals Gewest","Provincie Luxemburg","Houffalize",50.138741284,5.77746724100007,"Buiten Kruispunt","Hagelbui","Nat, plassen","buiten bebouwde kom","Dag","Autosnelweg","Met doden","Motorfiets","een weggebruiker tegen een hindernis","Weggebruiker tegen hindernis buiten rijbaan","Buiten de rijbaan: Vangrails niet overgestoken"
"2301","2021","03","16",2021-03-01,2021-03-01 16:00:00,2024-01-02 16:00:00,"61003","Waals Gewest","Provincie Luik","Amay",50.546794865,5.31237954500006,"Op Kruispunt","Normaal","Droog+Proper","binnen bebouwde kom","Dag","Gewestweg","Met doden","Motorfiets","personenauto","Tss. 2 best.: langs opzij (voor-/achterkant-flank)","Geen hindernis"
"2302","2021","03","11",2021-03-01,2021-03-01 11:00:00,2024-01-02 11:00:00,"82037","Waals Gewest","Provincie Luxemburg","Gouvy",50.1768114330001,5.92645702800007,"Buiten Kruispunt","Normaal","Droog+Proper","buiten bebouwde kom","Dag","Gewestweg","Met doden","personenauto","een weggebruiker tegen een hindernis","Weggebruiker tegen hindernis buiten rijbaan","Buiten de rijbaan: Boom"
"2303","2021","03","07",2021-03-01,2021-03-01 07:00:00,2024-01-02 07:00:00,"93056","Waals Gewest","Provincie Namen","Philippeville",50.155564112,4.69320033700006,"Buiten Kruispunt","Normaal","Ijzel, sneeuw","buiten bebouwde kom","Dag","Gewestweg","Met doden","personenauto","een weggebruiker tegen een hindernis","Weggebruiker tegen hindernis buiten rijbaan","Buiten de rijbaan: Boom"
"2304","2021","03","05",2021-03-01,2021-03-01 05:00:00,2024-01-02 05:00:00,"53053","Waals Gewest","Provincie Henegouwen","Bergen",50.3960258660001,4.02227486100003,"Buiten Kruispunt","Sterke wind, rukwind","Proper","buiten bebouwde kom","Nacht, geen openbare verlichting aanwezig","Gewestweg","Met doden","personenauto","een weggebruiker tegen een hindernis","Weggebruiker tegen hindernis buiten rijbaan","Buiten de rijbaan: Boom"
"2305","2021","03","00",2021-03-01,2021-03-01 00:00:00,2024-01-02 00:00:00,"11002","Vlaams Gewest","Provincie Antwerpen","Antwerpen",51.2048461860001,4.45837623200003,"Buiten Kruispunt","Normaal","Droog","binnen bebouwde kom","Nacht, openbare verlichting aanwezig en ontstoken","Gemeenteweg","dodelijk gewonden","onbekend","onbekend","Andere of onbekend","Geen vermelding van de aanwezigheid van een hindernis"
"2306","2021","03","14",2021-03-01,2021-03-01 14:00:00,2024-01-02 14:00:00,"11038","Vlaams Gewest","Provincie Antwerpen","Schelle",51.1184745400001,4.33408032200003,"Op Kruispunt","Normaal","Droog","binnen bebouwde kom","Dag","Gewestweg","Met doden","personenauto","Fiets","Tss. 2 best.: langs opzij (voor-/achterkant-flank)","Geen hindernis"
"2307","2021","03","21",2021-03-01,2021-03-01 21:00:00,2024-01-02 21:00:00,"13004","Vlaams Gewest","Provincie Antwerpen","Beerse",NA,NA,"Buiten Kruispunt","Normaal","Droog","buiten bebouwde kom","Nacht, openbare verlichting aanwezig en ontstoken","Gemeenteweg","dodelijk gewonden","Lichte vrachtauto","een weggebruiker tegen een hindernis","Weggebruiker tegen hindernis buiten rijbaan","Buiten de rijbaan: Boom"
"2308","2021","03","15",2021-03-01,2021-03-01 15:00:00,2024-01-02 15:00:00,"72020","Vlaams Gewest","Provincie Limburg","Lommel",51.232268994,5.26760442300002,"Op Kruispunt","Normaal","Droog","buiten bebouwde kom","Dag","Gemeenteweg","dodelijk gewonden","Fiets","personenauto","Tss. 2 best.: langs opzij (voor-/achterkant-flank)","Geen hindernis"
"2309","2021","03","11",2021-03-01,2021-03-01 11:00:00,2024-01-02 11:00:00,"71057","Vlaams Gewest","Provincie Limburg","Tessenderlo",51.06696986,5.07779951100002,"Op Kruispunt","Normaal","Droog","buiten bebouwde kom","Dag","Gemeenteweg","dodelijk gewonden","personenauto","Fiets","Tss. 2 best.: langs opzij (voor-/achterkant-flank)","Geen hindernis"
"2310","2021","03","20",2021-03-01,2021-03-01 20:00:00,2024-01-02 20:00:00,"71070","Vlaams Gewest","Provincie Limburg","Heusden-Zolder",50.9956667330001,5.23565342000006,"Buiten Kruispunt","Normaal","Droog","buiten bebouwde kom","Nacht, openbare verlichting aanwezig en ontstoken","Gemeenteweg","Met doden","personenauto","Bromfiets","Tss. 2 best.: langs opzij (voor-/achterkant-flank)","Geen hindernis"
"2311","2021","03","11",2021-03-01,2021-03-01 11:00:00,2024-01-02 11:00:00,"73006","Vlaams Gewest","Provincie Limburg","Bilzen",50.8848665370001,5.52921983700003,"Buiten Kruispunt","Normaal","Nat, plassen","binnen bebouwde kom","Dag","Gewestweg","Met doden","Fiets","Vrachtwagen","Tussen 2 bestuurders: Langs achteren","Geen hindernis"
"2312","2021","03","09",2021-03-01,2021-03-01 09:00:00,2024-01-02 09:00:00,"24055","Vlaams Gewest","Provincie Vlaams-Brabant","Kortenberg",50.908118378,4.58885858700006,"Op Kruispunt","Normaal","Droog","binnen bebouwde kom","Dag","Gemeenteweg","Met doden","Autobus","Fiets","Tussen 2 bestuurders: Frontale botsing","Geen hindernis"
"2313","2021","03","06",2021-03-01,2021-03-01 06:00:00,2024-01-02 06:00:00,"23002","Vlaams Gewest","Provincie Vlaams-Brabant","Asse",50.884073232,4.27736124400008,"Buiten Kruispunt","Regenval","Nat, plassen","binnen bebouwde kom","Nacht, openbare verlichting aanwezig en ontstoken","Gemeenteweg","dodelijk gewonden","Andere weggebruiker","Voetganger","Met een voetganger","Geen hindernis"
"2314","2021","03","03",2021-03-01,2021-03-01 03:00:00,2024-01-02 03:00:00,"42008","Vlaams Gewest","Provincie Oost-Vlaanderen","Hamme (Dendermonde)",51.052221328,4.16162024900007,"Op Kruispunt","Normaal","Droog","binnen bebouwde kom","Nacht, openbare verlichting aanwezig en ontstoken","Gemeenteweg","Met doden","personenauto","een weggebruiker tegen een hindernis","Weggebruiker tegen hindernis buiten rijbaan","Buiten de rijbaan: Andere paal"
"2315","2021","03","12",2021-03-01,2021-03-01 12:00:00,2024-01-02 12:00:00,"35029","Vlaams Gewest","Provincie West-Vlaanderen","De Haan",51.230686501,3.04256927900002,"Buiten Kruispunt","Normaal","Droog","buiten bebouwde kom","Dag","Gewestweg","Met doden","personenauto","personenauto","Tussen 2 bestuurders: Frontale botsing","Geen hindernis"
"2316","2021","03","18",2021-03-01,2021-03-01 18:00:00,2024-01-02 18:00:00,"36015","Vlaams Gewest","Provincie West-Vlaanderen","Roeselare",50.9305921580001,3.17209164300004,"Buiten Kruispunt","Normaal","Droog","binnen bebouwde kom","Dag","Gewestweg","Met doden","personenauto","een weggebruiker tegen een hindernis","Weggebruiker tegen hindernis buiten rijbaan","Buiten de rijbaan: Andere paal"
"2317","2021","03","16",2021-03-01,2021-03-01 16:00:00,2024-01-02 16:00:00,"34022","Vlaams Gewest","Provincie West-Vlaanderen","Kortrijk",50.828927933,3.26347006200007,"Op Kruispunt","Normaal","Droog","binnen bebouwde kom","Dag","Gemeenteweg","dodelijk gewonden","Lichte vrachtauto","Voetganger","Met een voetganger","Geen hindernis"
"2318","2021","03","15",2021-03-01,2021-03-01 15:00:00,2024-01-02 15:00:00,"38016","Vlaams Gewest","Provincie West-Vlaanderen","Nieuwpoort",51.1284167600001,2.74801185900003,"Op Kruispunt","Normaal","Droog","binnen bebouwde kom","Dag","Gewestweg","Met doden","Vrachtwagen","Fiets","Tss. 2 best.: langs opzij (voor-/achterkant-flank)","Geen hindernis"
"2319","2021","03","16",2021-03-01,2021-03-01 16:00:00,2024-01-02 16:00:00,"46003","Vlaams Gewest","Provincie Oost-Vlaanderen","Beveren (Sint-Niklaas)",NA,NA,"Buiten Kruispunt","Normaal","Droog","buiten bebouwde kom","Dag","Gemeenteweg","Met doden","Motorfiets","een weggebruiker tegen een hindernis","Weggebruiker tegen hindernis buiten rijbaan","Andere hindernis"
"2320","2021","03","12",2021-03-01,2021-03-01 12:00:00,2024-01-02 12:00:00,"72004","Vlaams Gewest","Provincie Limburg","Bree",51.141828833,5.60048915100003,"Buiten Kruispunt","Normaal","Droog","binnen bebouwde kom","Dag","Gemeenteweg","Met doden","Vrachtwagen","Voetganger","Met een voetganger","Geen hindernis"
"2321","2021","03","18",2021-03-01,2021-03-01 18:00:00,2024-01-02 18:00:00,"72042","Vlaams Gewest","Provincie Limburg","Oudsbergen",NA,NA,"Op Kruispunt","Normaal","Droog","buiten bebouwde kom","Dageraad - schemering","Gewestweg","Met doden","personenauto","Andere weggebruiker","Tss. 2 best.: langs opzij (voor-/achterkant-flank)","Geen hindernis"
"2322","2021","03","14",2021-03-01,2021-03-01 14:00:00,2024-01-02 14:00:00,"24130","Vlaams Gewest","Provincie Vlaams-Brabant","Zoutleeuw",NA,NA,"Buiten Kruispunt","Normaal","Droog+Proper","buiten bebouwde kom","Dag","Gemeenteweg","dodelijk gewonden","Fiets","een weggebruiker tegen een hindernis","Weggebruiker tegen hindernis op de rijbaan","Op de rijbaan: Werken (signal., aarde, toestel,…)"
"2323","2021","04","09",2021-04-01,2021-04-01 09:00:00,2024-01-02 09:00:00,"13008","Vlaams Gewest","Provincie Antwerpen","Geel",51.1153758040001,4.98765598500006,"Buiten Kruispunt","Normaal","Droog","buiten bebouwde kom","Dag","Autosnelweg","Met doden","Lichte vrachtauto","Vrachtwagen","Tussen 2 bestuurders: Langs achteren","Geen hindernis"
"2324","2021","04","11",2021-04-01,2021-04-01 11:00:00,2024-01-02 11:00:00,"13053","Vlaams Gewest","Provincie Antwerpen","Laakdal",51.11146066,5.00514640100005,"Buiten Kruispunt","Normaal","Droog","buiten bebouwde kom","Dag","Autosnelweg","Met doden","Lichte vrachtauto","Vrachtwagen","Tussen 2 bestuurders: Langs achteren","Geen hindernis"
"2325","2021","04","05",2021-04-01,2021-04-01 05:00:00,2024-01-02 05:00:00,"12025","Vlaams Gewest","Provincie Antwerpen","Mechelen",51.047413186,4.45446298400003,"Buiten Kruispunt","Sneeuwval","Ijzel, sneeuw","buiten bebouwde kom","Nacht, geen openbare verlichting aanwezig","Gewestweg","dodelijk gewonden","personenauto","personenauto","Kettingbotsing (3 bestuurders of meer)","Geen hindernis"
"2326","2021","04","09",2021-04-01,2021-04-01 09:00:00,2024-01-02 09:00:00,"13008","Vlaams Gewest","Provincie Antwerpen","Geel",51.123186467,4.95738661200005,"Buiten Kruispunt","Normaal","Droog","buiten bebouwde kom","Dag","Autosnelweg","dodelijk gewonden","Lichte vrachtauto","Vrachtwagen","Tussen 2 bestuurders: Langs achteren","Geen hindernis"
"2327","2021","04","12",2021-04-01,2021-04-01 12:00:00,2024-01-02 12:00:00,"71069","Vlaams Gewest","Provincie Limburg","Ham",51.077756886,5.13788328300006,"Buiten Kruispunt","Normaal","Droog","buiten bebouwde kom","Dag","Autosnelweg","Met doden","personenauto","Vrachtwagen","Tussen 2 bestuurders: Langs achteren","Geen hindernis"
"2328","2021","04","21",2021-04-01,2021-04-01 21:00:00,2024-01-02 21:00:00,"46025","Vlaams Gewest","Provincie Oost-Vlaanderen","Temse",51.154865047,4.21865481100002,"Buiten Kruispunt","Normaal","Droog+Proper","buiten bebouwde kom","Nacht, openb. verlicht. aanw., maar niet ontstoken","Autosnelweg","Met doden","personenauto","Vrachtwagen","Tussen 2 bestuurders: Langs achteren","Geen hindernis"
"2329","2021","04","16",2021-04-01,2021-04-01 16:00:00,2024-01-02 16:00:00,"23094","Vlaams Gewest","Provincie Vlaams-Brabant","Zaventem",50.8680094100001,4.46976476400005,"Buiten Kruispunt","Normaal","Droog","buiten bebouwde kom","Dag","Autosnelweg","Met doden","personenauto","personenauto","Tussen 2 bestuurders: Langs achteren","Geen hindernis"
"2330","2021","04","16",2021-04-01,2021-04-01 16:00:00,2024-01-02 16:00:00,"23016","Vlaams Gewest","Provincie Vlaams-Brabant","Dilbeek",50.8834466150001,4.21378516300007,"Buiten Kruispunt","Normaal","Droog","buiten bebouwde kom","Dag","Autosnelweg","Met doden","personenauto","Motorfiets","Tussen 2 bestuurders: Langs achteren","Geen hindernis"