"","DT_YEAR_COLLISION","DT_MONTH_COLLISION","DT_TIME","YEAR_MONTH_DAY","YEAR_MONTH_DAY_HOUR","TIME_DT","CD_NIS","TX_RGN_COLLISION_NL","TX_PROV_COLLISION_NL","TX_MUNTY_COLLISION_NL","LAT_WGS84","LONG_WGS84","TX_CROSSWAY_NL","TX_WEATHER_NL","TX_ROAD_CONDITION_NL","TX_BUILD_UP_AREA_NL","TX_LIGHT_CONDITION_NL","CD_ROAD_TYPE_NL","TX_CLASS_ACCIDENTS_NL","TX_ROAD_USR_TYPE1_NL","TX_ROAD_USR_TYPE2_NL","TX_COLLISION_TYPE_NL","TX_OBSTACLES_NL"
"2331","2021","04","11",2021-04-01,2021-04-01 11:00:00,2024-01-02 11:00:00,"25124","Waals Gewest","Provincie Waals-Brabant","Walhain",50.6351034640001,4.65176227300003,"Buiten Kruispunt","Normaal","Proper","buiten bebouwde kom","Dag","Gewestweg","dodelijk gewonden","personenauto","personenauto","Tussen 2 bestuurders: Langs achteren","Geen hindernis"
"2332","2021","04","16",2021-04-01,2021-04-01 16:00:00,2024-01-02 16:00:00,"62063","Waals Gewest","Provincie Luik","Luik",50.644951883,5.60164898500005,"Buiten Kruispunt","Onbekend","Onbekend","binnen bebouwde kom","Dag","Gemeenteweg","Met doden","personenauto","personenauto","Tss. 2 best.: langs opzij (voor-/achterkant-flank)","Geen hindernis"
"2333","2021","04","20",2021-04-01,2021-04-01 20:00:00,2024-01-02 20:00:00,"62051","Waals Gewest","Provincie Luik","Herstal",NA,NA,"Buiten Kruispunt","Onbekend","Droog","buiten bebouwde kom","Nacht, openb. verlicht. aanw., maar niet ontstoken","Gemeenteweg","Met doden","personenauto","Voetganger","Met een voetganger","Geen hindernis"
"2334","2021","04","18",2021-04-01,2021-04-01 18:00:00,2024-01-02 18:00:00,"62022","Waals Gewest","Provincie Luik","Chaudfontaine",NA,NA,"Buiten Kruispunt","Normaal","Droog","buiten bebouwde kom","Dag","Gemeenteweg","Met doden","personenauto","Lichte vrachtauto","Tussen 2 bestuurders: Frontale botsing","Geen hindernis"
"2335","2021","04","17",2021-04-01,2021-04-01 17:00:00,2024-01-02 17:00:00,"62003","Waals Gewest","Provincie Luik","Ans",50.66655812,5.53861080900003,"Buiten Kruispunt","Onbekend","Droog","binnen bebouwde kom","Dag","Gemeenteweg","Met doden","personenauto","Motorfiets","Tussen 2 bestuurders: Flank tegen flank","Geen hindernis"
"2336","2021","04","18",2021-04-01,2021-04-01 18:00:00,2024-01-02 18:00:00,"64015","Waals Gewest","Provincie Luik","Braives",50.62069459,5.11442026000003,"Op Kruispunt","Normaal","Nat, plassen","binnen bebouwde kom","Dag","Gemeenteweg","Met doden","personenauto","Autobus","Tussen 2 bestuurders: Frontale botsing","Geen hindernis"
"2337","2021","04","01",2021-04-01,2021-04-01 01:00:00,2024-01-02 01:00:00,"61081","Waals Gewest","Provincie Luik","Tinlot",50.4931461250001,5.35737709100005,"Buiten Kruispunt","Normaal","Droog","buiten bebouwde kom","Nacht, openbare verlichting aanwezig en ontstoken","Gewestweg","Met doden","personenauto","een weggebruiker tegen een hindernis","Weggebruiker tegen hindernis buiten rijbaan","Buiten de rijbaan: Muur gebouw"
"2338","2021","04","14",2021-04-01,2021-04-01 14:00:00,2024-01-02 14:00:00,"83012","Waals Gewest","Provincie Luxemburg","Durbuy",50.3491814910001,5.48277800800003,"Buiten Kruispunt","Normaal","Proper","buiten bebouwde kom","Dag","Gewestweg","Met doden","Motorfiets","één bestuurder, geen hindernis","Eén bestuurder, geen hindernis (incl. val)","Geen hindernis"
"2339","2021","04","13",2021-04-01,2021-04-01 13:00:00,2024-01-02 13:00:00,"82014","Waals Gewest","Provincie Luxemburg","Houffalize",50.160368566,5.78265330600004,"Buiten Kruispunt","Normaal","Droog+Proper","buiten bebouwde kom","Dag","Gewestweg","Met doden","Motorfiets","Vrachtwagen","Tussen 2 bestuurders: Frontale botsing","Geen hindernis"
"2340","2021","04","00",2021-04-01,2021-04-01 00:00:00,2024-01-02 00:00:00,"92048","Waals Gewest","Provincie Namen","Fosses-la-Ville",50.3904046650001,4.64755534800003,"Buiten Kruispunt","Normaal","Proper","buiten bebouwde kom","Nacht, openbare verlichting aanwezig en ontstoken","Gewestweg","Met doden","personenauto","een weggebruiker tegen een hindernis","Weggebruiker tegen hindernis buiten rijbaan","Buiten de rijbaan: Omheining"
"2341","2021","04","09",2021-04-01,2021-04-01 09:00:00,2024-01-02 09:00:00,"57096","Waals Gewest","Provincie Henegouwen","Moeskroen",50.7338706080001,3.20105352800004,"Buiten Kruispunt","Normaal","Proper","binnen bebouwde kom","Dag","Gemeenteweg","dodelijk gewonden","personenauto","een weggebruiker tegen een hindernis","Weggebruiker tegen hindernis buiten rijbaan","Buiten de rijbaan: Muur gebouw"
"2342","2021","04","14",2021-04-01,2021-04-01 14:00:00,2024-01-02 14:00:00,"57097","Waals Gewest","Provincie Henegouwen","Komen-Waasten",50.7710341960001,2.99629101200003,"Buiten Kruispunt","Normaal","Droog+Proper","binnen bebouwde kom","Dag","Gemeenteweg","dodelijk gewonden","personenauto","Voetganger","Met een voetganger","Geen hindernis"
"2343","2021","04","18",2021-04-01,2021-04-01 18:00:00,2024-01-02 18:00:00,"51008","Waals Gewest","Provincie Henegouwen","Beloeil",NA,NA,"Buiten Kruispunt","Normaal","Droog","buiten bebouwde kom","Dag","Gemeenteweg","dodelijk gewonden","Lichte vrachtauto","een weggebruiker tegen een hindernis","Weggebruiker tegen hindernis buiten rijbaan","Buiten de rijbaan: Boom"
"2344","2021","04","16",2021-04-01,2021-04-01 16:00:00,2024-01-02 16:00:00,"51009","Waals Gewest","Provincie Henegouwen","Bernissart",50.50420561,3.65556153800003,"Buiten Kruispunt","Regenval","Nat, plassen+Proper","buiten bebouwde kom","Dag","Gewestweg","Met doden","Vrachtwagen","Lichte vrachtauto","Tussen 2 bestuurders: Frontale botsing","Geen hindernis"
"2345","2021","04","17",2021-04-01,2021-04-01 17:00:00,2024-01-02 17:00:00,"56022","Waals Gewest","Provincie Henegouwen","Erquelinnes",50.2840749530001,4.18657187500003,"Buiten Kruispunt","Normaal","Proper","binnen bebouwde kom","Dag","Gewestweg","Met doden","personenauto","Fiets","Tussen 2 bestuurders: Langs achteren","Geen hindernis"
"2346","2021","04","23",2021-04-01,2021-04-01 23:00:00,2024-01-02 23:00:00,"58003","Waals Gewest","Provincie Henegouwen","Estinnes",50.3370834900001,4.09156206200004,"Buiten Kruispunt","Normaal","Proper","buiten bebouwde kom","Nacht, geen openbare verlichting aanwezig","Gewestweg","Met doden","personenauto","Bromfiets","Tss. 2 best.: langs opzij (voor-/achterkant-flank)","Geen hindernis"
"2347","2021","04","20",2021-04-01,2021-04-01 20:00:00,2024-01-02 20:00:00,"56029","Waals Gewest","Provincie Henegouwen","Froidchapelle",50.1255700740001,4.33344040600002,"Buiten Kruispunt","Regenval+Sneeuwval","Nat, plassen+Ijzel of sneeuw","binnen bebouwde kom","Nacht, geen openbare verlichting aanwezig","Gemeenteweg","dodelijk gewonden","personenauto","een weggebruiker tegen een hindernis","Weggebruiker tegen hindernis buiten rijbaan","Buiten de rijbaan: Boom"
"2348","2021","04","14",2021-04-01,2021-04-01 14:00:00,2024-01-02 14:00:00,"11002","Vlaams Gewest","Provincie Antwerpen","Antwerpen",51.35221805,4.32502106900006,"Buiten Kruispunt","Normaal","Droog","binnen bebouwde kom","Dag","Gemeenteweg","Met doden","Andere weggebruiker","personenauto","Tussen 2 bestuurders: Flank tegen flank","Geen hindernis"
"2349","2021","04","14",2021-04-01,2021-04-01 14:00:00,2024-01-02 14:00:00,"71053","Vlaams Gewest","Provincie Limburg","Sint-Truiden",50.808501027,5.19472165500002,"Buiten Kruispunt","Normaal","Droog","binnen bebouwde kom","Dag","Gewestweg","Met doden","Fiets","personenauto","Tussen 2 bestuurders: Flank tegen flank","Geen hindernis"
"2350","2021","04","16",2021-04-01,2021-04-01 16:00:00,2024-01-02 16:00:00,"73022","Vlaams Gewest","Provincie Limburg","Heers",50.7454830030001,5.29668262200005,"Op Kruispunt","Normaal","Droog","buiten bebouwde kom","Dag","Gewestweg","Met doden","personenauto","één bestuurder, geen hindernis","Eén bestuurder, geen hindernis (incl. val)","Geen hindernis"
"2351","2021","04","17",2021-04-01,2021-04-01 17:00:00,2024-01-02 17:00:00,"72041","Vlaams Gewest","Provincie Limburg","Dilsen-Stokkem",NA,NA,"Buiten Kruispunt","Normaal","Droog","buiten bebouwde kom","Dag","Gemeenteweg","Met doden","personenauto","een weggebruiker tegen een hindernis","Weggebruiker tegen hindernis buiten rijbaan","Buiten de rijbaan: Boom"
"2352","2021","04","17",2021-04-01,2021-04-01 17:00:00,2024-01-02 17:00:00,"23024","Vlaams Gewest","Provincie Vlaams-Brabant","Gooik",50.7235146080001,4.24812587000002,"Buiten Kruispunt","Normaal","Droog+Proper","buiten bebouwde kom","Dag","Gewestweg","Met doden","personenauto","een weggebruiker tegen een hindernis","Weggebruiker tegen hindernis buiten rijbaan","Buiten de rijbaan: Boom"
"2353","2021","04","11",2021-04-01,2021-04-01 11:00:00,2024-01-02 11:00:00,"23045","Vlaams Gewest","Provincie Vlaams-Brabant","Londerzeel",51.0027405930001,4.30516080500007,"Op Kruispunt","Normaal","Droog","binnen bebouwde kom","Dag","Gemeenteweg","Met doden","personenauto","Fiets","Tss. 2 best.: langs opzij (voor-/achterkant-flank)","Geen hindernis"
"2354","2021","04","17",2021-04-01,2021-04-01 17:00:00,2024-01-02 17:00:00,"46021","Vlaams Gewest","Provincie Oost-Vlaanderen","Sint-Niklaas (Sint-Niklaas)",NA,NA,"Buiten Kruispunt","Normaal","Droog","buiten bebouwde kom","Dag","Gemeenteweg","Met doden","Lichte vrachtauto","Motorfiets","Tss. 2 best.: langs opzij (voor-/achterkant-flank)","Geen hindernis"
"2355","2021","04","19",2021-04-01,2021-04-01 19:00:00,2024-01-02 19:00:00,"38002","Vlaams Gewest","Provincie West-Vlaanderen","Alveringem",50.9965021950001,2.68661256700005,"Buiten Kruispunt","Normaal","Droog","buiten bebouwde kom","Dag","Gewestweg","dodelijk gewonden","personenauto","een weggebruiker tegen een hindernis","Weggebruiker tegen hindernis buiten rijbaan","Buiten de rijbaan: Gracht"
"2356","2021","04","06",2021-04-01,2021-04-01 06:00:00,2024-01-02 06:00:00,"11002","Vlaams Gewest","Provincie Antwerpen","Antwerpen",NA,NA,"Buiten Kruispunt","Normaal","Droog","buiten bebouwde kom","Dageraad - schemering","Gemeenteweg","Met doden","personenauto","Vrachtwagen","Tussen 2 bestuurders: Frontale botsing","Geen hindernis"
"2357","2021","04","17",2021-04-01,2021-04-01 17:00:00,2024-01-02 17:00:00,"71016","Vlaams Gewest","Provincie Limburg","Genk",50.942226754,5.53561877300007,"Op Kruispunt","Normaal","Droog","buiten bebouwde kom","Dag","Gewestweg","Met doden","personenauto","Motorfiets","Tussen 2 bestuurders: Frontale botsing","Geen hindernis"
"2358","2021","04","12",2021-04-01,2021-04-01 12:00:00,2024-01-02 12:00:00,"24107","Vlaams Gewest","Provincie Vlaams-Brabant","Tienen",NA,NA,"Buiten Kruispunt","Normaal","Droog","binnen bebouwde kom","Dag","Gemeenteweg","Met doden","Motorfiets","één bestuurder, geen hindernis","Eén bestuurder, geen hindernis (incl. val)","Geen hindernis"
"2359","2021","05","02",2021-05-01,2021-05-01 02:00:00,2024-01-02 02:00:00,"11001","Vlaams Gewest","Provincie Antwerpen","Aartselaar",51.1239494110001,4.37439222000006,"Buiten Kruispunt","Normaal","Droog","buiten bebouwde kom","Nacht, openbare verlichting aanwezig en ontstoken","Autosnelweg","Met doden","personenauto","Vrachtwagen","Tussen 2 bestuurders: Langs achteren","Geen hindernis"
"2360","2021","05","03",2021-05-01,2021-05-01 03:00:00,2024-01-02 03:00:00,"44084","Vlaams Gewest","Provincie Oost-Vlaanderen","Aalter",51.1074866430001,3.36884224700003,"Buiten Kruispunt","Regenval","Nat, plassen","buiten bebouwde kom","Nacht, geen openbare verlichting aanwezig","Autosnelweg","Met doden","personenauto","Voetganger","Met een voetganger","Geen hindernis"
"2361","2021","05","20",2021-05-01,2021-05-01 20:00:00,2024-01-02 20:00:00,"31005","Vlaams Gewest","Provincie West-Vlaanderen","Brugge",51.1700140680001,3.15651687400003,"Buiten Kruispunt","Regenval","Nat, plassen","buiten bebouwde kom","Dag","Autosnelweg","Met doden","personenauto","een weggebruiker tegen een hindernis","Weggebruiker tegen hindernis buiten rijbaan","Buiten de rijbaan: Boom"
"2362","2021","05","14",2021-05-01,2021-05-01 14:00:00,2024-01-02 14:00:00,"23094","Vlaams Gewest","Provincie Vlaams-Brabant","Zaventem",50.8688324680001,4.46919499900002,"Buiten Kruispunt","Normaal","Droog","buiten bebouwde kom","Dag","Autosnelweg","Met doden","Vrachtwagen","Vrachtwagen","Kettingbotsing (3 bestuurders of meer)","Geen hindernis"
"2363","2021","05","13",2021-05-01,2021-05-01 13:00:00,2024-01-02 13:00:00,"24107","Vlaams Gewest","Provincie Vlaams-Brabant","Tienen",50.771346414,4.93339696700002,"Buiten Kruispunt","Normaal","Droog","buiten bebouwde kom","Dag","Autosnelweg","Met doden","personenauto","een weggebruiker tegen een hindernis","Weggebruiker tegen hindernis buiten rijbaan","Buiten de rijbaan: Vangrails niet overgestoken"
"2364","2021","05","08",2021-05-01,2021-05-01 08:00:00,2024-01-02 08:00:00,"25112","Waals Gewest","Provincie Waals-Brabant","Waver",50.7149045670001,4.59268363800004,"Buiten Kruispunt","Normaal","Droog+Proper","buiten bebouwde kom","Dag","Autosnelweg","dodelijk gewonden","Vrachtwagen","een weggebruiker tegen een hindernis","Weggebruiker tegen hindernis buiten rijbaan","Buiten de rijbaan: Vangrails niet overgestoken"
"2365","2021","05","03",2021-05-01,2021-05-01 03:00:00,2024-01-02 03:00:00,"52022","Waals Gewest","Provincie Henegouwen","Fontaine-l’Evêque",50.4408837550001,4.33033990700005,"Buiten Kruispunt","Normaal","Droog","buiten bebouwde kom","Nacht, openbare verlichting aanwezig en ontstoken","Autosnelweg","Met doden","Vrachtwagen","Voetganger","Met een voetganger","Geen hindernis"
"2366","2021","05","13",2021-05-01,2021-05-01 13:00:00,2024-01-02 13:00:00,"82003","Waals Gewest","Provincie Luxemburg","Bastenaken",50.0682576130001,5.73285668700004,"Buiten Kruispunt","Sneeuwval","Nat, plassen","buiten bebouwde kom","Dag","Autosnelweg","Met doden","personenauto","een weggebruiker tegen een hindernis","Weggebruiker tegen hindernis buiten rijbaan","Buiten de rijbaan: Verkeerseiland, middenberm"
"2367","2021","05","11",2021-05-01,2021-05-01 11:00:00,2024-01-02 11:00:00,"25124","Waals Gewest","Provincie Waals-Brabant","Walhain",50.640696017,4.67389084500007,"Buiten Kruispunt","Normaal","Proper","buiten bebouwde kom","Dag","Gemeenteweg","dodelijk gewonden","personenauto","Fiets","Tussen 2 bestuurders: Frontale botsing","Geen hindernis"
"2368","2021","05","16",2021-05-01,2021-05-01 16:00:00,2024-01-02 16:00:00,"62079","Waals Gewest","Provincie Luik","Oupeye",50.699995818,5.65069280300003,"Buiten Kruispunt","Normaal","Droog+Proper","binnen bebouwde kom","Dag","Gewestweg","dodelijk gewonden","personenauto","Motorfiets","Tss. 2 best.: langs opzij (voor-/achterkant-flank)","Geen hindernis"
"2369","2021","05","15",2021-05-01,2021-05-01 15:00:00,2024-01-02 15:00:00,"63075","Waals Gewest","Provincie Luik","Stoumont",NA,NA,"Buiten Kruispunt","Normaal","Proper","buiten bebouwde kom","Dag","Gemeenteweg","Met doden","Motorfiets","een weggebruiker tegen een hindernis","Weggebruiker tegen hindernis buiten rijbaan","Buiten de rijbaan: Boom"
"2370","2021","05","10",2021-05-01,2021-05-01 10:00:00,2024-01-02 10:00:00,"63067","Waals Gewest","Provincie Luik","Sankt Vith",50.2757050770001,6.12667963500007,"Buiten Kruispunt","Onbekend","Onbekend","onbekend","Dag","Gemeenteweg","Met doden","personenauto","één bestuurder, geen hindernis","Eén bestuurder, geen hindernis (incl. val)","Geen hindernis"
"2371","2021","05","22",2021-05-01,2021-05-01 22:00:00,2024-01-02 22:00:00,"61080","Waals Gewest","Provincie Luik","Engis",50.568155265,5.38991490900003,"Buiten Kruispunt","Normaal","Nat, plassen","buiten bebouwde kom","Nacht, openbare verlichting aanwezig en ontstoken","Gewestweg","Met doden","personenauto","een weggebruiker tegen een hindernis","Weggebruiker tegen hindernis buiten rijbaan","Buiten de rijbaan: Verlichtingspaal"
"2372","2021","05","16",2021-05-01,2021-05-01 16:00:00,2024-01-02 16:00:00,"81001","Waals Gewest","Provincie Luxemburg","Aarlen",49.69662852,5.75453604100005,"Buiten Kruispunt","Normaal","Droog+Proper","binnen bebouwde kom","Dag","Gewestweg","Met doden","personenauto","Andere weggebruiker","Tss. 2 best.: langs opzij (voor-/achterkant-flank)","Geen hindernis"
"2373","2021","05","20",2021-05-01,2021-05-01 20:00:00,2024-01-02 20:00:00,"85011","Waals Gewest","Provincie Luxemburg","Florenville",49.628946296,5.35525546600007,"Buiten Kruispunt","Regenval","Nat, plassen+Proper","buiten bebouwde kom","Dageraad - schemering","Gewestweg","Met doden","personenauto","een weggebruiker tegen een hindernis","Weggebruiker tegen hindernis buiten rijbaan","Buiten de rijbaan: Boom"
"2374","2021","05","10",2021-05-01,2021-05-01 10:00:00,2024-01-02 10:00:00,"82032","Waals Gewest","Provincie Luxemburg","Vielsalm",50.295514439,5.95213105100004,"Buiten Kruispunt","Normaal","Droog+Proper","buiten bebouwde kom","Dag","Gewestweg","Met doden","personenauto","een weggebruiker tegen een hindernis","Weggebruiker tegen hindernis buiten rijbaan","Buiten de rijbaan: Verkeerseiland, middenberm"
"2375","2021","05","16",2021-05-01,2021-05-01 16:00:00,2024-01-02 16:00:00,"92003","Waals Gewest","Provincie Namen","Andenne",NA,NA,"Op Kruispunt","Normaal","Droog","binnen bebouwde kom","Dag","Gewestweg","Met doden","Motorfiets","Vrachtwagen","Tussen 2 bestuurders: Frontale botsing","Geen hindernis"
"2376","2021","05","20",2021-05-01,2021-05-01 20:00:00,2024-01-02 20:00:00,"92087","Waals Gewest","Provincie Namen","Mettet",50.280654461,4.66066604300005,"Buiten Kruispunt","Normaal","Proper","binnen bebouwde kom","Dag","Gewestweg","Met doden","Motorfiets","een weggebruiker tegen een hindernis","Weggebruiker tegen hindernis buiten rijbaan","Buiten de rijbaan: Muur gebouw"
"2377","2021","05","21",2021-05-01,2021-05-01 21:00:00,2024-01-02 21:00:00,"57081","Waals Gewest","Provincie Henegouwen","Doornik",50.6102050900001,3.37699529800005,"Buiten Kruispunt","Normaal","Droog+Proper","binnen bebouwde kom","Dageraad - schemering","Gemeenteweg","dodelijk gewonden","personenauto","een weggebruiker tegen een hindernis","Weggebruiker tegen hindernis buiten rijbaan","Buiten de rijbaan: Boom"
"2378","2021","05","10",2021-05-01,2021-05-01 10:00:00,2024-01-02 10:00:00,"55004","Waals Gewest","Provincie Henegouwen","’s Gravenbrakel",50.59805528,4.13170097700004,"Op Kruispunt","Normaal","Droog","binnen bebouwde kom","Dag","Gewestweg","dodelijk gewonden","personenauto","personenauto","Tussen 2 bestuurders: Frontale botsing","Geen hindernis"
"2379","2021","05","12",2021-05-01,2021-05-01 12:00:00,2024-01-02 12:00:00,"56005","Waals Gewest","Provincie Henegouwen","Beaumont",50.2485707280001,4.25686558300004,"Buiten Kruispunt","Onbekend","Nat, plassen","buiten bebouwde kom","Dag","Gewestweg","dodelijk gewonden","personenauto","een weggebruiker tegen een hindernis","Weggebruiker tegen hindernis buiten rijbaan","Buiten de rijbaan: Boom"
"2380","2021","05","19",2021-05-01,2021-05-01 19:00:00,2024-01-02 19:00:00,"21004","Brussels Hoofdstedelijk Gewest",NA,"Brussel",50.8782025360001,4.35532603900003,"Op Kruispunt","Regenval","Nat, plassen","binnen bebouwde kom","Dageraad - schemering","Gewestweg","Met doden","personenauto","Voetganger","Met een voetganger","Geen hindernis"
"2381","2021","05","14",2021-05-01,2021-05-01 14:00:00,2024-01-02 14:00:00,"21015","Brussels Hoofdstedelijk Gewest",NA,"Schaarbeek",NA,NA,"Buiten Kruispunt","Normaal","Proper","binnen bebouwde kom","Dag","Gewestweg","Met doden","Fiets","Andere weggebruiker","Tss. 2 best.: langs opzij (voor-/achterkant-flank)","Geen hindernis"
"2382","2021","05","18",2021-05-01,2021-05-01 18:00:00,2024-01-02 18:00:00,"11053","Vlaams Gewest","Provincie Antwerpen","Wuustwezel",51.380819225,4.68957521500005,"Op Kruispunt","Normaal","Droog","buiten bebouwde kom","Dag","Gemeenteweg","Met doden","personenauto","Fiets","Tss. 2 best.: langs opzij (voor-/achterkant-flank)","Geen hindernis"
"2383","2021","05","19",2021-05-01,2021-05-01 19:00:00,2024-01-02 19:00:00,"12041","Vlaams Gewest","Provincie Antwerpen","Puurs-Sint-Amands",51.038932275,4.22015419700006,"Op Kruispunt","Normaal","Proper","buiten bebouwde kom","Dag","Gewestweg","Met doden","Motorfiets","Andere weggebruiker","Tss. 2 best.: langs opzij (voor-/achterkant-flank)","Geen hindernis"
"2384","2021","05","09",2021-05-01,2021-05-01 09:00:00,2024-01-02 09:00:00,"12026","Vlaams Gewest","Provincie Antwerpen","Nijlen",51.1650885400001,4.69337757300002,"Op Kruispunt","Normaal","Droog","buiten bebouwde kom","Dag","Gewestweg","dodelijk gewonden","Fiets","personenauto","Tss. 2 best.: langs opzij (voor-/achterkant-flank)","Geen hindernis"
"2385","2021","05","16",2021-05-01,2021-05-01 16:00:00,2024-01-02 16:00:00,"13040","Vlaams Gewest","Provincie Antwerpen","Turnhout",51.3334403260001,4.96083986300005,"Op Kruispunt","Normaal","Droog","buiten bebouwde kom","Dag","Gewestweg","dodelijk gewonden","Fiets","Vrachtwagen","Tss. 2 best.: langs opzij (voor-/achterkant-flank)","Geen hindernis"
"2386","2021","05","00",2021-05-01,2021-05-01 00:00:00,2024-01-02 00:00:00,"13019","Vlaams Gewest","Provincie Antwerpen","Lille",51.2405815230001,4.85117160900006,"Op Kruispunt","Normaal","Vuil (zand, grint, bladeren,...)","buiten bebouwde kom","Nacht, openbare verlichting aanwezig en ontstoken","Gemeenteweg","dodelijk gewonden","personenauto","een weggebruiker tegen een hindernis","Weggebruiker tegen hindernis buiten rijbaan","Buiten de rijbaan: Boom"
"2387","2021","05","09",2021-05-01,2021-05-01 09:00:00,2024-01-02 09:00:00,"13049","Vlaams Gewest","Provincie Antwerpen","Westerlo",51.1387055800001,4.90370477700003,"Buiten Kruispunt","Normaal","Droog","binnen bebouwde kom","Dag","Gemeenteweg","dodelijk gewonden","onbekend","onbekend","Andere of onbekend","Geen vermelding van de aanwezigheid van een hindernis"
"2388","2021","05","07",2021-05-01,2021-05-01 07:00:00,2024-01-02 07:00:00,"23033","Vlaams Gewest","Provincie Vlaams-Brabant","Hoeilaart",NA,NA,"Buiten Kruispunt","Normaal","Droog","buiten bebouwde kom","Dag","Gewestweg","Met doden","Motorfiets","Vrachtwagen","Tussen 2 bestuurders: Frontale botsing","Geen hindernis"
"2389","2021","05","16",2021-05-01,2021-05-01 16:00:00,2024-01-02 16:00:00,"44021","Vlaams Gewest","Provincie Oost-Vlaanderen","Gent",51.088458969,3.71300646400005,"Buiten Kruispunt","Onbekend","Onbekend","binnen bebouwde kom","Dag","Gemeenteweg","dodelijk gewonden","Fiets","één bestuurder, geen hindernis","Eén bestuurder, geen hindernis (incl. val)","Geen hindernis"
"2390","2021","05","12",2021-05-01,2021-05-01 12:00:00,2024-01-02 12:00:00,"43007","Vlaams Gewest","Provincie Oost-Vlaanderen","Kaprijke",NA,NA,"Op Kruispunt","Normaal","Droog","buiten bebouwde kom","Dag","Gewestweg","Met doden","Bromfiets","Vrachtwagen","Tss. 2 best.: langs opzij (voor-/achterkant-flank)","Geen hindernis"
"2391","2021","05","16",2021-05-01,2021-05-01 16:00:00,2024-01-02 16:00:00,"46013","Vlaams Gewest","Provincie Oost-Vlaanderen","Kruibeke",NA,NA,"Buiten Kruispunt","Regenval","Nat, plassen","buiten bebouwde kom","Dag","Gewestweg","Met doden","Lichte vrachtauto","Vrachtwagen","Tussen 2 bestuurders: Frontale botsing","Geen hindernis"
"2392","2021","05","15",2021-05-01,2021-05-01 15:00:00,2024-01-02 15:00:00,"31005","Vlaams Gewest","Provincie West-Vlaanderen","Brugge",51.2140765560001,3.25117714000004,"Buiten Kruispunt","Normaal","Droog+Proper","binnen bebouwde kom","Dag","Gemeenteweg","Met doden","Fiets","één bestuurder, geen hindernis","Eén bestuurder, geen hindernis (incl. val)","Geen hindernis"
"2393","2021","05","19",2021-05-01,2021-05-01 19:00:00,2024-01-02 19:00:00,"31005","Vlaams Gewest","Provincie West-Vlaanderen","Brugge",NA,NA,"Buiten Kruispunt","Normaal","Droog","buiten bebouwde kom","Dag","Gemeenteweg","Met doden","personenauto","een weggebruiker tegen een hindernis","Weggebruiker tegen hindernis buiten rijbaan","Buiten de rijbaan: Andere paal"
"2394","2021","05","12",2021-05-01,2021-05-01 12:00:00,2024-01-02 12:00:00,"73107","Vlaams Gewest","Provincie Limburg","Maasmechelen",NA,NA,"Op Kruispunt","Normaal","Droog","binnen bebouwde kom","Dag","Gemeenteweg","dodelijk gewonden","personenauto","Fiets","Tss. 2 best.: langs opzij (voor-/achterkant-flank)","Geen hindernis"
"2395","2021","05","17",2021-05-01,2021-05-01 17:00:00,2024-01-02 17:00:00,"73042","Vlaams Gewest","Provincie Limburg","Lanaken",50.9299680670001,5.68861324900007,"Buiten Kruispunt","Normaal","Droog","buiten bebouwde kom","Dag","Gewestweg","Met doden","Motorfiets","personenauto","Tss. 2 best.: langs opzij (voor-/achterkant-flank)","Geen hindernis"
"2396","2021","05","03",2021-05-01,2021-05-01 03:00:00,2024-01-02 03:00:00,"71022","Vlaams Gewest","Provincie Limburg","Hasselt",NA,NA,"Buiten Kruispunt","Normaal","Droog","buiten bebouwde kom","Nacht, geen openbare verlichting aanwezig","Gemeenteweg","Met doden","Andere weggebruiker","Voetganger","Met een voetganger","Geen hindernis"
"2397","2021","05","13",2021-05-01,2021-05-01 13:00:00,2024-01-02 13:00:00,"72018","Vlaams Gewest","Provincie Limburg","Kinrooi",51.1457493,5.72624003700003,"Op Kruispunt","Normaal","Droog","buiten bebouwde kom","Dag","Gewestweg","Met doden","personenauto","personenauto","Tussen 2 bestuurders: Frontale botsing","Geen hindernis"
"2398","2021","05","18",2021-05-01,2021-05-01 18:00:00,2024-01-02 18:00:00,"44048","Vlaams Gewest","Provincie Oost-Vlaanderen","Nazareth",50.9444585910001,3.60882845400005,"Buiten Kruispunt","Normaal","Droog","buiten bebouwde kom","Dag","Gemeenteweg","dodelijk gewonden","Motorfiets","een weggebruiker tegen een hindernis","Weggebruiker tegen hindernis buiten rijbaan","Buiten de rijbaan: Boom"
"2399","2021","06","16",2021-06-01,2021-06-01 16:00:00,2024-01-02 16:00:00,"11005","Vlaams Gewest","Provincie Antwerpen","Boom",51.0876866360001,4.36012420800006,"Buiten Kruispunt","Normaal","Droog","buiten bebouwde kom","Dag","Autosnelweg","Met doden","Vrachtwagen","Voetganger","Met een voetganger","Geen hindernis"
"2400","2021","06","15",2021-06-01,2021-06-01 15:00:00,2024-01-02 15:00:00,"11013","Vlaams Gewest","Provincie Antwerpen","Edegem",51.152152158,4.42181006400006,"Buiten Kruispunt","Normaal","Droog","buiten bebouwde kom","Dag","Autosnelweg","Met doden","personenauto","Vrachtwagen","Tussen 2 bestuurders: Langs achteren","Geen hindernis"