"","DT_YEAR_COLLISION","DT_MONTH_COLLISION","DT_TIME","YEAR_MONTH_DAY","YEAR_MONTH_DAY_HOUR","TIME_DT","CD_NIS","TX_RGN_COLLISION_NL","TX_PROV_COLLISION_NL","TX_MUNTY_COLLISION_NL","LAT_WGS84","LONG_WGS84","TX_CROSSWAY_NL","TX_WEATHER_NL","TX_ROAD_CONDITION_NL","TX_BUILD_UP_AREA_NL","TX_LIGHT_CONDITION_NL","CD_ROAD_TYPE_NL","TX_CLASS_ACCIDENTS_NL","TX_ROAD_USR_TYPE1_NL","TX_ROAD_USR_TYPE2_NL","TX_COLLISION_TYPE_NL","TX_OBSTACLES_NL"
"2401","2021","06","15",2021-06-01,2021-06-01 15:00:00,2024-01-02 15:00:00,"44034","Vlaams Gewest","Provincie Oost-Vlaanderen","Lochristi",51.0689311290001,3.89397219900007,"Buiten Kruispunt","Normaal","Droog+Proper","buiten bebouwde kom","Dag","Autosnelweg","Met doden","personenauto","Vrachtwagen","Tussen 2 bestuurders: Langs achteren","Geen hindernis"
"2402","2021","06","16",2021-06-01,2021-06-01 16:00:00,2024-01-02 16:00:00,"23027","Vlaams Gewest","Provincie Vlaams-Brabant","Halle (Halle-Vilvoorde)",50.725774201,4.21480836800004,"Buiten Kruispunt","Normaal","Droog","buiten bebouwde kom","Dag","Autosnelweg","Met doden","Lichte vrachtauto","Vrachtwagen","Tussen 2 bestuurders: Langs achteren","Geen hindernis"
"2403","2021","06","23",2021-06-01,2021-06-01 23:00:00,2024-01-02 23:00:00,"53053","Waals Gewest","Provincie Henegouwen","Bergen",50.4474272420001,3.91250441600005,"Buiten Kruispunt","Normaal","Proper","buiten bebouwde kom","Nacht, openbare verlichting aanwezig en ontstoken","Autosnelweg","Met doden","personenauto","een weggebruiker tegen een hindernis","Weggebruiker tegen hindernis buiten rijbaan","Buiten de rijbaan: Vangrails overschreden"
"2404","2021","06","17",2021-06-01,2021-06-01 17:00:00,2024-01-02 17:00:00,"55085","Waals Gewest","Provincie Henegouwen","Seneffe",NA,NA,"Buiten Kruispunt","Onbekend","Onbekend","onbekend","Dag","Gemeenteweg","Met doden","onbekend","onbekend","Geen vermelding van de type aanrijding","Geen vermelding van de type aanrijding"
"2405","2021","06","14",2021-06-01,2021-06-01 14:00:00,2024-01-02 14:00:00,"92137","Waals Gewest","Provincie Namen","Sambreville",50.466745831,4.62922281500005,"Buiten Kruispunt","Normaal","Droog","buiten bebouwde kom","Dag","Gewestweg","Met doden","Lichte vrachtauto","personenauto","Tussen 2 bestuurders: Langs achteren","Geen hindernis"
"2406","2021","06","07",2021-06-01,2021-06-01 07:00:00,2024-01-02 07:00:00,"91120","Waals Gewest","Provincie Namen","Somme-Leuze",50.265361838,5.25018529300007,"Buiten Kruispunt","Regenval","Nat, plassen","buiten bebouwde kom","Dag","Gewestweg","Met doden","personenauto","een weggebruiker tegen een hindernis","Weggebruiker tegen hindernis buiten rijbaan","Buiten de rijbaan: Vangrails niet overgestoken"
"2407","2021","06","00",2021-06-01,2021-06-01 00:00:00,2024-01-02 00:00:00,"62119","Waals Gewest","Provincie Luik","Blegny",50.6643558800001,5.69470089400005,"Buiten Kruispunt","Normaal","Proper","buiten bebouwde kom","Nacht, openbare verlichting aanwezig en ontstoken","Autosnelweg","Met doden","personenauto","een weggebruiker tegen een hindernis","Weggebruiker tegen hindernis buiten rijbaan","Buiten de rijbaan: Vangrails niet overgestoken"
"2408","2021","06","07",2021-06-01,2021-06-01 07:00:00,2024-01-02 07:00:00,"25044","Waals Gewest","Provincie Waals-Brabant","Itter",50.6416092920001,4.20217858300003,"Op Kruispunt","Normaal","Droog","binnen bebouwde kom","Dag","Gewestweg","Met doden","Lichte vrachtauto","Motorfiets","Tss. 2 best.: langs opzij (voor-/achterkant-flank)","Geen hindernis"
"2409","2021","06","20",2021-06-01,2021-06-01 20:00:00,2024-01-02 20:00:00,"62063","Waals Gewest","Provincie Luik","Luik",NA,NA,"Buiten Kruispunt","Normaal","Droog","buiten bebouwde kom","Dag","Gewestweg","Met doden","Motorfiets","één bestuurder, geen hindernis","Eén bestuurder, geen hindernis (incl. val)","Geen hindernis"
"2410","2021","06","09",2021-06-01,2021-06-01 09:00:00,2024-01-02 09:00:00,"63035","Waals Gewest","Provincie Luik","Herve",50.6601122920001,5.78758111700006,"Buiten Kruispunt","Normaal","Droog","buiten bebouwde kom","Dag","Gewestweg","Met doden","Lichte vrachtauto","een weggebruiker tegen een hindernis","Weggebruiker tegen hindernis buiten rijbaan","Buiten de rijbaan: Boom"
"2411","2021","06","23",2021-06-01,2021-06-01 23:00:00,2024-01-02 23:00:00,"85026","Waals Gewest","Provincie Luxemburg","Musson",49.559037145,5.70786549300004,"Buiten Kruispunt","Normaal","Proper","binnen bebouwde kom","Nacht, openbare verlichting aanwezig en ontstoken","Gewestweg","Met doden","onbekend","onbekend","Andere of onbekend","Geen vermelding van de aanwezigheid van een hindernis"
"2412","2021","06","16",2021-06-01,2021-06-01 16:00:00,2024-01-02 16:00:00,"84059","Waals Gewest","Provincie Luxemburg","Saint-Hubert",50.061312505,5.31804668300003,"Buiten Kruispunt","Regenval","Nat, plassen","buiten bebouwde kom","Dag","Gewestweg","Met doden","personenauto","personenauto","Tss. 2 best.: langs opzij (voor-/achterkant-flank)","Geen hindernis"
"2413","2021","06","05",2021-06-01,2021-06-01 05:00:00,2024-01-02 05:00:00,"92094","Waals Gewest","Provincie Namen","Namen",NA,NA,"Buiten Kruispunt","Normaal","Nat, plassen","binnen bebouwde kom","Dageraad - schemering","Gewestweg","Met doden","personenauto","een weggebruiker tegen een hindernis","Weggebruiker tegen hindernis op de rijbaan","Op de rijbaan: Werken (signal., aarde, toestel,…)"
"2414","2021","06","18",2021-06-01,2021-06-01 18:00:00,2024-01-02 18:00:00,"92138","Waals Gewest","Provincie Namen","Fernelmont",50.5673642730001,4.94216120900006,"Op Kruispunt","Normaal","Droog+Proper","buiten bebouwde kom","Dag","Gewestweg","Met doden","personenauto","personenauto","Tss. 2 best.: langs opzij (voor-/achterkant-flank)","Geen hindernis"
"2415","2021","06","17",2021-06-01,2021-06-01 17:00:00,2024-01-02 17:00:00,"91013","Waals Gewest","Provincie Namen","Beauraing",50.1308322450001,5.03236082400002,"Buiten Kruispunt","Normaal","Droog","buiten bebouwde kom","Dag","Gewestweg","Met doden","personenauto","personenauto","Tss. 2 best.: langs opzij (voor-/achterkant-flank)","Geen hindernis"
"2416","2021","06","15",2021-06-01,2021-06-01 15:00:00,2024-01-02 15:00:00,"57096","Waals Gewest","Provincie Henegouwen","Moeskroen",NA,NA,"Buiten Kruispunt","Normaal","Proper","binnen bebouwde kom","Dag","Gemeenteweg","Met doden","Motorfiets","een weggebruiker tegen een hindernis","Weggebruiker tegen hindernis buiten rijbaan","Onbekend"
"2417","2021","06","12",2021-06-01,2021-06-01 12:00:00,2024-01-02 12:00:00,"57094","Waals Gewest","Provincie Henegouwen","Leuze-en-Hainaut",50.5807994370001,3.66904506500003,"Op Kruispunt","Normaal","Proper","buiten bebouwde kom","Dag","Gemeenteweg","Met doden","personenauto","personenauto","Tss. 2 best.: langs opzij (voor-/achterkant-flank)","Geen hindernis"
"2418","2021","06","20",2021-06-01,2021-06-01 20:00:00,2024-01-02 20:00:00,"53053","Waals Gewest","Provincie Henegouwen","Bergen",50.437915651,3.99035290000006,"Buiten Kruispunt","Normaal","Droog+Proper","buiten bebouwde kom","Dag","Gewestweg","dodelijk gewonden","personenauto","personenauto","Tss. 2 best.: langs opzij (voor-/achterkant-flank)","Geen hindernis"
"2419","2021","06","10",2021-06-01,2021-06-01 10:00:00,2024-01-02 10:00:00,"52011","Waals Gewest","Provincie Henegouwen","Charleroi",50.389884168,4.46004195600005,"Buiten Kruispunt","Normaal","Droog","binnen bebouwde kom","Dag","Gewestweg","Met doden","Vrachtwagen","Voetganger","Met een voetganger","Geen hindernis"
"2420","2021","06","04",2021-06-01,2021-06-01 04:00:00,2024-01-02 04:00:00,"52025","Waals Gewest","Provincie Henegouwen","Gerpinnes",NA,NA,"Buiten Kruispunt","Normaal","Droog","binnen bebouwde kom","Nacht, openbare verlichting aanwezig en ontstoken","Gemeenteweg","Met doden","personenauto","een weggebruiker tegen een hindernis","Weggebruiker tegen hindernis buiten rijbaan","Buiten de rijbaan: Muur gebouw"
"2421","2021","06","08",2021-06-01,2021-06-01 08:00:00,2024-01-02 08:00:00,"11002","Vlaams Gewest","Provincie Antwerpen","Antwerpen",51.2481547730001,4.42076870600005,"Buiten Kruispunt","Normaal","Droog","binnen bebouwde kom","Dag","Gemeenteweg","dodelijk gewonden","Vrachtwagen","Voetganger","Met een voetganger","Geen hindernis"
"2422","2021","06","15",2021-06-01,2021-06-01 15:00:00,2024-01-02 15:00:00,"11008","Vlaams Gewest","Provincie Antwerpen","Brasschaat",51.332128428,4.52075243700006,"Buiten Kruispunt","Normaal","Droog","buiten bebouwde kom","Dag","Gewestweg","Met doden","personenauto","een weggebruiker tegen een hindernis","Weggebruiker tegen hindernis buiten rijbaan","Buiten de rijbaan: Gracht"
"2423","2021","06","07",2021-06-01,2021-06-01 07:00:00,2024-01-02 07:00:00,"11040","Vlaams Gewest","Provincie Antwerpen","Schoten",NA,NA,"Buiten Kruispunt","Normaal","Droog","buiten bebouwde kom","Dag","Gemeenteweg","Met doden","Fiets","Vrachtwagen","Tussen 2 bestuurders: Frontale botsing","Geen hindernis"
"2424","2021","06","15",2021-06-01,2021-06-01 15:00:00,2024-01-02 15:00:00,"12007","Vlaams Gewest","Provincie Antwerpen","Bornem",51.0892899580001,4.27559791400006,"Op Kruispunt","Normaal","Onbekend","buiten bebouwde kom","Dag","Gewestweg","Met doden","Vrachtwagen","Fiets","Tss. 2 best.: langs opzij (voor-/achterkant-flank)","Geen hindernis"
"2425","2021","06","17",2021-06-01,2021-06-01 17:00:00,2024-01-02 17:00:00,"12026","Vlaams Gewest","Provincie Antwerpen","Nijlen",NA,NA,"Buiten Kruispunt","Normaal","Droog","buiten bebouwde kom","Dag","onbekend","dodelijk gewonden","Fiets","Fiets","Tussen 2 bestuurders: Flank tegen flank","Geen hindernis"
"2426","2021","06","17",2021-06-01,2021-06-01 17:00:00,2024-01-02 17:00:00,"12014","Vlaams Gewest","Provincie Antwerpen","Heist-op-den-Berg",51.0579895230001,4.71842029500004,"Op Kruispunt","Andere (dikke rook,...)","Droog","buiten bebouwde kom","Dag","Gewestweg","dodelijk gewonden","personenauto","Fiets","Tss. 2 best.: langs opzij (voor-/achterkant-flank)","Geen hindernis"
"2427","2021","06","08",2021-06-01,2021-06-01 08:00:00,2024-01-02 08:00:00,"13040","Vlaams Gewest","Provincie Antwerpen","Turnhout",51.3307752150001,4.95516005500002,"Buiten Kruispunt","Regenval","Nat, plassen","binnen bebouwde kom","Dag","Gewestweg","Met doden","personenauto","personenauto","Tss. 2 best.: langs opzij (voor-/achterkant-flank)","Geen hindernis"
"2428","2021","06","05",2021-06-01,2021-06-01 05:00:00,2024-01-02 05:00:00,"13017","Vlaams Gewest","Provincie Antwerpen","Kasterlee",NA,NA,"Buiten Kruispunt","Normaal","Droog","buiten bebouwde kom","Dageraad - schemering","Gewestweg","Met doden","personenauto","een weggebruiker tegen een hindernis","Weggebruiker tegen hindernis buiten rijbaan","Buiten de rijbaan: Boom"
"2429","2021","06","16",2021-06-01,2021-06-01 16:00:00,2024-01-02 16:00:00,"13008","Vlaams Gewest","Provincie Antwerpen","Geel",51.118600889,4.97887402100002,"Op Kruispunt","Normaal","Droog","buiten bebouwde kom","Dag","Gemeenteweg","Met doden","Autobus","Autobus","Tss. 2 best.: langs opzij (voor-/achterkant-flank)","Geen hindernis"
"2430","2021","06","05",2021-06-01,2021-06-01 05:00:00,2024-01-02 05:00:00,"72043","Vlaams Gewest","Provincie Limburg","Pelt",51.186871502,5.39186080600007,"Buiten Kruispunt","Normaal","Nat, plassen","buiten bebouwde kom","Dageraad - schemering","Gewestweg","Met doden","personenauto","Lichte vrachtauto","Tussen 2 bestuurders: Frontale botsing","Geen hindernis"
"2431","2021","06","16",2021-06-01,2021-06-01 16:00:00,2024-01-02 16:00:00,"71053","Vlaams Gewest","Provincie Limburg","Sint-Truiden",NA,NA,"Op Kruispunt","Normaal","Droog","buiten bebouwde kom","Dag","Gemeenteweg","dodelijk gewonden","Fiets","personenauto","Tss. 2 best.: langs opzij (voor-/achterkant-flank)","Geen hindernis"
"2432","2021","06","01",2021-06-01,2021-06-01 01:00:00,2024-01-02 01:00:00,"24048","Vlaams Gewest","Provincie Vlaams-Brabant","Keerbergen",51.01266586,4.64940504100002,"Buiten Kruispunt","Normaal","Droog","buiten bebouwde kom","Nacht, openbare verlichting aanwezig en ontstoken","Gemeenteweg","Met doden","personenauto","een weggebruiker tegen een hindernis","Weggebruiker tegen hindernis buiten rijbaan","Buiten de rijbaan: Andere paal"
"2433","2021","06","23",2021-06-01,2021-06-01 23:00:00,2024-01-02 23:00:00,"24134","Vlaams Gewest","Provincie Vlaams-Brabant","Scherpenheuvel-Zichem",50.998704258,4.96953331600002,"Op Kruispunt","Normaal","Droog","buiten bebouwde kom","Nacht, openbare verlichting aanwezig en ontstoken","Gemeenteweg","Met doden","personenauto","een weggebruiker tegen een hindernis","Weggebruiker tegen hindernis buiten rijbaan","Buiten de rijbaan: Gracht"
"2434","2021","06","16",2021-06-01,2021-06-01 16:00:00,2024-01-02 16:00:00,"44021","Vlaams Gewest","Provincie Oost-Vlaanderen","Gent",NA,NA,"Buiten Kruispunt","Normaal","Vuil (zand, grint, bladeren,...)","binnen bebouwde kom","Dag","Gemeenteweg","Met doden","Andere weggebruiker","één bestuurder, geen hindernis","Eén bestuurder, geen hindernis (incl. val)","Geen hindernis"
"2435","2021","06","09",2021-06-01,2021-06-01 09:00:00,2024-01-02 09:00:00,"44048","Vlaams Gewest","Provincie Oost-Vlaanderen","Nazareth",50.955993306,3.65038426000007,"Op Kruispunt","Normaal","Droog+Proper","buiten bebouwde kom","Dag","Gewestweg","Met doden","Fiets","personenauto","Tussen 2 bestuurders: Frontale botsing","Geen hindernis"
"2436","2021","06","22",2021-06-01,2021-06-01 22:00:00,2024-01-02 22:00:00,"45068","Vlaams Gewest","Provincie Oost-Vlaanderen","Kruisem",NA,NA,"Buiten Kruispunt","Normaal","Proper","buiten bebouwde kom","Dageraad - schemering","Gewestweg","Met doden","Lichte vrachtauto","een weggebruiker tegen een hindernis","Weggebruiker tegen hindernis op de rijbaan","Op de rijbaan: Container"
"2437","2021","06","09",2021-06-01,2021-06-01 09:00:00,2024-01-02 09:00:00,"45064","Vlaams Gewest","Provincie Oost-Vlaanderen","Maarkedal",50.8165102350001,3.64564154700003,"Buiten Kruispunt","Normaal","Droog","buiten bebouwde kom","Dag","Gewestweg","dodelijk gewonden","Fiets","een weggebruiker tegen een hindernis","Weggebruiker tegen hindernis buiten rijbaan","Andere hindernis"
"2438","2021","06","12",2021-06-01,2021-06-01 12:00:00,2024-01-02 12:00:00,"46013","Vlaams Gewest","Provincie Oost-Vlaanderen","Kruibeke",NA,NA,"Buiten Kruispunt","Normaal","Droog","buiten bebouwde kom","Dag","Gemeenteweg","dodelijk gewonden","Motorfiets","Fiets","Tussen 2 bestuurders: Frontale botsing","Geen hindernis"
"2439","2021","06","21",2021-06-01,2021-06-01 21:00:00,2024-01-02 21:00:00,"34040","Vlaams Gewest","Provincie West-Vlaanderen","Waregem",50.8950876220001,3.39073316800005,"Buiten Kruispunt","Normaal","Droog","buiten bebouwde kom","Dageraad - schemering","Gewestweg","dodelijk gewonden","Lichte vrachtauto","Bromfiets","Tussen 2 bestuurders: Flank tegen flank","Geen hindernis"
"2440","2021","06","07",2021-06-01,2021-06-01 07:00:00,2024-01-02 07:00:00,"34013","Vlaams Gewest","Provincie West-Vlaanderen","Harelbeke",50.8618640510001,3.30198350600006,"Op Kruispunt","Regenval","Nat, plassen","binnen bebouwde kom","Dag","Gewestweg","Met doden","Vrachtwagen","Bromfiets","Tss. 2 best.: langs opzij (voor-/achterkant-flank)","Geen hindernis"
"2441","2021","06","12",2021-06-01,2021-06-01 12:00:00,2024-01-02 12:00:00,"12025","Vlaams Gewest","Provincie Antwerpen","Mechelen",NA,NA,"Buiten Kruispunt","Normaal","Nat, plassen","buiten bebouwde kom","Dag","Gewestweg","Met doden","personenauto","een weggebruiker tegen een hindernis","Weggebruiker tegen hindernis buiten rijbaan","Andere hindernis"
"2442","2021","06","17",2021-06-01,2021-06-01 17:00:00,2024-01-02 17:00:00,"71022","Vlaams Gewest","Provincie Limburg","Hasselt",50.9682414500001,5.27608634700005,"Buiten Kruispunt","Normaal","Droog","buiten bebouwde kom","Dag","Gewestweg","Met doden","personenauto","personenauto","Tussen 2 bestuurders: Frontale botsing","Geen hindernis"
"2443","2021","06","09",2021-06-01,2021-06-01 09:00:00,2024-01-02 09:00:00,"71066","Vlaams Gewest","Provincie Limburg","Zonhoven",50.9949121380001,5.36907237100007,"Op Kruispunt","Normaal","Droog","binnen bebouwde kom","Dag","Gewestweg","dodelijk gewonden","onbekend","onbekend","Andere of onbekend","Geen vermelding van de aanwezigheid van een hindernis"
"2444","2021","06","01",2021-06-01,2021-06-01 01:00:00,2024-01-02 01:00:00,"72018","Vlaams Gewest","Provincie Limburg","Kinrooi",51.14334403,5.74184396100003,"Buiten Kruispunt","Normaal","Droog","buiten bebouwde kom","Nacht, openbare verlichting aanwezig en ontstoken","Gewestweg","Met doden","personenauto","een weggebruiker tegen een hindernis","Weggebruiker tegen hindernis buiten rijbaan","Buiten de rijbaan: Boom"
"2445","2021","07","01",2021-07-01,2021-07-01 01:00:00,2024-01-02 01:00:00,"42025","Vlaams Gewest","Provincie Oost-Vlaanderen","Wetteren",50.9767720190001,3.82911245400004,"Buiten Kruispunt","Normaal","Droog","buiten bebouwde kom","Nacht, openbare verlichting aanwezig en ontstoken","Autosnelweg","Met doden","Motorfiets","Motorfiets","Tussen 2 bestuurders: Flank tegen flank","Geen hindernis"
"2446","2021","07","03",2021-07-01,2021-07-01 03:00:00,2024-01-02 03:00:00,"34013","Vlaams Gewest","Provincie West-Vlaanderen","Harelbeke",50.8302935820001,3.32538666600004,"Buiten Kruispunt","Normaal","Droog","buiten bebouwde kom","Nacht, geen openbare verlichting aanwezig","Autosnelweg","Met doden","Vrachtwagen","personenauto","Tussen 2 bestuurders: Frontale botsing","Geen hindernis"
"2447","2021","07","14",2021-07-01,2021-07-01 14:00:00,2024-01-02 14:00:00,"25023","Waals Gewest","Provincie Waals-Brabant","Court-Saint-Etienne",50.631028832,4.56199234800005,"Buiten Kruispunt","Normaal","Droog","buiten bebouwde kom","Dag","Gewestweg","Met doden","personenauto","Bromfiets","Tussen 2 bestuurders: Langs achteren","Geen hindernis"
"2448","2021","07","08",2021-07-01,2021-07-01 08:00:00,2024-01-02 08:00:00,"55085","Waals Gewest","Provincie Henegouwen","Seneffe",50.523041511,4.19720611000002,"Buiten Kruispunt","Normaal","Droog+Proper","buiten bebouwde kom","Dag","Autosnelweg","Met doden","personenauto","personenauto","Tss. 2 best.: langs opzij (voor-/achterkant-flank)","Geen hindernis"
"2449","2021","07","16",2021-07-01,2021-07-01 16:00:00,2024-01-02 16:00:00,"52011","Waals Gewest","Provincie Henegouwen","Charleroi",50.436486501,4.44803634400006,"Buiten Kruispunt","Normaal","Proper","buiten bebouwde kom","Dag","Autosnelweg","Met doden","Motorfiets","personenauto","Tussen 2 bestuurders: Langs achteren","Geen hindernis"
"2450","2021","07","01",2021-07-01,2021-07-01 01:00:00,2024-01-02 01:00:00,"57094","Waals Gewest","Provincie Henegouwen","Leuze-en-Hainaut",50.615098276,3.61436803500004,"Buiten Kruispunt","Normaal","Droog","buiten bebouwde kom","Nacht, openbare verlichting aanwezig en ontstoken","Gewestweg","Met doden","personenauto","een weggebruiker tegen een hindernis","Weggebruiker tegen hindernis buiten rijbaan","Buiten de rijbaan: Verlichtingspaal"
"2451","2021","07","22",2021-07-01,2021-07-01 22:00:00,2024-01-02 22:00:00,"71022","Vlaams Gewest","Provincie Limburg","Hasselt",NA,NA,"Op Kruispunt","Normaal","Droog","buiten bebouwde kom","Nacht, openbare verlichting aanwezig en ontstoken","Gemeenteweg","Met doden","Voetganger","Andere weggebruiker","Met een voetganger","Geen hindernis"
"2452","2021","07","12",2021-07-01,2021-07-01 12:00:00,2024-01-02 12:00:00,"44021","Vlaams Gewest","Provincie Oost-Vlaanderen","Gent",NA,NA,"Buiten Kruispunt","Normaal","Droog","binnen bebouwde kom","Dag","Gemeenteweg","Met doden","Fiets","Andere weggebruiker","Tss. 2 best.: langs opzij (voor-/achterkant-flank)","Geen hindernis"
"2453","2021","08","12",2021-08-01,2021-08-01 12:00:00,2024-01-02 12:00:00,"82005","Waals Gewest","Provincie Luxemburg","Bertogne",50.045099689,5.71115040200004,"Buiten Kruispunt","Normaal","Droog","buiten bebouwde kom","Dag","Autosnelweg","Met doden","personenauto","een weggebruiker tegen een hindernis","Weggebruiker tegen hindernis buiten rijbaan","Andere hindernis"
"2454","2021","07","04",2021-07-01,2021-07-01 04:00:00,2024-01-02 04:00:00,"62063","Waals Gewest","Provincie Luik","Luik",50.6250435320001,5.55292756100005,"Buiten Kruispunt","Onbekend","Nat, plassen","binnen bebouwde kom","Dageraad - schemering","Gemeenteweg","Met doden","personenauto","een weggebruiker tegen een hindernis","Weggebruiker tegen hindernis buiten rijbaan","Buiten de rijbaan: Boom"
"2455","2021","07","20",2021-07-01,2021-07-01 20:00:00,2024-01-02 20:00:00,"62096","Waals Gewest","Provincie Luik","Seraing",NA,NA,"Buiten Kruispunt","Normaal","Droog+Proper","binnen bebouwde kom","Dag","Gemeenteweg","Met doden","Motorfiets","een weggebruiker tegen een hindernis","Weggebruiker tegen hindernis buiten rijbaan","Buiten de rijbaan: Boom"
"2456","2021","07","23",2021-07-01,2021-07-01 23:00:00,2024-01-02 23:00:00,"62100","Waals Gewest","Provincie Luik","Sprimont",50.5059485520001,5.67729188800007,"Buiten Kruispunt","Normaal","Proper","binnen bebouwde kom","Nacht, openb. verlicht. aanw., maar niet ontstoken","Gewestweg","Met doden","personenauto","een weggebruiker tegen een hindernis","Weggebruiker tegen hindernis op de rijbaan","Op de rijbaan: Werken (signal., aarde, toestel,…)"
"2457","2021","07","01",2021-07-01,2021-07-01 01:00:00,2024-01-02 01:00:00,"64021","Waals Gewest","Provincie Luik","Crisnée",50.7200861960001,5.39468128700003,"Buiten Kruispunt","Normaal","Nat, plassen","binnen bebouwde kom","Nacht, openbare verlichting aanwezig en ontstoken","Gemeenteweg","Met doden","personenauto","Voetganger","Met een voetganger","Geen hindernis"
"2458","2021","07","07",2021-07-01,2021-07-01 07:00:00,2024-01-02 07:00:00,"61072","Waals Gewest","Provincie Luik","Wanze",50.5324627000001,5.20979056300007,"Buiten Kruispunt","Normaal","Proper","buiten bebouwde kom","Dag","Gewestweg","Met doden","Vrachtwagen","een weggebruiker tegen een hindernis","Weggebruiker tegen hindernis buiten rijbaan","Buiten de rijbaan: Verkeerseiland, middenberm"
"2459","2021","07","19",2021-07-01,2021-07-01 19:00:00,2024-01-02 19:00:00,"83012","Waals Gewest","Provincie Luxemburg","Durbuy",50.3524370490001,5.50529009400003,"Buiten Kruispunt","Normaal","Proper","buiten bebouwde kom","Dag","Gewestweg","Met doden","personenauto","een weggebruiker tegen een hindernis","Weggebruiker tegen hindernis buiten rijbaan","Buiten de rijbaan: Boom"
"2460","2021","07","08",2021-07-01,2021-07-01 08:00:00,2024-01-02 08:00:00,"83034","Waals Gewest","Provincie Luxemburg","Marche-en-Famenne",50.1695453840001,5.28008898100006,"Buiten Kruispunt","Regenval","Nat, plassen","binnen bebouwde kom","Dag","Gewestweg","Met doden","personenauto","Voetganger","Met een voetganger","Geen hindernis"
"2461","2021","07","18",2021-07-01,2021-07-01 18:00:00,2024-01-02 18:00:00,"84009","Waals Gewest","Provincie Luxemburg","Bertrix",NA,NA,"Op Kruispunt","Normaal","Proper","buiten bebouwde kom","Dag","Gemeenteweg","Met doden","personenauto","een weggebruiker tegen een hindernis","Weggebruiker tegen hindernis buiten rijbaan","Buiten de rijbaan: Boom"
"2462","2021","07","19",2021-07-01,2021-07-01 19:00:00,2024-01-02 19:00:00,"92142","Waals Gewest","Provincie Namen","Gembloux",50.5395675440001,4.64575964000005,"Buiten Kruispunt","Normaal","Droog","buiten bebouwde kom","Dag","Gewestweg","Met doden","personenauto","personenauto","Tussen 2 bestuurders: Flank tegen flank","Geen hindernis"
"2463","2021","07","08",2021-07-01,2021-07-01 08:00:00,2024-01-02 08:00:00,"92142","Waals Gewest","Provincie Namen","Gembloux",NA,NA,"Op Kruispunt","Normaal","Proper","buiten bebouwde kom","Dag","Gemeenteweg","dodelijk gewonden","Fiets","een weggebruiker tegen een hindernis","Weggebruiker tegen hindernis op de rijbaan","Op de rijbaan: Verkeersdrempel, ezelsrug"
"2464","2021","07","02",2021-07-01,2021-07-01 02:00:00,2024-01-02 02:00:00,"93022","Waals Gewest","Provincie Namen","Florennes",50.253206914,4.67659000600003,"Buiten Kruispunt","Normaal","Proper","binnen bebouwde kom","Nacht, openbare verlichting aanwezig en ontstoken","Gemeenteweg","Met doden","personenauto","een weggebruiker tegen een hindernis","Weggebruiker tegen hindernis buiten rijbaan","Buiten de rijbaan: Muur gebouw"
"2465","2021","07","23",2021-07-01,2021-07-01 23:00:00,2024-01-02 23:00:00,"91005","Waals Gewest","Provincie Namen","Anhée",50.3399956050001,4.86031454300007,"Buiten Kruispunt","Normaal","Onbekend","buiten bebouwde kom","Nacht, openbare verlichting aanwezig en ontstoken","Gewestweg","dodelijk gewonden","Lichte vrachtauto","Motorfiets","Tussen 2 bestuurders: Frontale botsing","Geen hindernis"
"2466","2021","07","20",2021-07-01,2021-07-01 20:00:00,2024-01-02 20:00:00,"57081","Waals Gewest","Provincie Henegouwen","Doornik",NA,NA,"Buiten Kruispunt","Normaal","Proper","buiten bebouwde kom","Dag","Gemeenteweg","Met doden","personenauto","een weggebruiker tegen een hindernis","Weggebruiker tegen hindernis buiten rijbaan","Buiten de rijbaan: Gracht"
"2467","2021","07","19",2021-07-01,2021-07-01 19:00:00,2024-01-02 19:00:00,"57081","Waals Gewest","Provincie Henegouwen","Doornik",50.618469992,3.51447468200007,"Op Kruispunt","Normaal","Droog+Vuil (zand, grint, bladeren,...)","buiten bebouwde kom","Dag","Gemeenteweg","Met doden","personenauto","één bestuurder, geen hindernis","Eén bestuurder, geen hindernis (incl. val)","Geen hindernis"
"2468","2021","07","01",2021-07-01,2021-07-01 01:00:00,2024-01-02 01:00:00,"53053","Waals Gewest","Provincie Henegouwen","Bergen",50.4603317780001,3.95127443100006,"Buiten Kruispunt","Regenval","Nat, plassen","buiten bebouwde kom","Nacht, openbare verlichting aanwezig en ontstoken","Gemeenteweg","Met doden","personenauto","een weggebruiker tegen een hindernis","Weggebruiker tegen hindernis buiten rijbaan","Andere hindernis"
"2469","2021","07","17",2021-07-01,2021-07-01 17:00:00,2024-01-02 17:00:00,"53053","Waals Gewest","Provincie Henegouwen","Bergen",50.4529018740001,3.92632169400002,"Buiten Kruispunt","Normaal","Proper","binnen bebouwde kom","Dag","Gewestweg","Met doden","personenauto","Voetganger","Met een voetganger","Geen hindernis"
"2470","2021","07","19",2021-07-01,2021-07-01 19:00:00,2024-01-02 19:00:00,"53068","Waals Gewest","Provincie Henegouwen","Quiévrain",50.388144772,3.69616414600006,"Buiten Kruispunt","Normaal","Droog","binnen bebouwde kom","Dag","Gemeenteweg","Met doden","Andere weggebruiker","een weggebruiker tegen een hindernis","Weggebruiker tegen hindernis buiten rijbaan","Buiten de rijbaan: Muur gebouw"