"","DT_YEAR_COLLISION","DT_MONTH_COLLISION","DT_TIME","YEAR_MONTH_DAY","YEAR_MONTH_DAY_HOUR","TIME_DT","CD_NIS","TX_RGN_COLLISION_NL","TX_PROV_COLLISION_NL","TX_MUNTY_COLLISION_NL","LAT_WGS84","LONG_WGS84","TX_CROSSWAY_NL","TX_WEATHER_NL","TX_ROAD_CONDITION_NL","TX_BUILD_UP_AREA_NL","TX_LIGHT_CONDITION_NL","CD_ROAD_TYPE_NL","TX_CLASS_ACCIDENTS_NL","TX_ROAD_USR_TYPE1_NL","TX_ROAD_USR_TYPE2_NL","TX_COLLISION_TYPE_NL","TX_OBSTACLES_NL"
"2471","2021","07","08",2021-07-01,2021-07-01 08:00:00,2024-01-02 08:00:00,"11002","Vlaams Gewest","Provincie Antwerpen","Antwerpen",51.34691809,4.33667506700004,"Buiten Kruispunt","Normaal","Droog","binnen bebouwde kom","Dag","Gemeenteweg","Met doden","personenauto","een weggebruiker tegen een hindernis","Weggebruiker tegen hindernis buiten rijbaan","Andere hindernis"
"2472","2021","07","12",2021-07-01,2021-07-01 12:00:00,2024-01-02 12:00:00,"11022","Vlaams Gewest","Provincie Antwerpen","Kalmthout",51.4304910860001,4.51910383300003,"Buiten Kruispunt","Normaal","Droog","binnen bebouwde kom","Dag","Gewestweg","dodelijk gewonden","personenauto","Fiets","Tss. 2 best.: langs opzij (voor-/achterkant-flank)","Geen hindernis"
"2473","2021","07","11",2021-07-01,2021-07-01 11:00:00,2024-01-02 11:00:00,"12041","Vlaams Gewest","Provincie Antwerpen","Puurs-Sint-Amands",51.087033089,4.33962349700005,"Buiten Kruispunt","Normaal","Droog","buiten bebouwde kom","Dag","Gewestweg","dodelijk gewonden","Fiets","één bestuurder, geen hindernis","Eén bestuurder, geen hindernis (incl. val)","Geen hindernis"
"2474","2021","07","06",2021-07-01,2021-07-01 06:00:00,2024-01-02 06:00:00,"11009","Vlaams Gewest","Provincie Antwerpen","Brecht",51.3031384940001,4.56552925800003,"Buiten Kruispunt","Normaal","Droog","binnen bebouwde kom","Dag","Gewestweg","Met doden","personenauto","een weggebruiker tegen een hindernis","Weggebruiker tegen hindernis buiten rijbaan","Buiten de rijbaan: Andere paal"
"2475","2021","07","10",2021-07-01,2021-07-01 10:00:00,2024-01-02 10:00:00,"12007","Vlaams Gewest","Provincie Antwerpen","Bornem",NA,NA,"Buiten Kruispunt","Normaal","Droog","buiten bebouwde kom","Dag","Gemeenteweg","Met doden","personenauto","een weggebruiker tegen een hindernis","Weggebruiker tegen hindernis buiten rijbaan","Buiten de rijbaan: Boom"
"2476","2021","07","18",2021-07-01,2021-07-01 18:00:00,2024-01-02 18:00:00,"13021","Vlaams Gewest","Provincie Antwerpen","Meerhout",NA,NA,"Buiten Kruispunt","Normaal","Droog","buiten bebouwde kom","Dag","Gemeenteweg","Met doden","Motorfiets","een weggebruiker tegen een hindernis","Weggebruiker tegen hindernis buiten rijbaan","Buiten de rijbaan: Boom"
"2477","2021","07","12",2021-07-01,2021-07-01 12:00:00,2024-01-02 12:00:00,"13044","Vlaams Gewest","Provincie Antwerpen","Vorselaar",51.2121776070001,4.79892860500007,"Buiten Kruispunt","Normaal","Droog","buiten bebouwde kom","Dag","Gemeenteweg","Met doden","personenauto","Fiets","Tussen 2 bestuurders: Langs achteren","Geen hindernis"
"2478","2021","07","11",2021-07-01,2021-07-01 11:00:00,2024-01-02 11:00:00,"13011","Vlaams Gewest","Provincie Antwerpen","Herentals",51.1979982650001,4.82466501800008,"Op Kruispunt","Normaal","Droog","buiten bebouwde kom","Dag","Gewestweg","Met doden","personenauto","Motorfiets","Tss. 2 best.: langs opzij (voor-/achterkant-flank)","Geen hindernis"
"2479","2021","07","17",2021-07-01,2021-07-01 17:00:00,2024-01-02 17:00:00,"72043","Vlaams Gewest","Provincie Limburg","Pelt",51.211908953,5.42772867500003,"Buiten Kruispunt","Normaal","Droog","binnen bebouwde kom","Dag","Gemeenteweg","Met doden","personenauto","Voetganger","Met een voetganger","Geen hindernis"
"2480","2021","07","12",2021-07-01,2021-07-01 12:00:00,2024-01-02 12:00:00,"73083","Vlaams Gewest","Provincie Limburg","Tongeren",50.7837887410001,5.48030879900006,"Buiten Kruispunt","Normaal","Droog","binnen bebouwde kom","Dag","Gewestweg","Met doden","personenauto","Voetganger","Met een voetganger","Geen hindernis"
"2481","2021","07","16",2021-07-01,2021-07-01 16:00:00,2024-01-02 16:00:00,"43007","Vlaams Gewest","Provincie Oost-Vlaanderen","Kaprijke",51.183151562,3.65085224300003,"Buiten Kruispunt","Normaal","Droog","buiten bebouwde kom","Dag","Gewestweg","Met doden","personenauto","een weggebruiker tegen een hindernis","Weggebruiker tegen hindernis buiten rijbaan","Buiten de rijbaan: Andere paal"
"2482","2021","07","21",2021-07-01,2021-07-01 21:00:00,2024-01-02 21:00:00,"44020","Vlaams Gewest","Provincie Oost-Vlaanderen","Gavere",NA,NA,"Op Kruispunt","Normaal","Droog","buiten bebouwde kom","Dag","Gemeenteweg","Met doden","personenauto","één bestuurder, geen hindernis","Eén bestuurder, geen hindernis (incl. val)","Geen hindernis"
"2483","2021","07","07",2021-07-01,2021-07-01 07:00:00,2024-01-02 07:00:00,"46021","Vlaams Gewest","Provincie Oost-Vlaanderen","Sint-Niklaas (Sint-Niklaas)",51.1610865060001,4.14637692500003,"Buiten Kruispunt","Normaal","Droog","binnen bebouwde kom","Dag","Gewestweg","dodelijk gewonden","Fiets","een weggebruiker tegen een hindernis","Weggebruiker tegen hindernis buiten rijbaan","Buiten de rijbaan: Andere paal"
"2484","2021","07","13",2021-07-01,2021-07-01 13:00:00,2024-01-02 13:00:00,"31005","Vlaams Gewest","Provincie West-Vlaanderen","Brugge",51.2238150860001,3.22717341600003,"Op Kruispunt","Normaal","Droog","binnen bebouwde kom","Dag","Gewestweg","Met doden","Vrachtwagen","Fiets","Tussen 2 bestuurders: Flank tegen flank","Geen hindernis"
"2485","2021","07","16",2021-07-01,2021-07-01 16:00:00,2024-01-02 16:00:00,"37011","Vlaams Gewest","Provincie West-Vlaanderen","Pittem",50.995772093,3.30157101400005,"Buiten Kruispunt","Normaal","Droog","buiten bebouwde kom","Dag","Gewestweg","Met doden","personenauto","een weggebruiker tegen een hindernis","Weggebruiker tegen hindernis buiten rijbaan","Buiten de rijbaan: Gracht"
"2486","2021","07","00",2021-07-01,2021-07-01 00:00:00,2024-01-02 00:00:00,"35011","Vlaams Gewest","Provincie West-Vlaanderen","Middelkerke",51.1699373170001,2.77805702200004,"Buiten Kruispunt","Normaal","Droog","binnen bebouwde kom","Nacht, geen openbare verlichting aanwezig","Gewestweg","Met doden","Andere weggebruiker","Voetganger","Met een voetganger","Geen hindernis"
"2487","2021","07","00",2021-07-01,2021-07-01 00:00:00,2024-01-02 00:00:00,"34022","Vlaams Gewest","Provincie West-Vlaanderen","Kortrijk",50.8293481860001,3.26440190600005,"Buiten Kruispunt","Normaal","Droog","binnen bebouwde kom","Nacht, openbare verlichting aanwezig en ontstoken","Gemeenteweg","Met doden","personenauto","Voetganger","Met een voetganger","Geen hindernis"
"2488","2021","07","14",2021-07-01,2021-07-01 14:00:00,2024-01-02 14:00:00,"73042","Vlaams Gewest","Provincie Limburg","Lanaken",NA,NA,"Buiten Kruispunt","Normaal","Droog","buiten bebouwde kom","Dag","Gemeenteweg","dodelijk gewonden","onbekend","onbekend","Andere of onbekend","Geen vermelding van de aanwezigheid van een hindernis"
"2489","2021","07","14",2021-07-01,2021-07-01 14:00:00,2024-01-02 14:00:00,"46003","Vlaams Gewest","Provincie Oost-Vlaanderen","Beveren (Sint-Niklaas)",NA,NA,"Buiten Kruispunt","Normaal","Droog","buiten bebouwde kom","Dag","Gemeenteweg","dodelijk gewonden","Vrachtwagen","Fiets","Tss. 2 best.: langs opzij (voor-/achterkant-flank)","Geen hindernis"
"2490","2021","07","10",2021-07-01,2021-07-01 10:00:00,2024-01-02 10:00:00,"46003","Vlaams Gewest","Provincie Oost-Vlaanderen","Beveren (Sint-Niklaas)",NA,NA,"Buiten Kruispunt","Normaal","Droog","buiten bebouwde kom","Dag","Gemeenteweg","Met doden","personenauto","een weggebruiker tegen een hindernis","Weggebruiker tegen hindernis op de rijbaan","Op de rijbaan: Container"
"2491","2021","07","23",2021-07-01,2021-07-01 23:00:00,2024-01-02 23:00:00,"71020","Vlaams Gewest","Provincie Limburg","Halen",50.9808735440001,5.09194696400004,"Buiten Kruispunt","Normaal","Droog","buiten bebouwde kom","Nacht, openbare verlichting aanwezig en ontstoken","Gemeenteweg","Met doden","personenauto","Bromfiets","Tussen 2 bestuurders: Frontale botsing","Geen hindernis"
"2492","2021","07","19",2021-07-01,2021-07-01 19:00:00,2024-01-02 19:00:00,"72042","Vlaams Gewest","Provincie Limburg","Oudsbergen",NA,NA,"Op Kruispunt","Onbekend","Droog","buiten bebouwde kom","Dag","Gemeenteweg","Met doden","Fiets","personenauto","Tss. 2 best.: langs opzij (voor-/achterkant-flank)","Geen hindernis"
"2493","2021","08","14",2021-08-01,2021-08-01 14:00:00,2024-01-02 14:00:00,"23052","Vlaams Gewest","Provincie Vlaams-Brabant","Merchtem",50.959185694,4.22870587500006,"Buiten Kruispunt","Regenval","Nat, plassen","binnen bebouwde kom","Dag","Gemeenteweg","Met doden","personenauto","een weggebruiker tegen een hindernis","Weggebruiker tegen hindernis buiten rijbaan","Andere hindernis"
"2494","2021","08","19",2021-08-01,2021-08-01 19:00:00,2024-01-02 19:00:00,"13019","Vlaams Gewest","Provincie Antwerpen","Lille",51.28179742,4.84759419900007,"Buiten Kruispunt","Normaal","Droog","buiten bebouwde kom","Dag","Autosnelweg","Met doden","personenauto","Vrachtwagen","Tussen 2 bestuurders: Langs achteren","Geen hindernis"
"2495","2021","08","11",2021-08-01,2021-08-01 11:00:00,2024-01-02 11:00:00,"37020","Vlaams Gewest","Provincie West-Vlaanderen","Ardooie",50.969994023,3.17786233600003,"Buiten Kruispunt","Normaal","Droog","buiten bebouwde kom","Dag","Autosnelweg","Met doden","Lichte vrachtauto","Vrachtwagen","Tussen 2 bestuurders: Langs achteren","Geen hindernis"
"2496","2021","08","19",2021-08-01,2021-08-01 19:00:00,2024-01-02 19:00:00,"24134","Vlaams Gewest","Provincie Vlaams-Brabant","Scherpenheuvel-Zichem",NA,NA,"Op Kruispunt","Normaal","Droog","binnen bebouwde kom","Dag","Gemeenteweg","Met doden","Fiets","Andere weggebruiker","Tss. 2 best.: langs opzij (voor-/achterkant-flank)","Geen hindernis"
"2497","2021","08","14",2021-08-01,2021-08-01 14:00:00,2024-01-02 14:00:00,"63084","Waals Gewest","Provincie Luik","Welkenraedt",50.647260997,5.97059820500004,"Buiten Kruispunt","Normaal","Proper","buiten bebouwde kom","Dag","Autosnelweg","Met doden","personenauto","personenauto","Kettingbotsing (3 bestuurders of meer)","Geen hindernis"
"2498","2021","08","11",2021-08-01,2021-08-01 11:00:00,2024-01-02 11:00:00,"25014","Waals Gewest","Provincie Waals-Brabant","Eigenbrakel",50.696112811,4.34490622500005,"Buiten Kruispunt","Normaal","Proper","buiten bebouwde kom","Dag","Gemeenteweg","Met doden","Lichte vrachtauto","personenauto","Tussen 2 bestuurders: Frontale botsing","Geen hindernis"
"2499","2021","08","20",2021-08-01,2021-08-01 20:00:00,2024-01-02 20:00:00,"62121","Waals Gewest","Provincie Luik","Neupré",50.54612373,5.52207041500003,"Op Kruispunt","Normaal","Droog","binnen bebouwde kom","Dag","Gewestweg","Met doden","Motorfiets","een weggebruiker tegen een hindernis","Weggebruiker tegen hindernis buiten rijbaan","Buiten de rijbaan: Muur gebouw"
"2500","2021","08","18",2021-08-01,2021-08-01 18:00:00,2024-01-02 18:00:00,"63075","Waals Gewest","Provincie Luik","Stoumont",50.3664610160001,5.72359354500003,"Buiten Kruispunt","Normaal","Droog","buiten bebouwde kom","Dag","Gewestweg","Met doden","personenauto","een weggebruiker tegen een hindernis","Weggebruiker tegen hindernis buiten rijbaan","Buiten de rijbaan: Andere paal"
"2501","2021","08","19",2021-08-01,2021-08-01 19:00:00,2024-01-02 19:00:00,"63087","Waals Gewest","Provincie Luik","Burg-Reuland",NA,NA,"Buiten Kruispunt","Normaal","Droog","buiten bebouwde kom","Dag","Gemeenteweg","Met doden","Fiets","één bestuurder, geen hindernis","Eén bestuurder, geen hindernis (incl. val)","Geen hindernis"
"2502","2021","08","22",2021-08-01,2021-08-01 22:00:00,2024-01-02 22:00:00,"61003","Waals Gewest","Provincie Luik","Amay",50.5410283940001,5.29841639000006,"Buiten Kruispunt","Normaal","Droog","binnen bebouwde kom","Nacht, openbare verlichting aanwezig en ontstoken","Gewestweg","Met doden","personenauto","Voetganger","Met een voetganger","Geen hindernis"
"2503","2021","08","14",2021-08-01,2021-08-01 14:00:00,2024-01-02 14:00:00,"81015","Waals Gewest","Provincie Luxemburg","Messancy",NA,NA,"Buiten Kruispunt","Normaal","Nat, plassen","buiten bebouwde kom","Dag","Gemeenteweg","Met doden","personenauto","een weggebruiker tegen een hindernis","Weggebruiker tegen hindernis buiten rijbaan","Buiten de rijbaan: Boom"
"2504","2021","08","23",2021-08-01,2021-08-01 23:00:00,2024-01-02 23:00:00,"84043","Waals Gewest","Provincie Luxemburg","Neufchâteau (Neufchâteau)",49.8428895770001,5.39582169200003,"Op Kruispunt","Normaal","Proper","buiten bebouwde kom","Nacht, geen openbare verlichting aanwezig","Gewestweg","dodelijk gewonden","personenauto","personenauto","Tussen 2 bestuurders: Frontale botsing","Geen hindernis"
"2505","2021","08","06",2021-08-01,2021-08-01 06:00:00,2024-01-02 06:00:00,"92054","Waals Gewest","Provincie Namen","Gesves",50.393971836,5.11893101200007,"Buiten Kruispunt","Normaal","Droog","buiten bebouwde kom","Dageraad - schemering","Gewestweg","Met doden","personenauto","een weggebruiker tegen een hindernis","Weggebruiker tegen hindernis buiten rijbaan","Buiten de rijbaan: Muur gebouw"
"2506","2021","08","18",2021-08-01,2021-08-01 18:00:00,2024-01-02 18:00:00,"92048","Waals Gewest","Provincie Namen","Fosses-la-Ville",50.393873512,4.68394155900006,"Buiten Kruispunt","Regenval","Nat, plassen","binnen bebouwde kom","Dag","Gewestweg","dodelijk gewonden","personenauto","Voetganger","Met een voetganger","Geen hindernis"
"2507","2021","08","15",2021-08-01,2021-08-01 15:00:00,2024-01-02 15:00:00,"91034","Waals Gewest","Provincie Namen","Dinant",50.2505527820001,5.03018019500007,"Buiten Kruispunt","Normaal","Droog","buiten bebouwde kom","Dag","Gewestweg","Met doden","personenauto","Fiets","Kettingbotsing (3 bestuurders of meer)","Geen hindernis"
"2508","2021","08","20",2021-08-01,2021-08-01 20:00:00,2024-01-02 20:00:00,"56088","Waals Gewest","Provincie Henegouwen","Sivry-Rance",NA,NA,"Buiten Kruispunt","Onbekend","Droog","buiten bebouwde kom","Dageraad - schemering","Gemeenteweg","Met doden","personenauto","een weggebruiker tegen een hindernis","Weggebruiker tegen hindernis buiten rijbaan","Buiten de rijbaan: Boom"
"2509","2021","08","09",2021-08-01,2021-08-01 09:00:00,2024-01-02 09:00:00,"56016","Waals Gewest","Provincie Henegouwen","Chimay",50.075190246,4.29453112200002,"Buiten Kruispunt","Normaal","Nat, plassen","buiten bebouwde kom","Dag","Gewestweg","Met doden","personenauto","Lichte vrachtauto","Tussen 2 bestuurders: Frontale botsing","Geen hindernis"
"2510","2021","08","09",2021-08-01,2021-08-01 09:00:00,2024-01-02 09:00:00,"11002","Vlaams Gewest","Provincie Antwerpen","Antwerpen",51.206903905,4.41489627000004,"Op Kruispunt","Normaal","Droog","binnen bebouwde kom","Dag","Gemeenteweg","Met doden","Vrachtwagen","Voetganger","Met een voetganger","Geen hindernis"
"2511","2021","08","10",2021-08-01,2021-08-01 10:00:00,2024-01-02 10:00:00,"11002","Vlaams Gewest","Provincie Antwerpen","Antwerpen",51.177932431,4.42876743100004,"Buiten Kruispunt","Normaal","Droog","binnen bebouwde kom","Dag","Gemeenteweg","dodelijk gewonden","Motorfiets","personenauto","Tss. 2 best.: langs opzij (voor-/achterkant-flank)","Geen hindernis"
"2512","2021","08","08",2021-08-01,2021-08-01 08:00:00,2024-01-02 08:00:00,"11013","Vlaams Gewest","Provincie Antwerpen","Edegem",51.1576176030001,4.44478541700005,"Op Kruispunt","Normaal","Droog","binnen bebouwde kom","Dag","Gemeenteweg","Met doden","onbekend","onbekend","Andere of onbekend","Geen vermelding van de aanwezigheid van een hindernis"
"2513","2021","08","13",2021-08-01,2021-08-01 13:00:00,2024-01-02 13:00:00,"11008","Vlaams Gewest","Provincie Antwerpen","Brasschaat",51.289746307,4.49226835200005,"Op Kruispunt","Normaal","Droog","binnen bebouwde kom","Dag","Gewestweg","dodelijk gewonden","onbekend","onbekend","Andere of onbekend","Geen vermelding van de aanwezigheid van een hindernis"
"2514","2021","08","02",2021-08-01,2021-08-01 02:00:00,2024-01-02 02:00:00,"12029","Vlaams Gewest","Provincie Antwerpen","Putte",51.0619043660001,4.63410231700004,"Op Kruispunt","Regenval","Nat, plassen","binnen bebouwde kom","Nacht, openb. verlicht. aanw., maar niet ontstoken","Gemeenteweg","Met doden","personenauto","een weggebruiker tegen een hindernis","Weggebruiker tegen hindernis buiten rijbaan","Andere hindernis"
"2515","2021","08","19",2021-08-01,2021-08-01 19:00:00,2024-01-02 19:00:00,"72037","Vlaams Gewest","Provincie Limburg","Hamont-Achel",51.283758946,5.47787220700008,"Buiten Kruispunt","Normaal","Vuil (zand, grint, bladeren,...)","binnen bebouwde kom","Dag","Gemeenteweg","Met doden","Andere weggebruiker","een weggebruiker tegen een hindernis","Weggebruiker tegen hindernis buiten rijbaan","Andere hindernis"
"2516","2021","08","16",2021-08-01,2021-08-01 16:00:00,2024-01-02 16:00:00,"72043","Vlaams Gewest","Provincie Limburg","Pelt",NA,NA,"Buiten Kruispunt","Normaal","Droog","buiten bebouwde kom","Dag","Gemeenteweg","dodelijk gewonden","Fiets","een weggebruiker tegen een hindernis","Weggebruiker tegen hindernis buiten rijbaan","Buiten de rijbaan: Gracht"
"2517","2021","08","15",2021-08-01,2021-08-01 15:00:00,2024-01-02 15:00:00,"72041","Vlaams Gewest","Provincie Limburg","Dilsen-Stokkem",51.0521645910001,5.73149190800007,"Op Kruispunt","Normaal","Droog","binnen bebouwde kom","Dag","Gemeenteweg","Met doden","Motorfiets","personenauto","Tss. 2 best.: langs opzij (voor-/achterkant-flank)","Geen hindernis"
"2518","2021","08","10",2021-08-01,2021-08-01 10:00:00,2024-01-02 10:00:00,"24062","Vlaams Gewest","Provincie Vlaams-Brabant","Leuven",50.87612719,4.68008676600004,"Buiten Kruispunt","Normaal","Droog","binnen bebouwde kom","Dag","Gewestweg","Met doden","Vrachtwagen","Voetganger","Met een voetganger","Geen hindernis"
"2519","2021","08","19",2021-08-01,2021-08-01 19:00:00,2024-01-02 19:00:00,"24028","Vlaams Gewest","Provincie Vlaams-Brabant","Geetbets",50.9100828800001,5.14436799100002,"Op Kruispunt","Normaal","Droog","buiten bebouwde kom","Dag","Gemeenteweg","Met doden","Vrachtwagen","personenauto","Tss. 2 best.: langs opzij (voor-/achterkant-flank)","Geen hindernis"
"2520","2021","08","12",2021-08-01,2021-08-01 12:00:00,2024-01-02 12:00:00,"23064","Vlaams Gewest","Provincie Vlaams-Brabant","Pepingen",50.7687751510001,4.14247094700005,"Buiten Kruispunt","Normaal","Droog","buiten bebouwde kom","Dag","Gewestweg","Met doden","personenauto","een weggebruiker tegen een hindernis","Weggebruiker tegen hindernis buiten rijbaan","Buiten de rijbaan: Boom"
"2521","2021","08","10",2021-08-01,2021-08-01 10:00:00,2024-01-02 10:00:00,"23105","Vlaams Gewest","Provincie Vlaams-Brabant","Affligem",50.913223605,4.13864603100006,"Buiten Kruispunt","Normaal","Droog","buiten bebouwde kom","Dag","Gewestweg","Met doden","personenauto","één bestuurder, geen hindernis","Eén bestuurder, geen hindernis (incl. val)","Geen hindernis"
"2522","2021","08","18",2021-08-01,2021-08-01 18:00:00,2024-01-02 18:00:00,"44021","Vlaams Gewest","Provincie Oost-Vlaanderen","Gent",51.0499790650001,3.73018007300004,"Buiten Kruispunt","Onbekend","Nat, plassen","binnen bebouwde kom","Onbekend","Gemeenteweg","Met doden","Fiets","een weggebruiker tegen een hindernis","Weggebruiker tegen hindernis buiten rijbaan","Buiten de rijbaan: Andere paal"
"2523","2021","08","17",2021-08-01,2021-08-01 17:00:00,2024-01-02 17:00:00,"44013","Vlaams Gewest","Provincie Oost-Vlaanderen","Destelbergen",51.0530734600001,3.82094324300005,"Buiten Kruispunt","Normaal","Droog","binnen bebouwde kom","Dag","Gemeenteweg","dodelijk gewonden","personenauto","personenauto","Tussen 2 bestuurders: Frontale botsing","Geen hindernis"
"2524","2021","08","15",2021-08-01,2021-08-01 15:00:00,2024-01-02 15:00:00,"45035","Vlaams Gewest","Provincie Oost-Vlaanderen","Oudenaarde",50.850997928,3.62650704000003,"Buiten Kruispunt","Normaal","Droog","binnen bebouwde kom","Dag","Gewestweg","Met doden","personenauto","Bromfiets","Tss. 2 best.: langs opzij (voor-/achterkant-flank)","Geen hindernis"
"2525","2021","08","18",2021-08-01,2021-08-01 18:00:00,2024-01-02 18:00:00,"37010","Vlaams Gewest","Provincie West-Vlaanderen","Oostrozebeke",50.9238485380001,3.34367226100005,"Buiten Kruispunt","Normaal","Droog","binnen bebouwde kom","Dag","Gemeenteweg","Met doden","personenauto","één bestuurder, geen hindernis","Eén bestuurder, geen hindernis (incl. val)","Geen hindernis"
"2526","2021","08","17",2021-08-01,2021-08-01 17:00:00,2024-01-02 17:00:00,"34022","Vlaams Gewest","Provincie West-Vlaanderen","Kortrijk",50.823981164,3.27796467700006,"Buiten Kruispunt","Normaal","Droog","binnen bebouwde kom","Dag","Gemeenteweg","Met doden","personenauto","één bestuurder, geen hindernis","Eén bestuurder, geen hindernis (incl. val)","Geen hindernis"
"2527","2021","08","10",2021-08-01,2021-08-01 10:00:00,2024-01-02 10:00:00,"34040","Vlaams Gewest","Provincie West-Vlaanderen","Waregem",50.857968869,3.39603022400007,"Buiten Kruispunt","Normaal","Droog","buiten bebouwde kom","Dag","Gemeenteweg","Met doden","Motorfiets","één bestuurder, geen hindernis","Eén bestuurder, geen hindernis (incl. val)","Geen hindernis"
"2528","2021","08","20",2021-08-01,2021-08-01 20:00:00,2024-01-02 20:00:00,"38014","Vlaams Gewest","Provincie West-Vlaanderen","Koksijde",51.0944105840001,2.67908748500003,"Buiten Kruispunt","Normaal","Nat, plassen","buiten bebouwde kom","Dag","Gewestweg","Met doden","personenauto","een weggebruiker tegen een hindernis","Weggebruiker tegen hindernis buiten rijbaan","Buiten de rijbaan: Boom"
"2529","2021","08","01",2021-08-01,2021-08-01 01:00:00,2024-01-02 01:00:00,"12025","Vlaams Gewest","Provincie Antwerpen","Mechelen",NA,NA,"Buiten Kruispunt","Normaal","Droog","buiten bebouwde kom","Nacht, geen openbare verlichting aanwezig","Gewestweg","Met doden","personenauto","een weggebruiker tegen een hindernis","Weggebruiker tegen hindernis buiten rijbaan","Andere hindernis"
"2530","2021","08","16",2021-08-01,2021-08-01 16:00:00,2024-01-02 16:00:00,"71016","Vlaams Gewest","Provincie Limburg","Genk",50.9808467930001,5.53158003700003,"Op Kruispunt","Normaal","Droog","buiten bebouwde kom","Dag","Gewestweg","dodelijk gewonden","Fiets","personenauto","Tss. 2 best.: langs opzij (voor-/achterkant-flank)","Geen hindernis"
"2531","2021","09","12",2021-09-01,2021-09-01 12:00:00,2024-01-02 12:00:00,"73083","Vlaams Gewest","Provincie Limburg","Tongeren",50.79703275,5.52527722200006,"Buiten Kruispunt","Normaal","Droog","buiten bebouwde kom","Dag","Autosnelweg","dodelijk gewonden","personenauto","personenauto","Tss. 2 best.: langs opzij (voor-/achterkant-flank)","Geen hindernis"
"2532","2021","09","10",2021-09-01,2021-09-01 10:00:00,2024-01-02 10:00:00,"46003","Vlaams Gewest","Provincie Oost-Vlaanderen","Beveren (Sint-Niklaas)",51.259822737,3.38387984200006,"Buiten Kruispunt","Normaal","Droog","buiten bebouwde kom","Dag","Autosnelweg","Met doden","personenauto","een weggebruiker tegen een hindernis","Weggebruiker tegen hindernis buiten rijbaan","Buiten de rijbaan: Muur gebouw"
"2533","2021","09","22",2021-09-01,2021-09-01 22:00:00,2024-01-02 22:00:00,"46003","Vlaams Gewest","Provincie Oost-Vlaanderen","Beveren (Sint-Niklaas)",51.273007783,3.36083596100002,"Buiten Kruispunt","Normaal","Droog","buiten bebouwde kom","Nacht, openb. verlicht. aanw., maar niet ontstoken","Autosnelweg","Met doden","Motorfiets","personenauto","Tss. 2 best.: langs opzij (voor-/achterkant-flank)","Geen hindernis"
"2534","2021","09","07",2021-09-01,2021-09-01 07:00:00,2024-01-02 07:00:00,"41082","Vlaams Gewest","Provincie Oost-Vlaanderen","Erpe-Mere",50.9296729600001,3.94504957400005,"Buiten Kruispunt","Normaal","Droog","buiten bebouwde kom","Dag","Autosnelweg","Met doden","Motorfiets","Voetganger","Met een voetganger","Geen hindernis"
"2535","2021","09","09",2021-09-01,2021-09-01 09:00:00,2024-01-02 09:00:00,"34022","Vlaams Gewest","Provincie West-Vlaanderen","Kortrijk",NA,NA,"Buiten Kruispunt","Normaal","Droog","buiten bebouwde kom","Dag","Autosnelweg","Met doden","personenauto","een weggebruiker tegen een hindernis","Weggebruiker tegen hindernis buiten rijbaan","Buiten de rijbaan: Andere paal"
"2536","2021","09","03",2021-09-01,2021-09-01 03:00:00,2024-01-02 03:00:00,"34022","Vlaams Gewest","Provincie West-Vlaanderen","Kortrijk",50.80797484,3.27045688800007,"Buiten Kruispunt","Normaal","Droog","buiten bebouwde kom","Nacht, openbare verlichting aanwezig en ontstoken","Autosnelweg","Met doden","personenauto","Vrachtwagen","Tussen 2 bestuurders: Frontale botsing","Geen hindernis"
"2537","2021","09","02",2021-09-01,2021-09-01 02:00:00,2024-01-02 02:00:00,"36015","Vlaams Gewest","Provincie West-Vlaanderen","Roeselare",50.9182989710001,3.17653073100007,"Buiten Kruispunt","Normaal","Droog","buiten bebouwde kom","Nacht, geen openbare verlichting aanwezig","Autosnelweg","Met doden","personenauto","Vrachtwagen","Tussen 2 bestuurders: Frontale botsing","Geen hindernis"
"2538","2021","09","03",2021-09-01,2021-09-01 03:00:00,2024-01-02 03:00:00,"34041","Vlaams Gewest","Provincie West-Vlaanderen","Wevelgem",50.8355463820001,3.21973924900004,"Buiten Kruispunt","Normaal","Droog","buiten bebouwde kom","Nacht, openbare verlichting aanwezig en ontstoken","Autosnelweg","Met doden","personenauto","een weggebruiker tegen een hindernis","Weggebruiker tegen hindernis buiten rijbaan","Buiten de rijbaan: Vangrails niet overgestoken"
"2539","2021","09","19",2021-09-01,2021-09-01 19:00:00,2024-01-02 19:00:00,"21002","Brussels Hoofdstedelijk Gewest",NA,"Oudergem",50.800990201,4.46454627500003,"Buiten Kruispunt","Normaal","Droog","buiten bebouwde kom","Dageraad - schemering","Autosnelweg","Met doden","Motorfiets","een weggebruiker tegen een hindernis","Weggebruiker tegen hindernis buiten rijbaan","Buiten de rijbaan: Verkeerseiland, middenberm"
"2540","2021","09","17",2021-09-01,2021-09-01 17:00:00,2024-01-02 17:00:00,"25023","Waals Gewest","Provincie Waals-Brabant","Court-Saint-Etienne",50.62481065,4.53326445700003,"Buiten Kruispunt","Normaal","Droog+Proper","buiten bebouwde kom","Dag","Gewestweg","Met doden","Motorfiets","een weggebruiker tegen een hindernis","Weggebruiker tegen hindernis buiten rijbaan","Buiten de rijbaan: Andere paal"