"","DT_YEAR_COLLISION","DT_MONTH_COLLISION","DT_TIME","YEAR_MONTH_DAY","YEAR_MONTH_DAY_HOUR","TIME_DT","CD_NIS","TX_RGN_COLLISION_NL","TX_PROV_COLLISION_NL","TX_MUNTY_COLLISION_NL","LAT_WGS84","LONG_WGS84","TX_CROSSWAY_NL","TX_WEATHER_NL","TX_ROAD_CONDITION_NL","TX_BUILD_UP_AREA_NL","TX_LIGHT_CONDITION_NL","CD_ROAD_TYPE_NL","TX_CLASS_ACCIDENTS_NL","TX_ROAD_USR_TYPE1_NL","TX_ROAD_USR_TYPE2_NL","TX_COLLISION_TYPE_NL","TX_OBSTACLES_NL"
"2541","2021","09","05",2021-09-01,2021-09-01 05:00:00,2024-01-02 05:00:00,"25112","Waals Gewest","Provincie Waals-Brabant","Waver",50.7068848210001,4.63814419500005,"Buiten Kruispunt","Normaal","Proper","buiten bebouwde kom","Nacht, openbare verlichting aanwezig en ontstoken","Gewestweg","Met doden","personenauto","een weggebruiker tegen een hindernis","Weggebruiker tegen hindernis buiten rijbaan","Buiten de rijbaan: Andere paal"
"2542","2021","09","21",2021-09-01,2021-09-01 21:00:00,2024-01-02 21:00:00,"25072","Waals Gewest","Provincie Waals-Brabant","Nijvel",NA,NA,"Buiten Kruispunt","Normaal","Proper","buiten bebouwde kom","Nacht, openbare verlichting aanwezig en ontstoken","Autosnelweg","Met doden","personenauto","personenauto","Tussen 2 bestuurders: Langs achteren","Geen hindernis"
"2543","2021","09","20",2021-09-01,2021-09-01 20:00:00,2024-01-02 20:00:00,"55085","Waals Gewest","Provincie Henegouwen","Seneffe",50.55497612,4.27580022800004,"Buiten Kruispunt","Normaal","Proper","buiten bebouwde kom","Nacht, openb. verlicht. aanw., maar niet ontstoken","Autosnelweg","Met doden","personenauto","Voetganger","Met een voetganger","Geen hindernis"
"2544","2021","09","02",2021-09-01,2021-09-01 02:00:00,2024-01-02 02:00:00,"58001","Waals Gewest","Provincie Henegouwen","La Louvière",50.511409557,4.17718289700002,"Buiten Kruispunt","Normaal","Droog+Proper","buiten bebouwde kom","Nacht, openbare verlichting aanwezig en ontstoken","Autosnelweg","Met doden","personenauto","een weggebruiker tegen een hindernis","Weggebruiker tegen hindernis buiten rijbaan","Buiten de rijbaan: Omheining"
"2545","2021","09","14",2021-09-01,2021-09-01 14:00:00,2024-01-02 14:00:00,"63061","Waals Gewest","Provincie Luik","Raeren",50.692546448,6.06529066400003,"Buiten Kruispunt","Normaal","Proper","buiten bebouwde kom","Dag","Autosnelweg","Met doden","personenauto","Motorfiets","Kettingbotsing (3 bestuurders of meer)","Geen hindernis"
"2546","2021","09","22",2021-09-01,2021-09-01 22:00:00,2024-01-02 22:00:00,"83055","Waals Gewest","Provincie Luxemburg","Manhay",50.3458930800001,5.68621140700003,"Buiten Kruispunt","Normaal","Proper","buiten bebouwde kom","Nacht, openbare verlichting aanwezig en ontstoken","Autosnelweg","Met doden","personenauto","een weggebruiker tegen een hindernis","Weggebruiker tegen hindernis buiten rijbaan","Buiten de rijbaan: Boom"
"2547","2021","09","00",2021-09-01,2021-09-01 00:00:00,2024-01-02 00:00:00,"25014","Waals Gewest","Provincie Waals-Brabant","Eigenbrakel",50.6604407740001,4.31919320400004,"Buiten Kruispunt","Normaal","Proper","buiten bebouwde kom","Nacht, openbare verlichting aanwezig en ontstoken","Autosnelweg","Met doden","personenauto","personenauto","Tussen 2 bestuurders: Langs achteren","Geen hindernis"
"2548","2021","09","18",2021-09-01,2021-09-01 18:00:00,2024-01-02 18:00:00,"62099","Waals Gewest","Provincie Luik","Soumagne",NA,NA,"Buiten Kruispunt","Normaal","Proper","buiten bebouwde kom","Dag","Gewestweg","dodelijk gewonden","Lichte vrachtauto","een weggebruiker tegen een hindernis","Weggebruiker tegen hindernis buiten rijbaan","Buiten de rijbaan: Andere paal"
"2549","2021","09","17",2021-09-01,2021-09-01 17:00:00,2024-01-02 17:00:00,"63035","Waals Gewest","Provincie Luik","Herve",50.647441272,5.82213969300005,"Buiten Kruispunt","Normaal","Droog","binnen bebouwde kom","Dag","Gewestweg","Met doden","Vrachtwagen","Voetganger","Met een voetganger","Geen hindernis"
"2550","2021","09","22",2021-09-01,2021-09-01 22:00:00,2024-01-02 22:00:00,"85011","Waals Gewest","Provincie Luxemburg","Florenville",49.6971123120001,5.32895749400006,"Buiten Kruispunt","Normaal","Vuil (zand, grint, bladeren,...)","buiten bebouwde kom","Nacht, geen openbare verlichting aanwezig","Gemeenteweg","dodelijk gewonden","Andere weggebruiker","één bestuurder, geen hindernis","Eén bestuurder, geen hindernis (incl. val)","Geen hindernis"
"2551","2021","09","18",2021-09-01,2021-09-01 18:00:00,2024-01-02 18:00:00,"92094","Waals Gewest","Provincie Namen","Namen",50.4463092620001,4.79569348100006,"Buiten Kruispunt","Normaal","Proper","buiten bebouwde kom","Dag","Gewestweg","Met doden","personenauto","Motorfiets","Tss. 2 best.: langs opzij (voor-/achterkant-flank)","Geen hindernis"
"2552","2021","09","22",2021-09-01,2021-09-01 22:00:00,2024-01-02 22:00:00,"92141","Waals Gewest","Provincie Namen","La Bruyère",50.5059294770001,4.78575796400003,"Buiten Kruispunt","Normaal","Proper","buiten bebouwde kom","Nacht, geen openbare verlichting aanwezig","Gewestweg","Met doden","personenauto","één bestuurder, geen hindernis","Eén bestuurder, geen hindernis (incl. val)","Geen hindernis"
"2553","2021","09","11",2021-09-01,2021-09-01 11:00:00,2024-01-02 11:00:00,"91034","Waals Gewest","Provincie Namen","Dinant",50.270255805,4.90419012200004,"Buiten Kruispunt","Normaal","Droog+Proper","buiten bebouwde kom","Dag","Gemeenteweg","Met doden","Motorfiets","personenauto","Tss. 2 best.: langs opzij (voor-/achterkant-flank)","Geen hindernis"
"2554","2021","09","15",2021-09-01,2021-09-01 15:00:00,2024-01-02 15:00:00,"57097","Waals Gewest","Provincie Henegouwen","Komen-Waasten",50.7324545430001,2.91166230200003,"Op Kruispunt","Normaal","Droog+Proper","binnen bebouwde kom","Dag","Gemeenteweg","Met doden","personenauto","Bromfiets","Tss. 2 best.: langs opzij (voor-/achterkant-flank)","Geen hindernis"
"2555","2021","09","21",2021-09-01,2021-09-01 21:00:00,2024-01-02 21:00:00,"51004","Waals Gewest","Provincie Henegouwen","Aat",50.6185719860001,3.70666345300003,"Op Kruispunt","Normaal","Droog+Proper","buiten bebouwde kom","Nacht, openbare verlichting aanwezig en ontstoken","Gewestweg","Met doden","personenauto","personenauto","Tss. 2 best.: langs opzij (voor-/achterkant-flank)","Geen hindernis"
"2556","2021","09","19",2021-09-01,2021-09-01 19:00:00,2024-01-02 19:00:00,"52011","Waals Gewest","Provincie Henegouwen","Charleroi",50.3864290610001,4.43759267500008,"Buiten Kruispunt","Normaal","Proper","binnen bebouwde kom","Nacht, openbare verlichting aanwezig en ontstoken","Gemeenteweg","Met doden","personenauto","een weggebruiker tegen een hindernis","Weggebruiker tegen hindernis buiten rijbaan","Buiten de rijbaan: Muur gebouw"
"2557","2021","09","21",2021-09-01,2021-09-01 21:00:00,2024-01-02 21:00:00,"56016","Waals Gewest","Provincie Henegouwen","Chimay",50.069530275,4.33005748300008,"Buiten Kruispunt","Normaal","Droog+Proper","binnen bebouwde kom","Nacht, geen openbare verlichting aanwezig","Gemeenteweg","Met doden","personenauto","een weggebruiker tegen een hindernis","Weggebruiker tegen hindernis buiten rijbaan","Buiten de rijbaan: Verlichtingspaal"
"2558","2021","09","10",2021-09-01,2021-09-01 10:00:00,2024-01-02 10:00:00,"11002","Vlaams Gewest","Provincie Antwerpen","Antwerpen",51.2202915880001,4.38599850600002,"Buiten Kruispunt","Normaal","Droog","binnen bebouwde kom","Dag","Gewestweg","dodelijk gewonden","personenauto","Voetganger","Met een voetganger","Geen hindernis"
"2559","2021","09","16",2021-09-01,2021-09-01 16:00:00,2024-01-02 16:00:00,"11023","Vlaams Gewest","Provincie Antwerpen","Kapellen (Antwerpen)",51.3493246410001,4.39889893800006,"Buiten Kruispunt","Normaal","Droog","binnen bebouwde kom","Dag","Gewestweg","dodelijk gewonden","personenauto","Voetganger","Met een voetganger","Geen hindernis"
"2560","2021","09","04",2021-09-01,2021-09-01 04:00:00,2024-01-02 04:00:00,"11035","Vlaams Gewest","Provincie Antwerpen","Ranst",51.183282784,4.59751659800003,"Buiten Kruispunt","Normaal","Droog","binnen bebouwde kom","Dag","Gemeenteweg","dodelijk gewonden","Fiets","een weggebruiker tegen een hindernis","Weggebruiker tegen hindernis buiten rijbaan","Buiten de rijbaan: Andere paal"
"2561","2021","09","22",2021-09-01,2021-09-01 22:00:00,2024-01-02 22:00:00,"11057","Vlaams Gewest","Provincie Antwerpen","Malle",51.310024841,4.73704783900007,"Buiten Kruispunt","Normaal","Droog","buiten bebouwde kom","Nacht, openbare verlichting aanwezig en ontstoken","Gewestweg","dodelijk gewonden","personenauto","een weggebruiker tegen een hindernis","Weggebruiker tegen hindernis buiten rijbaan","Buiten de rijbaan: Boom"
"2562","2021","09","15",2021-09-01,2021-09-01 15:00:00,2024-01-02 15:00:00,"11039","Vlaams Gewest","Provincie Antwerpen","Schilde",51.282916965,4.61417313200008,"Buiten Kruispunt","Onbekend","Droog","buiten bebouwde kom","Dag","Gemeenteweg","dodelijk gewonden","Motorfiets","personenauto","Tussen 2 bestuurders: Frontale botsing","Geen hindernis"
"2563","2021","09","03",2021-09-01,2021-09-01 03:00:00,2024-01-02 03:00:00,"13025","Vlaams Gewest","Provincie Antwerpen","Mol",51.1708981780001,5.08925536700002,"Buiten Kruispunt","Normaal","Droog","buiten bebouwde kom","Nacht, geen openbare verlichting aanwezig","Gewestweg","Met doden","Vrachtwagen","Lichte vrachtauto","Tussen 2 bestuurders: Langs achteren","Geen hindernis"
"2564","2021","09","17",2021-09-01,2021-09-01 17:00:00,2024-01-02 17:00:00,"13011","Vlaams Gewest","Provincie Antwerpen","Herentals",51.1242344010001,4.81162751300008,"Buiten Kruispunt","Normaal","Droog","buiten bebouwde kom","Dag","Gemeenteweg","Met doden","Motorfiets","een weggebruiker tegen een hindernis","Weggebruiker tegen hindernis buiten rijbaan","Buiten de rijbaan: Gracht"
"2565","2021","09","18",2021-09-01,2021-09-01 18:00:00,2024-01-02 18:00:00,"71070","Vlaams Gewest","Provincie Limburg","Heusden-Zolder",51.0398232480001,5.30145377600007,"Buiten Kruispunt","Normaal","Droog","binnen bebouwde kom","Dag","Gewestweg","Met doden","Vrachtwagen","Voetganger","Met een voetganger","Geen hindernis"
"2566","2021","09","08",2021-09-01,2021-09-01 08:00:00,2024-01-02 08:00:00,"71053","Vlaams Gewest","Provincie Limburg","Sint-Truiden",50.838614213,5.25948314900006,"Buiten Kruispunt","Normaal","Droog","binnen bebouwde kom","Dag","Gewestweg","dodelijk gewonden","Voetganger","Autobus","Met een voetganger","Geen hindernis"
"2567","2021","09","20",2021-09-01,2021-09-01 20:00:00,2024-01-02 20:00:00,"72041","Vlaams Gewest","Provincie Limburg","Dilsen-Stokkem",51.01566962,5.72578368600006,"Op Kruispunt","Normaal","Droog","buiten bebouwde kom","Dag","Gewestweg","Met doden","personenauto","Motorfiets","Tss. 2 best.: langs opzij (voor-/achterkant-flank)","Geen hindernis"
"2568","2021","09","15",2021-09-01,2021-09-01 15:00:00,2024-01-02 15:00:00,"24008","Vlaams Gewest","Provincie Vlaams-Brabant","Bekkevoort",50.9444364930001,4.97367864300003,"Buiten Kruispunt","Normaal","Droog","binnen bebouwde kom","Dag","Gewestweg","dodelijk gewonden","Vrachtwagen","Fiets","Tss. 2 best.: langs opzij (voor-/achterkant-flank)","Geen hindernis"
"2569","2021","09","18",2021-09-01,2021-09-01 18:00:00,2024-01-02 18:00:00,"23099","Vlaams Gewest","Provincie Vlaams-Brabant","Kraainem",50.8316409220001,4.48520336100006,"Op Kruispunt","Normaal","Droog","buiten bebouwde kom","Dag","Gewestweg","dodelijk gewonden","personenauto","personenauto","Tss. 2 best.: langs opzij (voor-/achterkant-flank)","Geen hindernis"
"2570","2021","09","15",2021-09-01,2021-09-01 15:00:00,2024-01-02 15:00:00,"23024","Vlaams Gewest","Provincie Vlaams-Brabant","Gooik",50.7797635650001,4.13173134500005,"Buiten Kruispunt","Normaal","Droog","buiten bebouwde kom","Dag","Gemeenteweg","Met doden","Andere weggebruiker","één bestuurder, geen hindernis","Eén bestuurder, geen hindernis (incl. val)","Geen hindernis"
"2571","2021","09","01",2021-09-01,2021-09-01 01:00:00,2024-01-02 01:00:00,"23088","Vlaams Gewest","Provincie Vlaams-Brabant","Vilvoorde",50.9122024590001,4.41960002400003,"Buiten Kruispunt","Normaal","Droog","buiten bebouwde kom","Nacht, openbare verlichting aanwezig en ontstoken","Gewestweg","Met doden","Vrachtwagen","personenauto","Tussen 2 bestuurders: Langs achteren","Geen hindernis"
"2572","2021","09","18",2021-09-01,2021-09-01 18:00:00,2024-01-02 18:00:00,"44021","Vlaams Gewest","Provincie Oost-Vlaanderen","Gent",51.0253197230001,3.72711236100002,"Buiten Kruispunt","Normaal","Droog","buiten bebouwde kom","Dag","Gemeenteweg","dodelijk gewonden","personenauto","een weggebruiker tegen een hindernis","Weggebruiker tegen hindernis buiten rijbaan","Buiten de rijbaan: Andere paal"
"2573","2021","09","09",2021-09-01,2021-09-01 09:00:00,2024-01-02 09:00:00,"42028","Vlaams Gewest","Provincie Oost-Vlaanderen","Zele",51.067606072,4.03683233500004,"Buiten Kruispunt","Normaal","Droog","binnen bebouwde kom","Dag","Gewestweg","dodelijk gewonden","personenauto","personenauto","Tussen 2 bestuurders: Langs achteren","Geen hindernis"
"2574","2021","09","15",2021-09-01,2021-09-01 15:00:00,2024-01-02 15:00:00,"42006","Vlaams Gewest","Provincie Oost-Vlaanderen","Dendermonde",51.032297772,4.17420794100002,"Op Kruispunt","Normaal","Droog","buiten bebouwde kom","Dag","Gewestweg","Met doden","Vrachtwagen","Fiets","Tussen 2 bestuurders: Flank tegen flank","Geen hindernis"
"2575","2021","09","03",2021-09-01,2021-09-01 03:00:00,2024-01-02 03:00:00,"31005","Vlaams Gewest","Provincie West-Vlaanderen","Brugge",NA,NA,"Buiten Kruispunt","Normaal","Droog","buiten bebouwde kom","Nacht, openbare verlichting aanwezig en ontstoken","Gemeenteweg","Met doden","personenauto","een weggebruiker tegen een hindernis","Weggebruiker tegen hindernis buiten rijbaan","Buiten de rijbaan: Boom"
"2576","2021","09","13",2021-09-01,2021-09-01 13:00:00,2024-01-02 13:00:00,"31005","Vlaams Gewest","Provincie West-Vlaanderen","Brugge",NA,NA,"Buiten Kruispunt","Normaal","Droog","buiten bebouwde kom","Dag","Gewestweg","Met doden","Fiets","personenauto","Tss. 2 best.: langs opzij (voor-/achterkant-flank)","Geen hindernis"
"2577","2021","09","10",2021-09-01,2021-09-01 10:00:00,2024-01-02 10:00:00,"31043","Vlaams Gewest","Provincie West-Vlaanderen","Knokke-Heist",51.341108773,3.28558506800005,"Op Kruispunt","Normaal","Droog+Proper","binnen bebouwde kom","Dag","Gewestweg","Met doden","Vrachtwagen","Fiets","Tss. 2 best.: langs opzij (voor-/achterkant-flank)","Geen hindernis"
"2578","2021","09","22",2021-09-01,2021-09-01 22:00:00,2024-01-02 22:00:00,"35011","Vlaams Gewest","Provincie West-Vlaanderen","Middelkerke",NA,NA,"Buiten Kruispunt","Normaal","Droog","binnen bebouwde kom","Nacht, openbare verlichting aanwezig en ontstoken","Gemeenteweg","Met doden","Bromfiets","een weggebruiker tegen een hindernis","Weggebruiker tegen hindernis op de rijbaan","Op de rijbaan: Put, straatgoot, tramspoor"
"2579","2021","09","19",2021-09-01,2021-09-01 19:00:00,2024-01-02 19:00:00,"37002","Vlaams Gewest","Provincie West-Vlaanderen","Dentergem",50.973028883,3.38958035700006,"Buiten Kruispunt","Normaal","Droog","buiten bebouwde kom","Dageraad - schemering","Gemeenteweg","Met doden","Fiets","Fiets","Tussen 2 bestuurders: Flank tegen flank","Geen hindernis"
"2580","2021","09","16",2021-09-01,2021-09-01 16:00:00,2024-01-02 16:00:00,"34043","Vlaams Gewest","Provincie West-Vlaanderen","Spiere-Helkijn",NA,NA,"Buiten Kruispunt","Normaal","Droog+Proper","buiten bebouwde kom","Dag","Gewestweg","dodelijk gewonden","Motorfiets","personenauto","Tss. 2 best.: langs opzij (voor-/achterkant-flank)","Geen hindernis"
"2581","2021","09","13",2021-09-01,2021-09-01 13:00:00,2024-01-02 13:00:00,"38025","Vlaams Gewest","Provincie West-Vlaanderen","Veurne",51.075484305,2.66250163100006,"Op Kruispunt","Normaal","Droog","binnen bebouwde kom","Dag","Gewestweg","dodelijk gewonden","personenauto","Voetganger","Met een voetganger","Geen hindernis"
"2582","2021","09","18",2021-09-01,2021-09-01 18:00:00,2024-01-02 18:00:00,"33011","Vlaams Gewest","Provincie West-Vlaanderen","Ieper",50.8232632720001,2.89141767300003,"Buiten Kruispunt","Normaal","Droog","buiten bebouwde kom","Dag","Gewestweg","Met doden","personenauto","personenauto","Tussen 2 bestuurders: Frontale botsing","Geen hindernis"
"2583","2021","09","21",2021-09-01,2021-09-01 21:00:00,2024-01-02 21:00:00,"46003","Vlaams Gewest","Provincie Oost-Vlaanderen","Beveren (Sint-Niklaas)",NA,NA,"Buiten Kruispunt","Normaal","Droog","buiten bebouwde kom","Nacht, openbare verlichting aanwezig en ontstoken","Gemeenteweg","Met doden","Motorfiets","een weggebruiker tegen een hindernis","Weggebruiker tegen hindernis buiten rijbaan","Buiten de rijbaan: Verlichtingspaal"
"2584","2021","09","16",2021-09-01,2021-09-01 16:00:00,2024-01-02 16:00:00,"71022","Vlaams Gewest","Provincie Limburg","Hasselt",50.948375878,5.25410343600004,"Op Kruispunt","Normaal","Droog","binnen bebouwde kom","Dag","Gemeenteweg","Met doden","personenauto","Fiets","Tussen 2 bestuurders: Frontale botsing","Geen hindernis"
"2585","2021","09","13",2021-09-01,2021-09-01 13:00:00,2024-01-02 13:00:00,"72042","Vlaams Gewest","Provincie Limburg","Oudsbergen",NA,NA,"Op Kruispunt","Onbekend","Droog","buiten bebouwde kom","Dag","Gemeenteweg","dodelijk gewonden","Fiets","Lichte vrachtauto","Tss. 2 best.: langs opzij (voor-/achterkant-flank)","Geen hindernis"
"2586","2021","09","16",2021-09-01,2021-09-01 16:00:00,2024-01-02 16:00:00,"71016","Vlaams Gewest","Provincie Limburg","Genk",50.9904086600001,5.50019478200005,"Op Kruispunt","Normaal","Droog","buiten bebouwde kom","Dag","Gewestweg","Met doden","personenauto","Lichte vrachtauto","Tss. 2 best.: langs opzij (voor-/achterkant-flank)","Geen hindernis"
"2587","2021","10","13",2021-10-01,2021-10-01 13:00:00,2024-01-02 13:00:00,"13014","Vlaams Gewest","Provincie Antwerpen","Hoogstraten",51.4780950260001,4.73147269300006,"Buiten Kruispunt","Normaal","Droog","buiten bebouwde kom","Dag","Autosnelweg","Met doden","Lichte vrachtauto","Vrachtwagen","Tussen 2 bestuurders: Langs achteren","Geen hindernis"
"2588","2021","10","18",2021-10-01,2021-10-01 18:00:00,2024-01-02 18:00:00,"72039","Vlaams Gewest","Provincie Limburg","Houthalen-Helchteren",51.009905168,5.42179546300002,"Buiten Kruispunt","Normaal","Droog","buiten bebouwde kom","Dag","Autosnelweg","Met doden","Lichte vrachtauto","Vrachtwagen","Tussen 2 bestuurders: Langs achteren","Geen hindernis"
"2589","2021","10","12",2021-10-01,2021-10-01 12:00:00,2024-01-02 12:00:00,"44021","Vlaams Gewest","Provincie Oost-Vlaanderen","Gent",51.0829956410001,3.79041070000005,"Buiten Kruispunt","Normaal","Droog+Proper","buiten bebouwde kom","Dag","Autosnelweg","Met doden","Lichte vrachtauto","Vrachtwagen","Tussen 2 bestuurders: Langs achteren","Geen hindernis"
"2590","2021","10","15",2021-10-01,2021-10-01 15:00:00,2024-01-02 15:00:00,"44034","Vlaams Gewest","Provincie Oost-Vlaanderen","Lochristi",51.069621284,3.90250408100008,"Buiten Kruispunt","Normaal","Droog","buiten bebouwde kom","Dag","Autosnelweg","Met doden","personenauto","één bestuurder, geen hindernis","Eén bestuurder, geen hindernis (incl. val)","Geen hindernis"
"2591","2021","10","11",2021-10-01,2021-10-01 11:00:00,2024-01-02 11:00:00,"31040","Vlaams Gewest","Provincie West-Vlaanderen","Zedelgem",51.1543683310001,3.20973525500006,"Buiten Kruispunt","Normaal","Droog","buiten bebouwde kom","Dag","Autosnelweg","Met doden","Motorfiets","een weggebruiker tegen een hindernis","Weggebruiker tegen hindernis buiten rijbaan","Buiten de rijbaan: Vangrails niet overgestoken"
"2592","2021","10","10",2021-10-01,2021-10-01 10:00:00,2024-01-02 10:00:00,"52015","Waals Gewest","Provincie Henegouwen","Courcelles",50.4787371210001,4.30945990300006,"Op Kruispunt","Normaal","Proper","buiten bebouwde kom","Dag","Autosnelweg","Met doden","personenauto","een weggebruiker tegen een hindernis","Weggebruiker tegen hindernis buiten rijbaan","Buiten de rijbaan: Verkeerseiland, middenberm"
"2593","2021","10","13",2021-10-01,2021-10-01 13:00:00,2024-01-02 13:00:00,"93088","Waals Gewest","Provincie Namen","Walcourt",50.249473091,4.51074589600006,"Buiten Kruispunt","Normaal","Proper","buiten bebouwde kom","Dag","Gewestweg","Met doden","personenauto","Vrachtwagen","Tussen 2 bestuurders: Langs achteren","Geen hindernis"
"2594","2021","10","18",2021-10-01,2021-10-01 18:00:00,2024-01-02 18:00:00,"92142","Waals Gewest","Provincie Namen","Gembloux",50.596463628,4.67611835500003,"Op Kruispunt","Normaal","Droog","buiten bebouwde kom","Dageraad - schemering","Gewestweg","Met doden","Motorfiets","een weggebruiker tegen een hindernis","Weggebruiker tegen hindernis buiten rijbaan","Buiten de rijbaan: Andere paal"
"2595","2021","10","01",2021-10-01,2021-10-01 01:00:00,2024-01-02 01:00:00,"62051","Waals Gewest","Provincie Luik","Herstal",50.680124221,5.59000747100004,"Buiten Kruispunt","Normaal","Droog","buiten bebouwde kom","Nacht, geen openbare verlichting aanwezig","Autosnelweg","Met doden","Vrachtwagen","Voetganger","Met een voetganger","Geen hindernis"
"2596","2021","10","01",2021-10-01,2021-10-01 01:00:00,2024-01-02 01:00:00,"25050","Waals Gewest","Provincie Waals-Brabant","Terhulpen",50.7388338920001,4.47175418500007,"Op Kruispunt","Regenval","Nat, plassen","binnen bebouwde kom","Nacht, openbare verlichting aanwezig en ontstoken","Gewestweg","Met doden","personenauto","een weggebruiker tegen een hindernis","Weggebruiker tegen hindernis buiten rijbaan","Buiten de rijbaan: Muur gebouw"
"2597","2021","10","13",2021-10-01,2021-10-01 13:00:00,2024-01-02 13:00:00,"62003","Waals Gewest","Provincie Luik","Ans",50.6585824090001,5.52477021000004,"Buiten Kruispunt","Normaal","Droog","binnen bebouwde kom","Dag","Gewestweg","dodelijk gewonden","personenauto","Motorfiets","Tussen 2 bestuurders: Langs achteren","Geen hindernis"
"2598","2021","10","11",2021-10-01,2021-10-01 11:00:00,2024-01-02 11:00:00,"61003","Waals Gewest","Provincie Luik","Amay",50.5478013410001,5.31793980000003,"Buiten Kruispunt","Normaal","Proper","binnen bebouwde kom","Dag","Gewestweg","Met doden","Vrachtwagen","Voetganger","Met een voetganger","Geen hindernis"
"2599","2021","10","18",2021-10-01,2021-10-01 18:00:00,2024-01-02 18:00:00,"84009","Waals Gewest","Provincie Luxemburg","Bertrix",49.8593419470001,5.26951025300002,"Buiten Kruispunt","Normaal","Droog+Proper","binnen bebouwde kom","Dag","Gemeenteweg","Met doden","personenauto","Voetganger","Met een voetganger","Geen hindernis"
"2600","2021","10","20",2021-10-01,2021-10-01 20:00:00,2024-01-02 20:00:00,"93088","Waals Gewest","Provincie Namen","Walcourt",50.283154822,4.47011873300005,"Op Kruispunt","Normaal","Droog","buiten bebouwde kom","Nacht, geen openbare verlichting aanwezig","Gewestweg","Met doden","Lichte vrachtauto","personenauto","Tss. 2 best.: langs opzij (voor-/achterkant-flank)","Geen hindernis"
"2601","2021","10","17",2021-10-01,2021-10-01 17:00:00,2024-01-02 17:00:00,"51014","Waals Gewest","Provincie Henegouwen","Chièvres",NA,NA,"Buiten Kruispunt","Normaal","Droog","buiten bebouwde kom","Dageraad - schemering","Gewestweg","Met doden","personenauto","Lichte vrachtauto","Tussen 2 bestuurders: Frontale botsing","Geen hindernis"
"2602","2021","10","19",2021-10-01,2021-10-01 19:00:00,2024-01-02 19:00:00,"53068","Waals Gewest","Provincie Henegouwen","Quiévrain",50.407617906,3.68975960000006,"Buiten Kruispunt","Normaal","Proper","binnen bebouwde kom","Nacht, openbare verlichting aanwezig en ontstoken","Gewestweg","dodelijk gewonden","personenauto","Voetganger","Met een voetganger","Geen hindernis"
"2603","2021","10","08",2021-10-01,2021-10-01 08:00:00,2024-01-02 08:00:00,"55086","Waals Gewest","Provincie Henegouwen","Manage",50.479321794,4.23544647200004,"Buiten Kruispunt","Normaal","Proper","binnen bebouwde kom","Dag","Gemeenteweg","Met doden","personenauto","personenauto","Kettingbotsing (3 bestuurders of meer)","Geen hindernis"
"2604","2021","10","17",2021-10-01,2021-10-01 17:00:00,2024-01-02 17:00:00,"11008","Vlaams Gewest","Provincie Antwerpen","Brasschaat",51.29904264,4.47868832700004,"Buiten Kruispunt","Onbekend","Onbekend","onbekend","Onbekend","Gemeenteweg","Met doden","onbekend","onbekend","Geen vermelding van de type aanrijding","Geen vermelding van de type aanrijding"
"2605","2021","10","16",2021-10-01,2021-10-01 16:00:00,2024-01-02 16:00:00,"11009","Vlaams Gewest","Provincie Antwerpen","Brecht",51.2986697700001,4.55802229100004,"Buiten Kruispunt","Normaal","Droog","binnen bebouwde kom","Dag","Gemeenteweg","Met doden","personenauto","Voetganger","Met een voetganger","Geen hindernis"
"2606","2021","10","14",2021-10-01,2021-10-01 14:00:00,2024-01-02 14:00:00,"12007","Vlaams Gewest","Provincie Antwerpen","Bornem",NA,NA,"Buiten Kruispunt","Normaal","Droog","binnen bebouwde kom","Dag","Gemeenteweg","Met doden","personenauto","Voetganger","Met een voetganger","Geen hindernis"
"2607","2021","10","00",2021-10-01,2021-10-01 00:00:00,2024-01-02 00:00:00,"13053","Vlaams Gewest","Provincie Antwerpen","Laakdal",51.0717251390001,4.96462265400004,"Buiten Kruispunt","Regenval","Nat, plassen","buiten bebouwde kom","Nacht, openbare verlichting aanwezig en ontstoken","Gewestweg","Met doden","personenauto","een weggebruiker tegen een hindernis","Weggebruiker tegen hindernis buiten rijbaan","Buiten de rijbaan: Gracht"
"2608","2021","10","05",2021-10-01,2021-10-01 05:00:00,2024-01-02 05:00:00,"13029","Vlaams Gewest","Provincie Antwerpen","Olen",51.1487631620001,4.87794112300003,"Buiten Kruispunt","Normaal","Droog","buiten bebouwde kom","Nacht, openbare verlichting aanwezig en ontstoken","Gemeenteweg","Met doden","Lichte vrachtauto","Bromfiets","Tss. 2 best.: langs opzij (voor-/achterkant-flank)","Geen hindernis"
"2609","2021","10","13",2021-10-01,2021-10-01 13:00:00,2024-01-02 13:00:00,"71004","Vlaams Gewest","Provincie Limburg","Beringen",51.0657753240001,5.19545519000008,"Buiten Kruispunt","Normaal","Droog","buiten bebouwde kom","Dag","Gemeenteweg","Met doden","Fiets","Fiets","Tss. 2 best.: langs opzij (voor-/achterkant-flank)","Geen hindernis"