"","DT_YEAR_COLLISION","DT_MONTH_COLLISION","DT_TIME","YEAR_MONTH_DAY","YEAR_MONTH_DAY_HOUR","TIME_DT","CD_NIS","TX_RGN_COLLISION_NL","TX_PROV_COLLISION_NL","TX_MUNTY_COLLISION_NL","LAT_WGS84","LONG_WGS84","TX_CROSSWAY_NL","TX_WEATHER_NL","TX_ROAD_CONDITION_NL","TX_BUILD_UP_AREA_NL","TX_LIGHT_CONDITION_NL","CD_ROAD_TYPE_NL","TX_CLASS_ACCIDENTS_NL","TX_ROAD_USR_TYPE1_NL","TX_ROAD_USR_TYPE2_NL","TX_COLLISION_TYPE_NL","TX_OBSTACLES_NL"
"2610","2021","10","07",2021-10-01,2021-10-01 07:00:00,2024-01-02 07:00:00,"73006","Vlaams Gewest","Provincie Limburg","Bilzen",50.832893567,5.56315669700007,"Op Kruispunt","Regenval","Nat, plassen","buiten bebouwde kom","Dageraad - schemering","Gewestweg","Met doden","personenauto","Motorfiets","Tss. 2 best.: langs opzij (voor-/achterkant-flank)","Geen hindernis"
"2611","2021","10","13",2021-10-01,2021-10-01 13:00:00,2024-01-02 13:00:00,"24135","Vlaams Gewest","Provincie Vlaams-Brabant","Tielt-Winge",50.9219680150001,4.85432010700004,"Op Kruispunt","Normaal","Nat, plassen","buiten bebouwde kom","Dag","Gewestweg","dodelijk gewonden","Vrachtwagen","personenauto","Tss. 2 best.: langs opzij (voor-/achterkant-flank)","Geen hindernis"
"2612","2021","10","02",2021-10-01,2021-10-01 02:00:00,2024-01-02 02:00:00,"44021","Vlaams Gewest","Provincie Oost-Vlaanderen","Gent",51.0606469190001,3.72804786100005,"Buiten Kruispunt","Normaal","Nat, plassen","binnen bebouwde kom","Nacht, openbare verlichting aanwezig en ontstoken","Gemeenteweg","Met doden","Lichte vrachtauto","een weggebruiker tegen een hindernis","Weggebruiker tegen hindernis buiten rijbaan","Buiten de rijbaan: Omheining"
"2613","2021","10","15",2021-10-01,2021-10-01 15:00:00,2024-01-02 15:00:00,"31033","Vlaams Gewest","Provincie West-Vlaanderen","Torhout",51.064065412,3.11644215700005,"Buiten Kruispunt","Normaal","Droog","binnen bebouwde kom","Dag","Gemeenteweg","dodelijk gewonden","personenauto","Fiets","Tussen 2 bestuurders: Frontale botsing","Geen hindernis"
"2614","2021","10","15",2021-10-01,2021-10-01 15:00:00,2024-01-02 15:00:00,"34027","Vlaams Gewest","Provincie West-Vlaanderen","Menen",50.796572772,3.21068799200003,"Buiten Kruispunt","Normaal","Droog","buiten bebouwde kom","Dag","Gemeenteweg","Met doden","Autobus","Fiets","Tussen 2 bestuurders: Frontale botsing","Geen hindernis"
"2615","2021","10","18",2021-10-01,2021-10-01 18:00:00,2024-01-02 18:00:00,"23003","Vlaams Gewest","Provincie Vlaams-Brabant","Beersel",50.763762592,4.32964837600002,"Buiten Kruispunt","Normaal","Nat, plassen","buiten bebouwde kom","Nacht, openbare verlichting aanwezig en ontstoken","Gemeenteweg","Met doden","onbekend","onbekend","Geen vermelding van de type aanrijding","Geen vermelding van de type aanrijding"
"2616","2021","10","18",2021-10-01,2021-10-01 18:00:00,2024-01-02 18:00:00,"71022","Vlaams Gewest","Provincie Limburg","Hasselt",50.9391863480001,5.30276003000006,"Op Kruispunt","Normaal","Droog","buiten bebouwde kom","Dag","Gewestweg","Met doden","Lichte vrachtauto","Fiets","Tss. 2 best.: langs opzij (voor-/achterkant-flank)","Geen hindernis"
"2617","2021","10","11",2021-10-01,2021-10-01 11:00:00,2024-01-02 11:00:00,"71066","Vlaams Gewest","Provincie Limburg","Zonhoven",50.9914024180001,5.39688304600003,"Buiten Kruispunt","Normaal","Droog","buiten bebouwde kom","Dag","Gemeenteweg","dodelijk gewonden","personenauto","Fiets","Tss. 2 best.: langs opzij (voor-/achterkant-flank)","Geen hindernis"
"2618","2021","10","11",2021-10-01,2021-10-01 11:00:00,2024-01-02 11:00:00,"71011","Vlaams Gewest","Provincie Limburg","Diepenbeek",50.9075974090001,5.43055126600007,"Op Kruispunt","Normaal","Droog","buiten bebouwde kom","Dag","Gemeenteweg","Met doden","onbekend","onbekend","Andere of onbekend","Geen vermelding van de aanwezigheid van een hindernis"
"2619","2021","10","10",2021-10-01,2021-10-01 10:00:00,2024-01-02 10:00:00,"72004","Vlaams Gewest","Provincie Limburg","Bree",51.1404579760001,5.60120929700003,"Op Kruispunt","Normaal","Droog","binnen bebouwde kom","Dag","Gewestweg","dodelijk gewonden","personenauto","Fiets","Tss. 2 best.: langs opzij (voor-/achterkant-flank)","Geen hindernis"
"2620","2021","10","08",2021-10-01,2021-10-01 08:00:00,2024-01-02 08:00:00,"72004","Vlaams Gewest","Provincie Limburg","Bree",51.1280753620001,5.57098929000006,"Buiten Kruispunt","Normaal","Droog","buiten bebouwde kom","Dag","Gewestweg","dodelijk gewonden","Lichte vrachtauto","Voetganger","Met een voetganger","Geen hindernis"
"2621","2021","11","06",2021-11-01,2021-11-01 06:00:00,2024-01-02 06:00:00,"11002","Vlaams Gewest","Provincie Antwerpen","Antwerpen",51.2164686350001,4.45013130200005,"Buiten Kruispunt","Normaal","Nat, plassen","buiten bebouwde kom","Nacht, openbare verlichting aanwezig en ontstoken","Autosnelweg","dodelijk gewonden","Vrachtwagen","personenauto","Tussen 2 bestuurders: Langs achteren","Geen hindernis"
"2622","2021","11","01",2021-11-01,2021-11-01 01:00:00,2024-01-02 01:00:00,"44040","Vlaams Gewest","Provincie Oost-Vlaanderen","Melle",50.990696352,3.79774510700003,"Buiten Kruispunt","Normaal","Droog","buiten bebouwde kom","Nacht, openb. verlicht. aanw., maar niet ontstoken","Autosnelweg","Met doden","personenauto","Voetganger","Met een voetganger","Geen hindernis"
"2623","2021","11","13",2021-11-01,2021-11-01 13:00:00,2024-01-02 13:00:00,"13010","Vlaams Gewest","Provincie Antwerpen","Grobbendonk",NA,NA,"Op Kruispunt","Normaal","Droog","buiten bebouwde kom","Dag","Gemeenteweg","Met doden","Andere weggebruiker","Fiets","Tussen 2 bestuurders: Frontale botsing","Geen hindernis"
"2624","2021","11","09",2021-11-01,2021-11-01 09:00:00,2024-01-02 09:00:00,"11002","Vlaams Gewest","Provincie Antwerpen","Antwerpen",NA,NA,"Buiten Kruispunt","Normaal","Droog","onbekend","Dag","Gemeenteweg","Met doden","onbekend","onbekend","Geen vermelding van de type aanrijding","Geen vermelding van de type aanrijding"
"2625","2021","11","23",2021-11-01,2021-11-01 23:00:00,2024-01-02 23:00:00,"82032","Waals Gewest","Provincie Luxemburg","Vielsalm",50.2565398190001,5.72506140400003,"Buiten Kruispunt","Sneeuwval","Ijzel, sneeuw","buiten bebouwde kom","Nacht, openbare verlichting aanwezig en ontstoken","Autosnelweg","dodelijk gewonden","personenauto","een weggebruiker tegen een hindernis","Weggebruiker tegen hindernis buiten rijbaan","Buiten de rijbaan: Boom"
"2626","2021","11","09",2021-11-01,2021-11-01 09:00:00,2024-01-02 09:00:00,"25044","Waals Gewest","Provincie Waals-Brabant","Itter",50.6254298200001,4.23505930500005,"Buiten Kruispunt","Normaal","Onbekend","buiten bebouwde kom","Dag","Gemeenteweg","Met doden","personenauto","Voetganger","Met een voetganger","Geen hindernis"
"2627","2021","11","21",2021-11-01,2021-11-01 21:00:00,2024-01-02 21:00:00,"25123","Waals Gewest","Provincie Waals-Brabant","Rebecq",50.6915642920001,4.10429450000004,"Buiten Kruispunt","Normaal","Droog","binnen bebouwde kom","Nacht, openbare verlichting aanwezig en ontstoken","Gewestweg","Met doden","Motorfiets","Lichte vrachtauto","Tussen 2 bestuurders: Langs achteren","Geen hindernis"
"2628","2021","11","17",2021-11-01,2021-11-01 17:00:00,2024-01-02 17:00:00,"62100","Waals Gewest","Provincie Luik","Sprimont",50.5540514400001,5.71863573700006,"Buiten Kruispunt","Sneeuwval","Ijzel, sneeuw","buiten bebouwde kom","Nacht, openbare verlichting aanwezig en ontstoken","Gemeenteweg","Met doden","personenauto","één bestuurder, geen hindernis","Eén bestuurder, geen hindernis (incl. val)","Geen hindernis"
"2629","2021","11","18",2021-11-01,2021-11-01 18:00:00,2024-01-02 18:00:00,"63079","Waals Gewest","Provincie Luik","Verviers",50.580604957,5.89160260500006,"Buiten Kruispunt","Normaal","Droog+Proper","binnen bebouwde kom","Nacht, openbare verlichting aanwezig en ontstoken","Gewestweg","dodelijk gewonden","personenauto","Voetganger","Met een voetganger","Geen hindernis"
"2630","2021","11","15",2021-11-01,2021-11-01 15:00:00,2024-01-02 15:00:00,"61080","Waals Gewest","Provincie Luik","Engis",50.5666948190001,5.42193570500007,"Buiten Kruispunt","Normaal","Nat, plassen","buiten bebouwde kom","Dag","Gewestweg","dodelijk gewonden","personenauto","Vrachtwagen","Tss. 2 best.: langs opzij (voor-/achterkant-flank)","Geen hindernis"
"2631","2021","11","15",2021-11-01,2021-11-01 15:00:00,2024-01-02 15:00:00,"82032","Waals Gewest","Provincie Luxemburg","Vielsalm",50.271028599,5.90772720200005,"Buiten Kruispunt","Normaal","Droog+Proper","buiten bebouwde kom","Dag","Gewestweg","Met doden","personenauto","personenauto","Tussen 2 bestuurders: Frontale botsing","Geen hindernis"
"2632","2021","11","19",2021-11-01,2021-11-01 19:00:00,2024-01-02 19:00:00,"83013","Waals Gewest","Provincie Luxemburg","Erezée",50.3133161320001,5.61849533900005,"Buiten Kruispunt","Regenval","Nat, plassen","buiten bebouwde kom","Nacht, geen openbare verlichting aanwezig","Gewestweg","Met doden","Lichte vrachtauto","een weggebruiker tegen een hindernis","Weggebruiker tegen hindernis buiten rijbaan","Buiten de rijbaan: Boom"
"2633","2021","11","17",2021-11-01,2021-11-01 17:00:00,2024-01-02 17:00:00,"84009","Waals Gewest","Provincie Luxemburg","Bertrix",49.8921784730001,5.29926457000005,"Buiten Kruispunt","Normaal","Proper","buiten bebouwde kom","Nacht, geen openbare verlichting aanwezig","Gewestweg","dodelijk gewonden","personenauto","Andere weggebruiker","Tussen 2 bestuurders: Langs achteren","Geen hindernis"
"2634","2021","11","18",2021-11-01,2021-11-01 18:00:00,2024-01-02 18:00:00,"91120","Waals Gewest","Provincie Namen","Somme-Leuze",50.2952089030001,5.36536827300006,"Buiten Kruispunt","Regenval","Nat, plassen","buiten bebouwde kom","Nacht, geen openbare verlichting aanwezig","Gewestweg","Met doden","Lichte vrachtauto","personenauto","Tussen 2 bestuurders: Frontale botsing","Geen hindernis"
"2635","2021","11","11",2021-11-01,2021-11-01 11:00:00,2024-01-02 11:00:00,"57081","Waals Gewest","Provincie Henegouwen","Doornik",50.6180133890001,3.37216172800004,"Op Kruispunt","Normaal","Proper","binnen bebouwde kom","Dag","Gewestweg","Met doden","personenauto","Voetganger","Met een voetganger","Geen hindernis"
"2636","2021","11","15",2021-11-01,2021-11-01 15:00:00,2024-01-02 15:00:00,"57094","Waals Gewest","Provincie Henegouwen","Leuze-en-Hainaut",50.571186895,3.56619613000004,"Op Kruispunt","Onbekend","Droog","buiten bebouwde kom","Dag","Gewestweg","dodelijk gewonden","onbekend","onbekend","Tss. 2 best.: langs opzij (voor-/achterkant-flank)","Geen hindernis"
"2637","2021","11","01",2021-11-01,2021-11-01 01:00:00,2024-01-02 01:00:00,"57064","Waals Gewest","Provincie Henegouwen","Péruwelz",50.5460759100001,3.60405750600006,"Buiten Kruispunt","Regenval","Nat, plassen+Vuil (zand, grint, bladeren,...)","buiten bebouwde kom","Nacht, openbare verlichting aanwezig en ontstoken","Gewestweg","Met doden","personenauto","een weggebruiker tegen een hindernis","Weggebruiker tegen hindernis buiten rijbaan","Buiten de rijbaan: Omheining"
"2638","2021","11","06",2021-11-01,2021-11-01 06:00:00,2024-01-02 06:00:00,"51004","Waals Gewest","Provincie Henegouwen","Aat",50.606959837,3.74639313600005,"Buiten Kruispunt","Normaal","Nat, plassen","buiten bebouwde kom","Nacht, openbare verlichting aanwezig en ontstoken","Gewestweg","Met doden","personenauto","Vrachtwagen","Tussen 2 bestuurders: Frontale botsing","Geen hindernis"
"2639","2021","11","01",2021-11-01,2021-11-01 01:00:00,2024-01-02 01:00:00,"53044","Waals Gewest","Provincie Henegouwen","Jurbeke",50.5262305410001,3.91404048200007,"Buiten Kruispunt","Onbekend","Onbekend","onbekend","Onbekend","Gewestweg","Met doden","personenauto","een weggebruiker tegen een hindernis","Weggebruiker tegen hindernis buiten rijbaan","Buiten de rijbaan: Andere paal"
"2640","2021","11","15",2021-11-01,2021-11-01 15:00:00,2024-01-02 15:00:00,"52011","Waals Gewest","Provincie Henegouwen","Charleroi",50.4011604930001,4.47807873600004,"Buiten Kruispunt","Normaal","Droog","binnen bebouwde kom","Dag","Gewestweg","Met doden","personenauto","Voetganger","Met een voetganger","Geen hindernis"
"2641","2021","11","12",2021-11-01,2021-11-01 12:00:00,2024-01-02 12:00:00,"52011","Waals Gewest","Provincie Henegouwen","Charleroi",50.394213957,4.38919277600007,"Buiten Kruispunt","Normaal","Nat, plassen","binnen bebouwde kom","Dag","Gewestweg","dodelijk gewonden","personenauto","Voetganger","Met een voetganger","Geen hindernis"
"2642","2021","11","17",2021-11-01,2021-11-01 17:00:00,2024-01-02 17:00:00,"56001","Waals Gewest","Provincie Henegouwen","Anderlues",50.393737962,4.27826172500005,"Buiten Kruispunt","Regenval","Nat, plassen","binnen bebouwde kom","Nacht, openbare verlichting aanwezig en ontstoken","Gemeenteweg","Met doden","Fiets","één bestuurder, geen hindernis","Eén bestuurder, geen hindernis (incl. val)","Geen hindernis"
"2643","2021","11","17",2021-11-01,2021-11-01 17:00:00,2024-01-02 17:00:00,"21004","Brussels Hoofdstedelijk Gewest",NA,"Brussel",50.899575795,4.38522636900006,"Buiten Kruispunt","Normaal","Nat, plassen","binnen bebouwde kom","Dag","Gemeenteweg","dodelijk gewonden","personenauto","Voetganger","Met een voetganger","Geen hindernis"
"2644","2021","11","18",2021-11-01,2021-11-01 18:00:00,2024-01-02 18:00:00,"21013","Brussels Hoofdstedelijk Gewest",NA,"Sint-Gillis",50.8391755700001,4.34050337800005,"Op Kruispunt","Normaal","Vuil (zand, grint, bladeren,...)","binnen bebouwde kom","Nacht, openbare verlichting aanwezig en ontstoken","Gewestweg","Met doden","personenauto","personenauto","Tussen 2 bestuurders: Langs achteren","Geen hindernis"
"2645","2021","11","20",2021-11-01,2021-11-01 20:00:00,2024-01-02 20:00:00,"11002","Vlaams Gewest","Provincie Antwerpen","Antwerpen",51.2278034110001,4.45738548300005,"Buiten Kruispunt","Normaal","Droog","binnen bebouwde kom","Nacht, openbare verlichting aanwezig en ontstoken","Gemeenteweg","Met doden","Bromfiets","personenauto","Tussen 2 bestuurders: Flank tegen flank","Geen hindernis"
"2646","2021","11","07",2021-11-01,2021-11-01 07:00:00,2024-01-02 07:00:00,"11002","Vlaams Gewest","Provincie Antwerpen","Antwerpen",51.2003793750001,4.43283910900004,"Buiten Kruispunt","Normaal","Droog","binnen bebouwde kom","Dag","Gemeenteweg","dodelijk gewonden","Vrachtwagen","Voetganger","Met een voetganger","Geen hindernis"
"2647","2021","11","07",2021-11-01,2021-11-01 07:00:00,2024-01-02 07:00:00,"11002","Vlaams Gewest","Provincie Antwerpen","Antwerpen",51.2004170970001,4.43274113900003,"Buiten Kruispunt","Normaal","Droog","binnen bebouwde kom","Nacht, openbare verlichting aanwezig en ontstoken","Gemeenteweg","Met doden","Vrachtwagen","Voetganger","Met een voetganger","Geen hindernis"
"2648","2021","11","02",2021-11-01,2021-11-01 02:00:00,2024-01-02 02:00:00,"12029","Vlaams Gewest","Provincie Antwerpen","Putte",51.0357365420001,4.58787674000007,"Buiten Kruispunt","Regenval","Nat, plassen","binnen bebouwde kom","Nacht, openbare verlichting aanwezig en ontstoken","Gemeenteweg","dodelijk gewonden","Bromfiets","één bestuurder, geen hindernis","Eén bestuurder, geen hindernis (incl. val)","Geen hindernis"
"2649","2021","11","13",2021-11-01,2021-11-01 13:00:00,2024-01-02 13:00:00,"12002","Vlaams Gewest","Provincie Antwerpen","Berlaar",51.0950822360001,4.64572142000003,"Buiten Kruispunt","Normaal","Vuil (zand, grint, bladeren,...)","binnen bebouwde kom","Dag","Gemeenteweg","Met doden","Andere weggebruiker","Fiets","Tss. 2 best.: langs opzij (voor-/achterkant-flank)","Geen hindernis"
"2650","2021","11","01",2021-11-01,2021-11-01 01:00:00,2024-01-02 01:00:00,"72020","Vlaams Gewest","Provincie Limburg","Lommel",51.184772351,5.29877276900004,"Buiten Kruispunt","Normaal","Nat, plassen","buiten bebouwde kom","Nacht, openbare verlichting aanwezig en ontstoken","Gewestweg","Met doden","personenauto","een weggebruiker tegen een hindernis","Weggebruiker tegen hindernis buiten rijbaan","Buiten de rijbaan: Boom"
"2651","2021","11","09",2021-11-01,2021-11-01 09:00:00,2024-01-02 09:00:00,"71053","Vlaams Gewest","Provincie Limburg","Sint-Truiden",50.8130646490001,5.18456848900007,"Op Kruispunt","Normaal","Droog","binnen bebouwde kom","Dag","Gemeenteweg","dodelijk gewonden","Lichte vrachtauto","Voetganger","Met een voetganger","Geen hindernis"
"2652","2021","11","11",2021-11-01,2021-11-01 11:00:00,2024-01-02 11:00:00,"72030","Vlaams Gewest","Provincie Limburg","Peer",51.1334141720001,5.45711660400002,"Op Kruispunt","Normaal","Droog","binnen bebouwde kom","Dag","Gewestweg","dodelijk gewonden","personenauto","Fiets","Tss. 2 best.: langs opzij (voor-/achterkant-flank)","Geen hindernis"
"2653","2021","11","11",2021-11-01,2021-11-01 11:00:00,2024-01-02 11:00:00,"24062","Vlaams Gewest","Provincie Vlaams-Brabant","Leuven",50.8634272910001,4.68809514100008,"Buiten Kruispunt","Normaal","Nat, plassen","binnen bebouwde kom","Dag","Gemeenteweg","dodelijk gewonden","Voetganger","Fiets","Met een voetganger","Geen hindernis"
"2654","2021","11","23",2021-11-01,2021-11-01 23:00:00,2024-01-02 23:00:00,"24001","Vlaams Gewest","Provincie Vlaams-Brabant","Aarschot",50.9577633920001,4.89670150300003,"Buiten Kruispunt","Normaal","Droog","binnen bebouwde kom","Nacht, openbare verlichting aanwezig en ontstoken","Gemeenteweg","Met doden","personenauto","een weggebruiker tegen een hindernis","Weggebruiker tegen hindernis buiten rijbaan","Buiten de rijbaan: Verlichtingspaal"
"2655","2021","11","23",2021-11-01,2021-11-01 23:00:00,2024-01-02 23:00:00,"23033","Vlaams Gewest","Provincie Vlaams-Brabant","Hoeilaart",NA,NA,"Buiten Kruispunt","Regenval","Nat, plassen","buiten bebouwde kom","Nacht, geen openbare verlichting aanwezig","Gemeenteweg","dodelijk gewonden","Vrachtwagen","Fiets","Tussen 2 bestuurders: Frontale botsing","Geen hindernis"
"2656","2021","11","07",2021-11-01,2021-11-01 07:00:00,2024-01-02 07:00:00,"23097","Vlaams Gewest","Provincie Vlaams-Brabant","Roosdaal",NA,NA,"Op Kruispunt","Normaal","Nat, plassen","buiten bebouwde kom","Dag","Gemeenteweg","Met doden","personenauto","een weggebruiker tegen een hindernis","Weggebruiker tegen hindernis buiten rijbaan","Andere hindernis"
"2657","2021","11","01",2021-11-01,2021-11-01 01:00:00,2024-01-02 01:00:00,"44013","Vlaams Gewest","Provincie Oost-Vlaanderen","Destelbergen",51.0332014890001,3.82668549300007,"Buiten Kruispunt","Normaal","Droog","buiten bebouwde kom","Nacht, openbare verlichting aanwezig en ontstoken","Gemeenteweg","dodelijk gewonden","Fiets","één bestuurder, geen hindernis","Eén bestuurder, geen hindernis (incl. val)","Geen hindernis"
"2658","2021","11","10",2021-11-01,2021-11-01 10:00:00,2024-01-02 10:00:00,"43010","Vlaams Gewest","Provincie Oost-Vlaanderen","Maldegem",NA,NA,"Buiten Kruispunt","Normaal","Nat, plassen","buiten bebouwde kom","Dag","Autosnelweg","Met doden","Vrachtwagen","een weggebruiker tegen een hindernis","Weggebruiker tegen hindernis buiten rijbaan","Buiten de rijbaan: Gracht"
"2659","2021","11","09",2021-11-01,2021-11-01 09:00:00,2024-01-02 09:00:00,"45035","Vlaams Gewest","Provincie Oost-Vlaanderen","Oudenaarde",50.8307475570001,3.64592979500003,"Buiten Kruispunt","Normaal","Droog","buiten bebouwde kom","Dag","Gewestweg","Met doden","Vrachtwagen","Vrachtwagen","Tussen 2 bestuurders: Frontale botsing","Geen hindernis"
"2660","2021","11","07",2021-11-01,2021-11-01 07:00:00,2024-01-02 07:00:00,"42006","Vlaams Gewest","Provincie Oost-Vlaanderen","Dendermonde",NA,NA,"Buiten Kruispunt","Normaal","Nat, plassen","binnen bebouwde kom","Nacht, openbare verlichting aanwezig en ontstoken","Gemeenteweg","dodelijk gewonden","Fiets","één bestuurder, geen hindernis","Eén bestuurder, geen hindernis (incl. val)","Geen hindernis"
"2661","2021","11","16",2021-11-01,2021-11-01 16:00:00,2024-01-02 16:00:00,"35011","Vlaams Gewest","Provincie West-Vlaanderen","Middelkerke",NA,NA,"Buiten Kruispunt","Normaal","Droog","buiten bebouwde kom","Dag","Gewestweg","Met doden","personenauto","Fiets","Tss. 2 best.: langs opzij (voor-/achterkant-flank)","Geen hindernis"
"2662","2021","11","14",2021-11-01,2021-11-01 14:00:00,2024-01-02 14:00:00,"35014","Vlaams Gewest","Provincie West-Vlaanderen","Oudenburg",51.1932962860001,2.98221513500005,"Buiten Kruispunt","Normaal","Nat, plassen","binnen bebouwde kom","Dag","Gemeenteweg","dodelijk gewonden","Fiets","één bestuurder, geen hindernis","Eén bestuurder, geen hindernis (incl. val)","Geen hindernis"
"2663","2021","11","21",2021-11-01,2021-11-01 21:00:00,2024-01-02 21:00:00,"38002","Vlaams Gewest","Provincie West-Vlaanderen","Alveringem",50.9841312280001,2.68994536300005,"Buiten Kruispunt","Normaal","Droog","binnen bebouwde kom","Nacht, geen openbare verlichting aanwezig","Gewestweg","Met doden","personenauto","Vrachtwagen","Tss. 2 best.: langs opzij (voor-/achterkant-flank)","Geen hindernis"
"2664","2021","11","14",2021-11-01,2021-11-01 14:00:00,2024-01-02 14:00:00,"33039","Vlaams Gewest","Provincie West-Vlaanderen","Heuvelland",50.752320297,2.83766293300005,"Buiten Kruispunt","Normaal","Droog","buiten bebouwde kom","Dag","Gewestweg","Met doden","Lichte vrachtauto","een weggebruiker tegen een hindernis","Weggebruiker tegen hindernis buiten rijbaan","Buiten de rijbaan: Gracht"
"2665","2021","11","03",2021-11-01,2021-11-01 03:00:00,2024-01-02 03:00:00,"71022","Vlaams Gewest","Provincie Limburg","Hasselt",50.9366130130001,5.31690187600003,"Op Kruispunt","Normaal","Droog","buiten bebouwde kom","Nacht, openbare verlichting aanwezig en ontstoken","Gewestweg","Met doden","Lichte vrachtauto","een weggebruiker tegen een hindernis","Weggebruiker tegen hindernis buiten rijbaan","Buiten de rijbaan: Vangrails niet overgestoken"
"2666","2021","11","23",2021-11-01,2021-11-01 23:00:00,2024-01-02 23:00:00,"71022","Vlaams Gewest","Provincie Limburg","Hasselt",50.9277814390001,5.34138402400004,"Buiten Kruispunt","Normaal","Nat, plassen","binnen bebouwde kom","Nacht, openbare verlichting aanwezig en ontstoken","Gewestweg","dodelijk gewonden","Fiets","een weggebruiker tegen een hindernis","Weggebruiker tegen hindernis buiten rijbaan","Andere hindernis"
"2667","2021","11","06",2021-11-01,2021-11-01 06:00:00,2024-01-02 06:00:00,"71016","Vlaams Gewest","Provincie Limburg","Genk",50.964421477,5.50016331500007,"Op Kruispunt","Normaal","Nat, plassen","binnen bebouwde kom","Nacht, openbare verlichting aanwezig en ontstoken","Gewestweg","Met doden","Bromfiets","een weggebruiker tegen een hindernis","Weggebruiker tegen hindernis buiten rijbaan","Buiten de rijbaan: Andere paal"
"2668","2021","11","20",2021-11-01,2021-11-01 20:00:00,2024-01-02 20:00:00,"72018","Vlaams Gewest","Provincie Limburg","Kinrooi",51.145125884,5.79597664900007,"Buiten Kruispunt","Normaal","Droog","buiten bebouwde kom","Nacht, openbare verlichting aanwezig en ontstoken","Gewestweg","Met doden","Andere weggebruiker","personenauto","Tussen 2 bestuurders: Frontale botsing","Geen hindernis"
"2669","2021","11","16",2021-11-01,2021-11-01 16:00:00,2024-01-02 16:00:00,"72039","Vlaams Gewest","Provincie Limburg","Houthalen-Helchteren",51.056286604,5.38243350000005,"Op Kruispunt","Normaal","Droog","binnen bebouwde kom","Dag","Gewestweg","Met doden","personenauto","een weggebruiker tegen een hindernis","Weggebruiker tegen hindernis buiten rijbaan","Buiten de rijbaan: Andere paal"
"2670","2021","12","22",2021-12-01,2021-12-01 22:00:00,2024-01-02 22:00:00,"34022","Vlaams Gewest","Provincie West-Vlaanderen","Kortrijk",50.776064896,3.20376423400006,"Buiten Kruispunt","Normaal","Nat, plassen","buiten bebouwde kom","Nacht, geen openbare verlichting aanwezig","Autosnelweg","Met doden","personenauto","personenauto","Kettingbotsing (3 bestuurders of meer)","Geen hindernis"
"2671","2021","12","19",2021-12-01,2021-12-01 19:00:00,2024-01-02 19:00:00,"62060","Waals Gewest","Provincie Luik","Juprelle",50.7025875400001,5.57965702200005,"Buiten Kruispunt","Normaal","Proper","buiten bebouwde kom","Nacht, openbare verlichting aanwezig en ontstoken","Autosnelweg","Met doden","personenauto","Vrachtwagen","Tss. 2 best.: langs opzij (voor-/achterkant-flank)","Geen hindernis"
"2672","2021","12","19",2021-12-01,2021-12-01 19:00:00,2024-01-02 19:00:00,"62063","Waals Gewest","Provincie Luik","Luik",50.6392707310001,5.53768672200005,"Buiten Kruispunt","Onbekend","Onbekend","binnen bebouwde kom","Nacht, openbare verlichting aanwezig en ontstoken","Gemeenteweg","Met doden","personenauto","Voetganger","Met een voetganger","Geen hindernis"
"2673","2021","12","16",2021-12-01,2021-12-01 16:00:00,2024-01-02 16:00:00,"62011","Waals Gewest","Provincie Luik","Bitsingen",50.7849899060001,5.66139409900006,"Buiten Kruispunt","Onbekend","Nat, plassen","buiten bebouwde kom","Nacht, openbare verlichting aanwezig en ontstoken","Gewestweg","dodelijk gewonden","personenauto","personenauto","Tussen 2 bestuurders: Frontale botsing","Geen hindernis"
"2674","2021","12","18",2021-12-01,2021-12-01 18:00:00,2024-01-02 18:00:00,"62009","Waals Gewest","Provincie Luik","Aywaille",NA,NA,"Buiten Kruispunt","Regenval","Nat, plassen","buiten bebouwde kom","Nacht, openbare verlichting aanwezig en ontstoken","Gewestweg","Met doden","personenauto","een weggebruiker tegen een hindernis","Weggebruiker tegen hindernis buiten rijbaan","Buiten de rijbaan: Boom"
"2675","2021","12","01",2021-12-01,2021-12-01 01:00:00,2024-01-02 01:00:00,"62093","Waals Gewest","Provincie Luik","Saint-Nicolas (Luik)",NA,NA,"Buiten Kruispunt","Onbekend","Nat, plassen","binnen bebouwde kom","Nacht, openbare verlichting aanwezig en ontstoken","Gemeenteweg","Met doden","personenauto","één bestuurder, geen hindernis","Eén bestuurder, geen hindernis (incl. val)","Geen hindernis"
"2676","2021","12","13",2021-12-01,2021-12-01 13:00:00,2024-01-02 13:00:00,"63035","Waals Gewest","Provincie Luik","Herve",50.6380589890001,5.77504190800005,"Buiten Kruispunt","Normaal","Nat, plassen","buiten bebouwde kom","Dag","Gewestweg","Met doden","personenauto","Voetganger","Met een voetganger","Geen hindernis"
"2677","2021","12","11",2021-12-01,2021-12-01 11:00:00,2024-01-02 11:00:00,"63079","Waals Gewest","Provincie Luik","Verviers",50.5955895380001,5.89662702300006,"Op Kruispunt","Normaal","Droog","binnen bebouwde kom","Dag","Gemeenteweg","dodelijk gewonden","personenauto","Bromfiets","Tss. 2 best.: langs opzij (voor-/achterkant-flank)","Geen hindernis"