"","DT_YEAR_COLLISION","DT_MONTH_COLLISION","DT_TIME","YEAR_MONTH_DAY","YEAR_MONTH_DAY_HOUR","TIME_DT","CD_NIS","TX_RGN_COLLISION_NL","TX_PROV_COLLISION_NL","TX_MUNTY_COLLISION_NL","LAT_WGS84","LONG_WGS84","TX_CROSSWAY_NL","TX_WEATHER_NL","TX_ROAD_CONDITION_NL","TX_BUILD_UP_AREA_NL","TX_LIGHT_CONDITION_NL","CD_ROAD_TYPE_NL","TX_CLASS_ACCIDENTS_NL","TX_ROAD_USR_TYPE1_NL","TX_ROAD_USR_TYPE2_NL","TX_COLLISION_TYPE_NL","TX_OBSTACLES_NL"
"2678","2021","12","05",2021-12-01,2021-12-01 05:00:00,2024-01-02 05:00:00,"61010","Waals Gewest","Provincie Luik","Burdinne",NA,NA,"Buiten Kruispunt","Normaal","Droog","buiten bebouwde kom","Nacht, geen openbare verlichting aanwezig","Gewestweg","Met doden","personenauto","een weggebruiker tegen een hindernis","Weggebruiker tegen hindernis buiten rijbaan","Buiten de rijbaan: Boom"
"2679","2021","12","15",2021-12-01,2021-12-01 15:00:00,2024-01-02 15:00:00,"84033","Waals Gewest","Provincie Luxemburg","Léglise",49.787586332,5.48729532300007,"Buiten Kruispunt","Normaal","Proper","binnen bebouwde kom","Dag","Gemeenteweg","dodelijk gewonden","Voetganger","personenauto","Met een voetganger","Geen hindernis"
"2680","2021","12","23",2021-12-01,2021-12-01 23:00:00,2024-01-02 23:00:00,"84029","Waals Gewest","Provincie Luxemburg","Herbeumont",49.7913357520001,5.24422147100006,"Buiten Kruispunt","Normaal","Nat, plassen","buiten bebouwde kom","Nacht, geen openbare verlichting aanwezig","Gemeenteweg","dodelijk gewonden","personenauto","één bestuurder, geen hindernis","Eén bestuurder, geen hindernis (incl. val)","Geen hindernis"
"2681","2021","12","18",2021-12-01,2021-12-01 18:00:00,2024-01-02 18:00:00,"92094","Waals Gewest","Provincie Namen","Namen",NA,NA,"Buiten Kruispunt","Onbekend","Onbekend","onbekend","Onbekend","Gewestweg","Met doden","onbekend","onbekend","Geen vermelding van de type aanrijding","Geen vermelding van de type aanrijding"
"2682","2021","12","14",2021-12-01,2021-12-01 14:00:00,2024-01-02 14:00:00,"92138","Waals Gewest","Provincie Namen","Fernelmont",50.564692844,5.01856832100003,"Buiten Kruispunt","Normaal","Nat, plassen","buiten bebouwde kom","Dag","Gewestweg","Met doden","onbekend","onbekend","Andere of onbekend","Geen vermelding van de aanwezigheid van een hindernis"
"2683","2021","12","18",2021-12-01,2021-12-01 18:00:00,2024-01-02 18:00:00,"91005","Waals Gewest","Provincie Namen","Anhée",50.32052098,4.83424238700007,"Buiten Kruispunt","Normaal","Nat, plassen","binnen bebouwde kom","Nacht, openbare verlichting aanwezig en ontstoken","Gemeenteweg","dodelijk gewonden","personenauto","personenauto","Tussen 2 bestuurders: Frontale botsing","Geen hindernis"
"2684","2021","12","17",2021-12-01,2021-12-01 17:00:00,2024-01-02 17:00:00,"57081","Waals Gewest","Provincie Henegouwen","Doornik",50.631340837,3.35778590700005,"Buiten Kruispunt","Normaal","Droog","binnen bebouwde kom","Dageraad - schemering","Gewestweg","Met doden","Motorfiets","Voetganger","Met een voetganger","Geen hindernis"
"2685","2021","12","16",2021-12-01,2021-12-01 16:00:00,2024-01-02 16:00:00,"57095","Waals Gewest","Provincie Henegouwen","Mont-de-l’Enclus",NA,NA,"Buiten Kruispunt","Normaal","Proper","buiten bebouwde kom","Dag","Gewestweg","Met doden","personenauto","een weggebruiker tegen een hindernis","Weggebruiker tegen hindernis buiten rijbaan","Buiten de rijbaan: Boom"
"2686","2021","12","16",2021-12-01,2021-12-01 16:00:00,2024-01-02 16:00:00,"53053","Waals Gewest","Provincie Henegouwen","Bergen",50.4518776200001,3.91682245800007,"Buiten Kruispunt","Regenval+Sterke wind, rukwind","Nat, plassen+Proper","binnen bebouwde kom","Dageraad - schemering","Gewestweg","Met doden","Motorfiets","een weggebruiker tegen een hindernis","Weggebruiker tegen hindernis op de rijbaan","Op de rijbaan: Werken (signal., aarde, toestel,…)"
"2687","2021","12","18",2021-12-01,2021-12-01 18:00:00,2024-01-02 18:00:00,"53053","Waals Gewest","Provincie Henegouwen","Bergen",50.4663177250001,4.05243703300005,"Buiten Kruispunt","Regenval","Nat, plassen","binnen bebouwde kom","Nacht, openbare verlichting aanwezig en ontstoken","Gewestweg","dodelijk gewonden","personenauto","Voetganger","Met een voetganger","Geen hindernis"
"2688","2021","12","14",2021-12-01,2021-12-01 14:00:00,2024-01-02 14:00:00,"55004","Waals Gewest","Provincie Henegouwen","’s Gravenbrakel",NA,NA,"Buiten Kruispunt","Normaal","Proper","buiten bebouwde kom","Dag","Gewestweg","Met doden","personenauto","Vrachtwagen","Tussen 2 bestuurders: Frontale botsing","Geen hindernis"
"2689","2021","12","20",2021-12-01,2021-12-01 20:00:00,2024-01-02 20:00:00,"52011","Waals Gewest","Provincie Henegouwen","Charleroi",50.422255099,4.46303967400007,"Buiten Kruispunt","Normaal","Proper","binnen bebouwde kom","Nacht, openbare verlichting aanwezig en ontstoken","Gewestweg","Met doden","personenauto","personenauto","Tussen 2 bestuurders: Langs achteren","Geen hindernis"
"2690","2021","12","03",2021-12-01,2021-12-01 03:00:00,2024-01-02 03:00:00,"56022","Waals Gewest","Provincie Henegouwen","Erquelinnes",50.280912174,4.19486374300004,"Buiten Kruispunt","Mist (zichtbaarheid minder dan 100m)","Nat, plassen","buiten bebouwde kom","Nacht, openbare verlichting aanwezig en ontstoken","Gewestweg","Met doden","personenauto","personenauto","Tussen 2 bestuurders: Langs achteren","Geen hindernis"
"2691","2021","12","15",2021-12-01,2021-12-01 15:00:00,2024-01-02 15:00:00,"56005","Waals Gewest","Provincie Henegouwen","Beaumont",50.234303083,4.26440639800006,"Buiten Kruispunt","Normaal","Droog+Proper","buiten bebouwde kom","Dag","Gewestweg","Met doden","Lichte vrachtauto","Fiets","Tussen 2 bestuurders: Flank tegen flank","Geen hindernis"
"2692","2021","12","14",2021-12-01,2021-12-01 14:00:00,2024-01-02 14:00:00,"56078","Waals Gewest","Provincie Henegouwen","Thuin",50.3565139350001,4.36373520900003,"Buiten Kruispunt","Normaal","Droog+Proper","binnen bebouwde kom","Dag","Gewestweg","Met doden","personenauto","Voetganger","Met een voetganger","Geen hindernis"
"2693","2021","12","12",2021-12-01,2021-12-01 12:00:00,2024-01-02 12:00:00,"21012","Brussels Hoofdstedelijk Gewest",NA,"Sint-Jans-Molenbeek",50.855403945,4.33552646400005,"Buiten Kruispunt","Normaal","Proper","binnen bebouwde kom","Dag","Gewestweg","dodelijk gewonden","Voetganger","Motorfiets","Met een voetganger","Geen hindernis"
"2694","2021","12","21",2021-12-01,2021-12-01 21:00:00,2024-01-02 21:00:00,"11002","Vlaams Gewest","Provincie Antwerpen","Antwerpen",51.1769791770001,4.35006211600006,"Buiten Kruispunt","Regenval","Nat, plassen","binnen bebouwde kom","Dageraad - schemering","Gemeenteweg","dodelijk gewonden","personenauto","Voetganger","Met een voetganger","Geen hindernis"
"2695","2021","12","16",2021-12-01,2021-12-01 16:00:00,2024-01-02 16:00:00,"11056","Vlaams Gewest","Provincie Antwerpen","Zwijndrecht",51.202477618,4.35140161100003,"Buiten Kruispunt","Regenval","Nat, plassen","binnen bebouwde kom","Dageraad - schemering","Gemeenteweg","Met doden","Autobus","personenauto","Tussen 2 bestuurders: Frontale botsing","Geen hindernis"
"2696","2021","12","13",2021-12-01,2021-12-01 13:00:00,2024-01-02 13:00:00,"11053","Vlaams Gewest","Provincie Antwerpen","Wuustwezel",51.417552797,4.64376476200005,"Op Kruispunt","Normaal","Droog","buiten bebouwde kom","Dag","Gemeenteweg","Met doden","Motorfiets","personenauto","Tss. 2 best.: langs opzij (voor-/achterkant-flank)","Geen hindernis"
"2697","2021","12","14",2021-12-01,2021-12-01 14:00:00,2024-01-02 14:00:00,"13019","Vlaams Gewest","Provincie Antwerpen","Lille",51.251139865,4.81625480700006,"Op Kruispunt","Normaal","Droog","binnen bebouwde kom","Dag","Gewestweg","Met doden","Vrachtwagen","Fiets","Tussen 2 bestuurders: Flank tegen flank","Geen hindernis"
"2698","2021","12","18",2021-12-01,2021-12-01 18:00:00,2024-01-02 18:00:00,"72020","Vlaams Gewest","Provincie Limburg","Lommel",51.2290200840001,5.30513727800007,"Op Kruispunt","Regenval","Nat, plassen","binnen bebouwde kom","Nacht, openbare verlichting aanwezig en ontstoken","Gemeenteweg","Met doden","personenauto","Voetganger","Met een voetganger","Geen hindernis"
"2699","2021","12","11",2021-12-01,2021-12-01 11:00:00,2024-01-02 11:00:00,"71069","Vlaams Gewest","Provincie Limburg","Ham",NA,NA,"Buiten Kruispunt","Normaal","Droog","buiten bebouwde kom","Dag","Gemeenteweg","Met doden","Vrachtwagen","Voetganger","Met een voetganger","Geen hindernis"
"2700","2021","12","16",2021-12-01,2021-12-01 16:00:00,2024-01-02 16:00:00,"72021","Vlaams Gewest","Provincie Limburg","Maaseik",51.0994295890001,5.77042698100007,"Op Kruispunt","Normaal","Proper","buiten bebouwde kom","Dageraad - schemering","Gewestweg","Met doden","Fiets","personenauto","Tussen 2 bestuurders: Frontale botsing","Geen hindernis"
"2701","2021","12","09",2021-12-01,2021-12-01 09:00:00,2024-01-02 09:00:00,"44021","Vlaams Gewest","Provincie Oost-Vlaanderen","Gent",51.0438182930001,3.73381991900004,"Op Kruispunt","Normaal","Droog","binnen bebouwde kom","Dag","Gewestweg","Met doden","onbekend","onbekend","Andere of onbekend","Geen vermelding van de aanwezigheid van een hindernis"
"2702","2021","12","19",2021-12-01,2021-12-01 19:00:00,2024-01-02 19:00:00,"45064","Vlaams Gewest","Provincie Oost-Vlaanderen","Maarkedal",50.7886548220001,3.59041925000002,"Op Kruispunt","Regenval","Nat, plassen","buiten bebouwde kom","Nacht, openbare verlichting aanwezig en ontstoken","Gewestweg","Met doden","personenauto","personenauto","Tss. 2 best.: langs opzij (voor-/achterkant-flank)","Geen hindernis"
"2703","2021","12","00",2021-12-01,2021-12-01 00:00:00,2024-01-02 00:00:00,"31042","Vlaams Gewest","Provincie West-Vlaanderen","Zuienkerke",NA,NA,"Op Kruispunt","Onbekend","Onbekend","buiten bebouwde kom","Onbekend","Gewestweg","dodelijk gewonden","personenauto","een weggebruiker tegen een hindernis","Weggebruiker tegen hindernis buiten rijbaan","Buiten de rijbaan: Andere paal"
"2704","2021","12","18",2021-12-01,2021-12-01 18:00:00,2024-01-02 18:00:00,"35002","Vlaams Gewest","Provincie West-Vlaanderen","Bredene",51.248709476,2.96376138800002,"Buiten Kruispunt","Regenval","Nat, plassen","binnen bebouwde kom","Nacht, openbare verlichting aanwezig en ontstoken","Gewestweg","dodelijk gewonden","personenauto","Voetganger","Met een voetganger","Geen hindernis"
"2705","2021","12","07",2021-12-01,2021-12-01 07:00:00,2024-01-02 07:00:00,"31033","Vlaams Gewest","Provincie West-Vlaanderen","Torhout",51.0745661770001,3.07304043700003,"Op Kruispunt","Regenval","Nat, plassen","buiten bebouwde kom","Dageraad - schemering","Gewestweg","Met doden","Vrachtwagen","Voetganger","Met een voetganger","Geen hindernis"
"2706","2021","12","21",2021-12-01,2021-12-01 21:00:00,2024-01-02 21:00:00,"36015","Vlaams Gewest","Provincie West-Vlaanderen","Roeselare",50.973195483,3.11975795900003,"Buiten Kruispunt","Normaal","Ijzel, sneeuw","binnen bebouwde kom","Nacht, openbare verlichting aanwezig en ontstoken","Gewestweg","Met doden","Motorfiets","een weggebruiker tegen een hindernis","Weggebruiker tegen hindernis buiten rijbaan","Buiten de rijbaan: Boom"
"2707","2021","12","12",2021-12-01,2021-12-01 12:00:00,2024-01-02 12:00:00,"36015","Vlaams Gewest","Provincie West-Vlaanderen","Roeselare",50.9412203970001,3.09867714100005,"Buiten Kruispunt","Normaal","Droog","buiten bebouwde kom","Dag","Gewestweg","Met doden","personenauto","één bestuurder, geen hindernis","Eén bestuurder, geen hindernis (incl. val)","Geen hindernis"
"2708","2021","12","13",2021-12-01,2021-12-01 13:00:00,2024-01-02 13:00:00,"36015","Vlaams Gewest","Provincie West-Vlaanderen","Roeselare",50.941638057,3.13095752000004,"Op Kruispunt","Normaal","Droog","binnen bebouwde kom","Dag","Gewestweg","Met doden","Fiets","Vrachtwagen","Tss. 2 best.: langs opzij (voor-/achterkant-flank)","Geen hindernis"
"2709","2021","12","17",2021-12-01,2021-12-01 17:00:00,2024-01-02 17:00:00,"32003","Vlaams Gewest","Provincie West-Vlaanderen","Diksmuide",51.0329097050001,2.85749009500006,"Buiten Kruispunt","Normaal","Nat, plassen","binnen bebouwde kom","Dageraad - schemering","Gewestweg","Met doden","Lichte vrachtauto","Voetganger","Met een voetganger","Geen hindernis"
"2710","2021","12","06",2021-12-01,2021-12-01 06:00:00,2024-01-02 06:00:00,"11002","Vlaams Gewest","Provincie Antwerpen","Antwerpen",NA,NA,"Buiten Kruispunt","Normaal","Droog","buiten bebouwde kom","Nacht, openbare verlichting aanwezig en ontstoken","Gewestweg","dodelijk gewonden","Lichte vrachtauto","Fiets","Tss. 2 best.: langs opzij (voor-/achterkant-flank)","Geen hindernis"
"2711","2021","12","02",2021-12-01,2021-12-01 02:00:00,2024-01-02 02:00:00,"71024","Vlaams Gewest","Provincie Limburg","Herk-de-Stad",50.943561635,5.17328751800005,"Buiten Kruispunt","Regenval","Nat, plassen","buiten bebouwde kom","Nacht, openbare verlichting aanwezig en ontstoken","Gewestweg","dodelijk gewonden","personenauto","een weggebruiker tegen een hindernis","Weggebruiker tegen hindernis buiten rijbaan","Buiten de rijbaan: Boom"
"2712","2021","12","17",2021-12-01,2021-12-01 17:00:00,2024-01-02 17:00:00,"71016","Vlaams Gewest","Provincie Limburg","Genk",51.0129346460001,5.51432902400006,"Op Kruispunt","Normaal","Droog","buiten bebouwde kom","Nacht, openbare verlichting aanwezig en ontstoken","Gewestweg","Met doden","personenauto","Voetganger","Met een voetganger","Geen hindernis"
"2713","2021","12","05",2021-12-01,2021-12-01 05:00:00,2024-01-02 05:00:00,"24059","Vlaams Gewest","Provincie Vlaams-Brabant","Landen",NA,NA,"Buiten Kruispunt","Normaal","Droog","buiten bebouwde kom","Dageraad - schemering","Gewestweg","Met doden","personenauto","een weggebruiker tegen een hindernis","Weggebruiker tegen hindernis buiten rijbaan","Buiten de rijbaan: Boom"
"2714","2022","01","17",2022-01-01,2022-01-01 17:00:00,2024-01-02 17:00:00,"11024","Vlaams Gewest","Provincie Antwerpen","Kontich",51.1387100310001,4.42986787000007,"Buiten Kruispunt","Normaal","Onbekend","buiten bebouwde kom","Nacht, openbare verlichting aanwezig en ontstoken","Autosnelweg","Met doden","personenauto","een weggebruiker tegen een hindernis","Weggebruiker tegen hindernis buiten rijbaan","Buiten de rijbaan: Andere paal"
"2715","2022","01","00",2022-01-01,2022-01-01 00:00:00,2024-01-02 00:00:00,"72039","Vlaams Gewest","Provincie Limburg","Houthalen-Helchteren",51.0114350470001,5.41385950700004,"Buiten Kruispunt","Regenval","Nat, plassen","buiten bebouwde kom","Nacht, openb. verlicht. aanw., maar niet ontstoken","Autosnelweg","dodelijk gewonden","personenauto","een weggebruiker tegen een hindernis","Weggebruiker tegen hindernis buiten rijbaan","Buiten de rijbaan: Omheining"
"2716","2022","01","01",2022-01-01,2022-01-01 01:00:00,2024-01-02 01:00:00,"35005","Vlaams Gewest","Provincie West-Vlaanderen","Gistel",51.150220075,2.91244947900003,"Buiten Kruispunt","Normaal","Droog","buiten bebouwde kom","Nacht, geen openbare verlichting aanwezig","Autosnelweg","Met doden","personenauto","Voetganger","Met een voetganger","Geen hindernis"
"2717","2022","01","18",2022-01-01,2022-01-01 18:00:00,2024-01-02 18:00:00,"92138","Waals Gewest","Provincie Namen","Fernelmont",50.5273971490001,4.92986139600004,"Buiten Kruispunt","Mist (zichtbaarheid minder dan 100m)","Nat, plassen","buiten bebouwde kom","Dag","Autosnelweg","Met doden","personenauto","personenauto","Tss. 2 best.: langs opzij (voor-/achterkant-flank)","Geen hindernis"
"2718","2022","01","18",2022-01-01,2022-01-01 18:00:00,2024-01-02 18:00:00,"93056","Waals Gewest","Provincie Namen","Philippeville",50.2194816140001,4.51373210100007,"Buiten Kruispunt","Normaal","Droog","buiten bebouwde kom","Nacht, openbare verlichting aanwezig en ontstoken","Gewestweg","dodelijk gewonden","personenauto","personenauto","Tussen 2 bestuurders: Langs achteren","Geen hindernis"
"2719","2022","01","18",2022-01-01,2022-01-01 18:00:00,2024-01-02 18:00:00,"63057","Waals Gewest","Provincie Luik","Olne",50.595727116,5.72023083200003,"Buiten Kruispunt","Normaal","Proper","binnen bebouwde kom","Nacht, geen openbare verlichting aanwezig","Gemeenteweg","Met doden","personenauto","een weggebruiker tegen een hindernis","Weggebruiker tegen hindernis buiten rijbaan","Buiten de rijbaan: Muur gebouw"
"2720","2022","01","10",2022-01-01,2022-01-01 10:00:00,2024-01-02 10:00:00,"63048","Waals Gewest","Provincie Luik","Lontzen",50.6994780000001,6.03485284500005,"Buiten Kruispunt","Normaal","Droog","buiten bebouwde kom","Dag","Gemeenteweg","Met doden","Motorfiets","personenauto","Tussen 2 bestuurders: Frontale botsing","Geen hindernis"
"2721","2022","01","09",2022-01-01,2022-01-01 09:00:00,2024-01-02 09:00:00,"85009","Waals Gewest","Provincie Luxemburg","Etalle",49.668355445,5.62791117800003,"Buiten Kruispunt","Onbekend","Nat, plassen+Proper","binnen bebouwde kom","Dag","Gewestweg","Met doden","personenauto","een weggebruiker tegen een hindernis","Weggebruiker tegen hindernis buiten rijbaan","Buiten de rijbaan: Boom"
"2722","2022","01","18",2022-01-01,2022-01-01 18:00:00,2024-01-02 18:00:00,"85039","Waals Gewest","Provincie Luxemburg","Tintigny",49.641749632,5.43137028200005,"Buiten Kruispunt","Normaal","Droog","buiten bebouwde kom","Nacht, geen openbare verlichting aanwezig","Gewestweg","Met doden","personenauto","personenauto","Tussen 2 bestuurders: Frontale botsing","Geen hindernis"
"2723","2022","01","18",2022-01-01,2022-01-01 18:00:00,2024-01-02 18:00:00,"84068","Waals Gewest","Provincie Luxemburg","Tellin",50.099429087,5.23087293900005,"Buiten Kruispunt","Normaal","Nat, plassen","buiten bebouwde kom","Nacht, geen openbare verlichting aanwezig","Gewestweg","dodelijk gewonden","personenauto","een weggebruiker tegen een hindernis","Weggebruiker tegen hindernis buiten rijbaan","Buiten de rijbaan: Boom"
"2724","2022","01","14",2022-01-01,2022-01-01 14:00:00,2024-01-02 14:00:00,"92094","Waals Gewest","Provincie Namen","Namen",50.504812626,4.91584942800006,"Buiten Kruispunt","Normaal","Droog","buiten bebouwde kom","Dag","Gemeenteweg","Met doden","personenauto","een weggebruiker tegen een hindernis","Weggebruiker tegen hindernis buiten rijbaan","Buiten de rijbaan: Boom"
"2725","2022","01","09",2022-01-01,2022-01-01 09:00:00,2024-01-02 09:00:00,"92003","Waals Gewest","Provincie Namen","Andenne",NA,NA,"Buiten Kruispunt","Normaal","Proper","buiten bebouwde kom","Dag","Gewestweg","Met doden","Lichte vrachtauto","Autobus","Tussen 2 bestuurders: Flank tegen flank","Geen hindernis"
"2726","2022","01","18",2022-01-01,2022-01-01 18:00:00,2024-01-02 18:00:00,"91013","Waals Gewest","Provincie Namen","Beauraing",50.1020519080001,4.98805580300007,"Buiten Kruispunt","Regenval","Nat, plassen","buiten bebouwde kom","Nacht, openbare verlichting aanwezig en ontstoken","Gewestweg","dodelijk gewonden","personenauto","Voetganger","Met een voetganger","Geen hindernis"
"2727","2022","01","21",2022-01-01,2022-01-01 21:00:00,2024-01-02 21:00:00,"91142","Waals Gewest","Provincie Namen","Hastière",NA,NA,"Buiten Kruispunt","Normaal","Nat, plassen","buiten bebouwde kom","Nacht, geen openbare verlichting aanwezig","Gemeenteweg","Met doden","Lichte vrachtauto","een weggebruiker tegen een hindernis","Weggebruiker tegen hindernis buiten rijbaan","Buiten de rijbaan: Gracht"
"2728","2022","01","16",2022-01-01,2022-01-01 16:00:00,2024-01-02 16:00:00,"53053","Waals Gewest","Provincie Henegouwen","Bergen",NA,NA,"Buiten Kruispunt","Normaal","Droog","binnen bebouwde kom","Dag","Gewestweg","Met doden","personenauto","een weggebruiker tegen een hindernis","Weggebruiker tegen hindernis op de rijbaan","Op de rijbaan: Verkeersdrempel, ezelsrug"
"2729","2022","01","21",2022-01-01,2022-01-01 21:00:00,2024-01-02 21:00:00,"52011","Waals Gewest","Provincie Henegouwen","Charleroi",50.412204257,4.43383625900003,"Buiten Kruispunt","Normaal","Nat, plassen","binnen bebouwde kom","Nacht, openbare verlichting aanwezig en ontstoken","Gewestweg","dodelijk gewonden","personenauto","Voetganger","Met een voetganger","Geen hindernis"
"2730","2022","01","18",2022-01-01,2022-01-01 18:00:00,2024-01-02 18:00:00,"52011","Waals Gewest","Provincie Henegouwen","Charleroi",50.441810806,4.39651119800004,"Op Kruispunt","Normaal","Nat, plassen","binnen bebouwde kom","Nacht, openbare verlichting aanwezig en ontstoken","Gemeenteweg","Met doden","personenauto","Voetganger","Met een voetganger","Geen hindernis"
"2731","2022","01","01",2022-01-01,2022-01-01 01:00:00,2024-01-02 01:00:00,"56044","Waals Gewest","Provincie Henegouwen","Lobbes",50.3623658910001,4.24971615000004,"Op Kruispunt","Regenval","Vuil (zand, grint, bladeren,...)","buiten bebouwde kom","Nacht, openbare verlichting aanwezig en ontstoken","Gemeenteweg","dodelijk gewonden","personenauto","één bestuurder, geen hindernis","Eén bestuurder, geen hindernis (incl. val)","Geen hindernis"
"2732","2022","01","00",2022-01-01,2022-01-01 00:00:00,2024-01-02 00:00:00,"56029","Waals Gewest","Provincie Henegouwen","Froidchapelle",50.198803131,4.37622340600007,"Buiten Kruispunt","Normaal","Nat, plassen","buiten bebouwde kom","Nacht, geen openbare verlichting aanwezig","Gewestweg","Met doden","personenauto","een weggebruiker tegen een hindernis","Weggebruiker tegen hindernis buiten rijbaan","Buiten de rijbaan: Andere paal"
"2733","2022","01","20",2022-01-01,2022-01-01 20:00:00,2024-01-02 20:00:00,"21004","Brussels Hoofdstedelijk Gewest",NA,"Brussel",50.845898355,4.35657979200005,"Buiten Kruispunt","Normaal","Droog","binnen bebouwde kom","Dag","Gemeenteweg","dodelijk gewonden","Fiets","één bestuurder, geen hindernis","Eén bestuurder, geen hindernis (incl. val)","Geen hindernis"
"2734","2022","01","05",2022-01-01,2022-01-01 05:00:00,2024-01-02 05:00:00,"21012","Brussels Hoofdstedelijk Gewest",NA,"Sint-Jans-Molenbeek",50.848599752,4.32218607400006,"Op Kruispunt","Regenval","Nat, plassen","binnen bebouwde kom","Nacht, openbare verlichting aanwezig en ontstoken","Gewestweg","Met doden","onbekend","onbekend","Geen vermelding van de type aanrijding","Geen vermelding van de type aanrijding"
"2735","2022","01","04",2022-01-01,2022-01-01 04:00:00,2024-01-02 04:00:00,"11016","Vlaams Gewest","Provincie Antwerpen","Essen",51.4282826400001,4.41161329300007,"Buiten Kruispunt","Mist (zichtbaarheid minder dan 100m)","Droog","buiten bebouwde kom","Nacht, geen openbare verlichting aanwezig","Gemeenteweg","Met doden","personenauto","een weggebruiker tegen een hindernis","Weggebruiker tegen hindernis buiten rijbaan","Buiten de rijbaan: Boom"
"2736","2022","01","15",2022-01-01,2022-01-01 15:00:00,2024-01-02 15:00:00,"11050","Vlaams Gewest","Provincie Antwerpen","Wijnegem",51.222193281,4.52421719200004,"Buiten Kruispunt","Normaal","Droog","binnen bebouwde kom","Dag","Gemeenteweg","dodelijk gewonden","personenauto","een weggebruiker tegen een hindernis","Weggebruiker tegen hindernis buiten rijbaan","Buiten de rijbaan: Andere paal"
"2737","2022","01","18",2022-01-01,2022-01-01 18:00:00,2024-01-02 18:00:00,"12035","Vlaams Gewest","Provincie Antwerpen","Sint-Katelijne-Waver",51.0754584480001,4.57887341800006,"Buiten Kruispunt","Normaal","Droog","buiten bebouwde kom","Nacht, openbare verlichting aanwezig en ontstoken","Gemeenteweg","Met doden","personenauto","Lichte vrachtauto","Tussen 2 bestuurders: Frontale botsing","Geen hindernis"
"2738","2022","01","09",2022-01-01,2022-01-01 09:00:00,2024-01-02 09:00:00,"13014","Vlaams Gewest","Provincie Antwerpen","Hoogstraten",NA,NA,"Op Kruispunt","Normaal","Droog","buiten bebouwde kom","Dag","Gewestweg","dodelijk gewonden","personenauto","Fiets","Tss. 2 best.: langs opzij (voor-/achterkant-flank)","Geen hindernis"
"2739","2022","01","19",2022-01-01,2022-01-01 19:00:00,2024-01-02 19:00:00,"13040","Vlaams Gewest","Provincie Antwerpen","Turnhout",51.3334403260001,4.96083986300005,"Op Kruispunt","Normaal","Droog","buiten bebouwde kom","Nacht, openbare verlichting aanwezig en ontstoken","Gewestweg","Met doden","Motorfiets","personenauto","Tss. 2 best.: langs opzij (voor-/achterkant-flank)","Geen hindernis"
"2740","2022","01","08",2022-01-01,2022-01-01 08:00:00,2024-01-02 08:00:00,"13035","Vlaams Gewest","Provincie Antwerpen","Ravels",51.3583262430001,4.98668488300007,"Buiten Kruispunt","Normaal","Nat, plassen","buiten bebouwde kom","Dag","Gewestweg","Met doden","personenauto","Vrachtwagen","Tussen 2 bestuurders: Frontale botsing","Geen hindernis"
"2741","2022","01","18",2022-01-01,2022-01-01 18:00:00,2024-01-02 18:00:00,"72037","Vlaams Gewest","Provincie Limburg","Hamont-Achel",51.2537474390001,5.49808482400005,"Buiten Kruispunt","Normaal","Droog","buiten bebouwde kom","Nacht, openbare verlichting aanwezig en ontstoken","Gemeenteweg","Met doden","personenauto","Fiets","Tussen 2 bestuurders: Langs achteren","Geen hindernis"
"2742","2022","01","07",2022-01-01,2022-01-01 07:00:00,2024-01-02 07:00:00,"71053","Vlaams Gewest","Provincie Limburg","Sint-Truiden",NA,NA,"Buiten Kruispunt","Normaal","Droog","buiten bebouwde kom","Nacht, openbare verlichting aanwezig en ontstoken","Gemeenteweg","Met doden","Voetganger","personenauto","Met een voetganger","Geen hindernis"
"2743","2022","01","20",2022-01-01,2022-01-01 20:00:00,2024-01-02 20:00:00,"23060","Vlaams Gewest","Provincie Vlaams-Brabant","Opwijk",50.9484165980001,4.16514029100006,"Buiten Kruispunt","Mist (zichtbaarheid minder dan 100m)","Proper","binnen bebouwde kom","Nacht, openbare verlichting aanwezig en ontstoken","Gewestweg","Met doden","personenauto","Motorfiets","Tss. 2 best.: langs opzij (voor-/achterkant-flank)","Geen hindernis"
"2744","2022","01","18",2022-01-01,2022-01-01 18:00:00,2024-01-02 18:00:00,"45035","Vlaams Gewest","Provincie Oost-Vlaanderen","Oudenaarde",50.8386274440001,3.61432576200002,"Buiten Kruispunt","Normaal","Droog","binnen bebouwde kom","Nacht, openbare verlichting aanwezig en ontstoken","Gewestweg","dodelijk gewonden","Fiets","één bestuurder, geen hindernis","Eén bestuurder, geen hindernis (incl. val)","Geen hindernis"
"2745","2022","01","14",2022-01-01,2022-01-01 14:00:00,2024-01-02 14:00:00,"42003","Vlaams Gewest","Provincie Oost-Vlaanderen","Berlare",51.0501473510001,3.97512529700003,"Buiten Kruispunt","Normaal","Droog","buiten bebouwde kom","Dag","Gewestweg","dodelijk gewonden","Lichte vrachtauto","Voetganger","Met een voetganger","Geen hindernis"