"","DT_YEAR_COLLISION","DT_MONTH_COLLISION","DT_TIME","YEAR_MONTH_DAY","YEAR_MONTH_DAY_HOUR","TIME_DT","CD_NIS","TX_RGN_COLLISION_NL","TX_PROV_COLLISION_NL","TX_MUNTY_COLLISION_NL","LAT_WGS84","LONG_WGS84","TX_CROSSWAY_NL","TX_WEATHER_NL","TX_ROAD_CONDITION_NL","TX_BUILD_UP_AREA_NL","TX_LIGHT_CONDITION_NL","CD_ROAD_TYPE_NL","TX_CLASS_ACCIDENTS_NL","TX_ROAD_USR_TYPE1_NL","TX_ROAD_USR_TYPE2_NL","TX_COLLISION_TYPE_NL","TX_OBSTACLES_NL"
"2746","2022","01","21",2022-01-01,2022-01-01 21:00:00,2024-01-02 21:00:00,"42004","Vlaams Gewest","Provincie Oost-Vlaanderen","Buggenhout",51.031377106,4.19448571700002,"Buiten Kruispunt","Normaal","Droog","buiten bebouwde kom","Nacht, openbare verlichting aanwezig en ontstoken","Gewestweg","Met doden","personenauto","een weggebruiker tegen een hindernis","Weggebruiker tegen hindernis buiten rijbaan","Andere hindernis"
"2747","2022","01","13",2022-01-01,2022-01-01 13:00:00,2024-01-02 13:00:00,"41002","Vlaams Gewest","Provincie Oost-Vlaanderen","Aalst (Aalst)",50.9844335430001,4.05257679500005,"Buiten Kruispunt","Normaal","Droog","binnen bebouwde kom","Dag","Gemeenteweg","Met doden","Bromfiets","personenauto","Tss. 2 best.: langs opzij (voor-/achterkant-flank)","Geen hindernis"
"2748","2022","01","14",2022-01-01,2022-01-01 14:00:00,2024-01-02 14:00:00,"41002","Vlaams Gewest","Provincie Oost-Vlaanderen","Aalst (Aalst)",50.936048348,4.01528308400003,"Buiten Kruispunt","Mist (zichtbaarheid minder dan 100m)","Droog","binnen bebouwde kom","Dag","Gewestweg","Met doden","personenauto","een weggebruiker tegen een hindernis","Weggebruiker tegen hindernis buiten rijbaan","Buiten de rijbaan: Verkeerseiland, middenberm"
"2749","2022","01","22",2022-01-01,2022-01-01 22:00:00,2024-01-02 22:00:00,"37015","Vlaams Gewest","Provincie West-Vlaanderen","Tielt (Tielt)",51.0075702600001,3.38547905600007,"Buiten Kruispunt","Normaal","Droog","buiten bebouwde kom","Nacht, openbare verlichting aanwezig en ontstoken","Gemeenteweg","Met doden","personenauto","een weggebruiker tegen een hindernis","Weggebruiker tegen hindernis buiten rijbaan","Buiten de rijbaan: Muur gebouw"
"2750","2022","01","10",2022-01-01,2022-01-01 10:00:00,2024-01-02 10:00:00,"36015","Vlaams Gewest","Provincie West-Vlaanderen","Roeselare",50.9328194550001,3.11540588100007,"Buiten Kruispunt","Mist (zichtbaarheid minder dan 100m)","Droog","binnen bebouwde kom","Dag","Gewestweg","Met doden","personenauto","een weggebruiker tegen een hindernis","Weggebruiker tegen hindernis buiten rijbaan","Buiten de rijbaan: Boom"
"2751","2022","01","10",2022-01-01,2022-01-01 10:00:00,2024-01-02 10:00:00,"72039","Vlaams Gewest","Provincie Limburg","Houthalen-Helchteren",51.058598079,5.40124543500002,"Op Kruispunt","Normaal","Droog","buiten bebouwde kom","Dag","Gemeenteweg","Met doden","Lichte vrachtauto","personenauto","Tussen 2 bestuurders: Frontale botsing","Geen hindernis"
"2752","2022","02","11",2022-02-01,2022-02-01 11:00:00,2024-01-02 11:00:00,"11037","Vlaams Gewest","Provincie Antwerpen","Rumst",51.0886097760001,4.44128459000007,"Buiten Kruispunt","Regenval","Nat, plassen","buiten bebouwde kom","Dag","Autosnelweg","Met doden","personenauto","personenauto","Tussen 2 bestuurders: Frontale botsing","Geen hindernis"
"2753","2022","02","21",2022-02-01,2022-02-01 21:00:00,2024-01-02 21:00:00,"13014","Vlaams Gewest","Provincie Antwerpen","Hoogstraten",51.450614322,4.71843051500002,"Buiten Kruispunt","Normaal","Droog+Proper","buiten bebouwde kom","Nacht, openbare verlichting aanwezig en ontstoken","Autosnelweg","Met doden","personenauto","een weggebruiker tegen een hindernis","Weggebruiker tegen hindernis buiten rijbaan","Buiten de rijbaan: Verlichtingspaal"
"2754","2022","02","21",2022-02-01,2022-02-01 21:00:00,2024-01-02 21:00:00,"71022","Vlaams Gewest","Provincie Limburg","Hasselt",50.951555528,5.27974821000004,"Buiten Kruispunt","Regenval","Nat, plassen","buiten bebouwde kom","Nacht, openbare verlichting aanwezig en ontstoken","Autosnelweg","Met doden","personenauto","personenauto","Tussen 2 bestuurders: Frontale botsing","Geen hindernis"
"2755","2022","02","09",2022-02-01,2022-02-01 09:00:00,2024-01-02 09:00:00,"44084","Vlaams Gewest","Provincie Oost-Vlaanderen","Aalter",51.102052804,3.38199377100005,"Buiten Kruispunt","Normaal","Droog","buiten bebouwde kom","Dag","Autosnelweg","Met doden","Vrachtwagen","personenauto","Tussen 2 bestuurders: Langs achteren","Geen hindernis"
"2756","2022","02","12",2022-02-01,2022-02-01 12:00:00,2024-01-02 12:00:00,"46014","Vlaams Gewest","Provincie Oost-Vlaanderen","Lokeren",51.076923665,3.99713343300004,"Buiten Kruispunt","Normaal","Droog","buiten bebouwde kom","Dag","Autosnelweg","Met doden","personenauto","een weggebruiker tegen een hindernis","Weggebruiker tegen hindernis buiten rijbaan","Buiten de rijbaan: Andere paal"
"2757","2022","02","15",2022-02-01,2022-02-01 15:00:00,2024-01-02 15:00:00,"21002","Brussels Hoofdstedelijk Gewest",NA,"Oudergem",50.813364633,4.43479502700006,"Buiten Kruispunt","Normaal","Onbekend","buiten bebouwde kom","Dag","Autosnelweg","Met doden","onbekend","onbekend","Geen vermelding van de type aanrijding","Geen vermelding van de type aanrijding"
"2758","2022","02","11",2022-02-01,2022-02-01 11:00:00,2024-01-02 11:00:00,"24135","Vlaams Gewest","Provincie Vlaams-Brabant","Tielt-Winge",50.958034894,4.92419662500004,"Buiten Kruispunt","Normaal","Droog","buiten bebouwde kom","Dag","Autosnelweg","Met doden","personenauto","personenauto","Tussen 2 bestuurders: Langs achteren","Geen hindernis"
"2759","2022","02","16",2022-02-01,2022-02-01 16:00:00,2024-01-02 16:00:00,"52011","Waals Gewest","Provincie Henegouwen","Charleroi",50.4212638590001,4.49527646100006,"Buiten Kruispunt","Normaal","Proper","buiten bebouwde kom","Dag","Gewestweg","dodelijk gewonden","personenauto","personenauto","Tussen 2 bestuurders: Langs achteren","Geen hindernis"
"2760","2022","02","11",2022-02-01,2022-02-01 11:00:00,2024-01-02 11:00:00,"44021","Vlaams Gewest","Provincie Oost-Vlaanderen","Gent",NA,NA,"Buiten Kruispunt","Normaal","Droog","binnen bebouwde kom","Dag","Gemeenteweg","Met doden","Voetganger","Andere weggebruiker","Met een voetganger","Geen hindernis"
"2761","2022","02","20",2022-02-01,2022-02-01 20:00:00,2024-01-02 20:00:00,"46003","Vlaams Gewest","Provincie Oost-Vlaanderen","Beveren (Sint-Niklaas)",NA,NA,"Op Kruispunt","Sterke wind, rukwind","Nat, plassen","buiten bebouwde kom","Nacht, openbare verlichting aanwezig en ontstoken","Gemeenteweg","Met doden","Lichte vrachtauto","Andere weggebruiker","Tss. 2 best.: langs opzij (voor-/achterkant-flank)","Geen hindernis"
"2762","2022","02","12",2022-02-01,2022-02-01 12:00:00,2024-01-02 12:00:00,"62100","Waals Gewest","Provincie Luik","Sprimont",50.5178438020001,5.67377051700004,"Buiten Kruispunt","Normaal","Nat, plassen+Proper","buiten bebouwde kom","Dag","Autosnelweg","Met doden","Vrachtwagen","personenauto","Kettingbotsing (3 bestuurders of meer)","Geen hindernis"
"2763","2022","02","11",2022-02-01,2022-02-01 11:00:00,2024-01-02 11:00:00,"62099","Waals Gewest","Provincie Luik","Soumagne",50.6498317670001,5.71696376600005,"Buiten Kruispunt","Normaal","Proper","buiten bebouwde kom","Dag","Autosnelweg","Met doden","Vrachtwagen","Vrachtwagen","Tussen 2 bestuurders: Langs achteren","Geen hindernis"
"2764","2022","02","11",2022-02-01,2022-02-01 11:00:00,2024-01-02 11:00:00,"82003","Waals Gewest","Provincie Luxemburg","Bastenaken",49.976272065,5.71849237000004,"Buiten Kruispunt","Normaal","Nat, plassen+Proper","buiten bebouwde kom","Dag","Gewestweg","Met doden","personenauto","een weggebruiker tegen een hindernis","Weggebruiker tegen hindernis buiten rijbaan","Buiten de rijbaan: Andere paal"
"2765","2022","02","13",2022-02-01,2022-02-01 13:00:00,2024-01-02 13:00:00,"25023","Waals Gewest","Provincie Waals-Brabant","Court-Saint-Etienne",50.637299141,4.54241200000007,"Buiten Kruispunt","Normaal","Droog+Proper","buiten bebouwde kom","Dag","Gewestweg","dodelijk gewonden","personenauto","Vrachtwagen","Tussen 2 bestuurders: Flank tegen flank","Geen hindernis"
"2766","2022","02","19",2022-02-01,2022-02-01 19:00:00,2024-01-02 19:00:00,"64015","Waals Gewest","Provincie Luik","Braives",50.6454653280001,5.17628796100007,"Buiten Kruispunt","Normaal","Proper","buiten bebouwde kom","Dag","Gewestweg","Met doden","personenauto","personenauto","Tussen 2 bestuurders: Frontale botsing","Geen hindernis"
"2767","2022","02","21",2022-02-01,2022-02-01 21:00:00,2024-01-02 21:00:00,"82014","Waals Gewest","Provincie Luxemburg","Houffalize",50.2074400610001,5.77784550800004,"Buiten Kruispunt","Sterke wind, rukwind+Sneeuwval","Ijzel, sneeuw+Vuil (zand, grint, bladeren,...)","buiten bebouwde kom","Nacht, geen openbare verlichting aanwezig","Gewestweg","Met doden","personenauto","een weggebruiker tegen een hindernis","Weggebruiker tegen hindernis buiten rijbaan","Buiten de rijbaan: Boom"
"2768","2022","02","12",2022-02-01,2022-02-01 12:00:00,2024-01-02 12:00:00,"84035","Waals Gewest","Provincie Luxemburg","Libin",49.977373893,5.25836101600004,"Op Kruispunt","Sterke wind, rukwind","Proper","binnen bebouwde kom","Dag","Gemeenteweg","Met doden","Bromfiets","personenauto","Tss. 2 best.: langs opzij (voor-/achterkant-flank)","Geen hindernis"
"2769","2022","02","02",2022-02-01,2022-02-01 02:00:00,2024-01-02 02:00:00,"92142","Waals Gewest","Provincie Namen","Gembloux",50.5005292640001,4.71324795000004,"Buiten Kruispunt","Normaal","Droog+Proper","buiten bebouwde kom","Nacht, openbare verlichting aanwezig en ontstoken","Gewestweg","Met doden","personenauto","één bestuurder, geen hindernis","Eén bestuurder, geen hindernis (incl. val)","Geen hindernis"
"2770","2022","02","00",2022-02-01,2022-02-01 00:00:00,2024-01-02 00:00:00,"92035","Waals Gewest","Provincie Namen","Eghezée",50.6200355830001,4.93599774200004,"Buiten Kruispunt","Normaal","Droog","binnen bebouwde kom","Nacht, openbare verlichting aanwezig en ontstoken","Gewestweg","Met doden","personenauto","Fiets","Tussen 2 bestuurders: Frontale botsing","Geen hindernis"
"2771","2022","02","02",2022-02-01,2022-02-01 02:00:00,2024-01-02 02:00:00,"92101","Waals Gewest","Provincie Namen","Profondeville",50.368133335,4.76723426700005,"Buiten Kruispunt","Normaal","Droog+Proper","buiten bebouwde kom","Nacht, geen openbare verlichting aanwezig","Gewestweg","Met doden","Vrachtwagen","personenauto","Tussen 2 bestuurders: Frontale botsing","Geen hindernis"
"2772","2022","02","12",2022-02-01,2022-02-01 12:00:00,2024-01-02 12:00:00,"93014","Waals Gewest","Provincie Namen","Couvin",50.042844958,4.41633999400006,"Buiten Kruispunt","Normaal","Droog+Proper","buiten bebouwde kom","Dag","Gewestweg","Met doden","Motorfiets","Autobus","Tss. 2 best.: langs opzij (voor-/achterkant-flank)","Geen hindernis"
"2773","2022","02","20",2022-02-01,2022-02-01 20:00:00,2024-01-02 20:00:00,"91072","Waals Gewest","Provincie Namen","Houyet",50.2298577390001,5.00731437200005,"Buiten Kruispunt","Regenval","Nat, plassen","binnen bebouwde kom","Nacht, openbare verlichting aanwezig en ontstoken","Gewestweg","Met doden","personenauto","Voetganger","Met een voetganger","Geen hindernis"
"2774","2022","02","23",2022-02-01,2022-02-01 23:00:00,2024-01-02 23:00:00,"91030","Waals Gewest","Provincie Namen","Ciney",50.2950594230001,5.10549828900002,"Buiten Kruispunt","Normaal","Droog","binnen bebouwde kom","Nacht, openbare verlichting aanwezig en ontstoken","Gewestweg","Met doden","personenauto","een weggebruiker tegen een hindernis","Weggebruiker tegen hindernis buiten rijbaan","Buiten de rijbaan: Muur gebouw"
"2775","2022","02","09",2022-02-01,2022-02-01 09:00:00,2024-01-02 09:00:00,"57081","Waals Gewest","Provincie Henegouwen","Doornik",50.6156408750001,3.41104932700006,"Buiten Kruispunt","Normaal","Proper","binnen bebouwde kom","Dag","Gewestweg","dodelijk gewonden","personenauto","Voetganger","Met een voetganger","Geen hindernis"
"2776","2022","02","20",2022-02-01,2022-02-01 20:00:00,2024-01-02 20:00:00,"52011","Waals Gewest","Provincie Henegouwen","Charleroi",50.405814348,4.44547322600005,"Buiten Kruispunt","Normaal","Nat, plassen","binnen bebouwde kom","Nacht, openbare verlichting aanwezig en ontstoken","Gemeenteweg","dodelijk gewonden","Autobus","Andere weggebruiker","Tussen 2 bestuurders: Flank tegen flank","Geen hindernis"
"2777","2022","02","02",2022-02-01,2022-02-01 02:00:00,2024-01-02 02:00:00,"52055","Waals Gewest","Provincie Henegouwen","Pont-à-Celles",50.4892256420001,4.38187824200003,"Buiten Kruispunt","Normaal","Nat, plassen","binnen bebouwde kom","Nacht, openbare verlichting aanwezig en ontstoken","Gemeenteweg","Met doden","personenauto","een weggebruiker tegen een hindernis","Weggebruiker tegen hindernis buiten rijbaan","Buiten de rijbaan: Boom"
"2778","2022","02","07",2022-02-01,2022-02-01 07:00:00,2024-01-02 07:00:00,"21001","Brussels Hoofdstedelijk Gewest",NA,"Anderlecht",NA,NA,"Buiten Kruispunt","Onbekend","Droog","binnen bebouwde kom","Dageraad - schemering","Gemeenteweg","dodelijk gewonden","Bromfiets","een weggebruiker tegen een hindernis","Weggebruiker tegen hindernis buiten rijbaan","Buiten de rijbaan: Boom"
"2779","2022","02","19",2022-02-01,2022-02-01 19:00:00,2024-01-02 19:00:00,"21019","Brussels Hoofdstedelijk Gewest",NA,"Sint-Pieters-Woluwe",50.8285760530001,4.45725682700004,"Buiten Kruispunt","Regenval","Nat, plassen","binnen bebouwde kom","Nacht, openbare verlichting aanwezig en ontstoken","Gemeenteweg","dodelijk gewonden","personenauto","Motorfiets","Tussen 2 bestuurders: Langs achteren","Geen hindernis"
"2780","2022","02","14",2022-02-01,2022-02-01 14:00:00,2024-01-02 14:00:00,"11002","Vlaams Gewest","Provincie Antwerpen","Antwerpen",51.2457169410001,4.44065862700006,"Buiten Kruispunt","Normaal","Nat, plassen","binnen bebouwde kom","Dag","Gemeenteweg","Met doden","personenauto","Voetganger","Met een voetganger","Geen hindernis"
"2781","2022","02","20",2022-02-01,2022-02-01 20:00:00,2024-01-02 20:00:00,"12014","Vlaams Gewest","Provincie Antwerpen","Heist-op-den-Berg",51.0713814420001,4.73259713700003,"Buiten Kruispunt","Regenval","Nat, plassen","binnen bebouwde kom","Nacht, openbare verlichting aanwezig en ontstoken","Gemeenteweg","dodelijk gewonden","Fiets","één bestuurder, geen hindernis","Eén bestuurder, geen hindernis (incl. val)","Geen hindernis"
"2782","2022","02","22",2022-02-01,2022-02-01 22:00:00,2024-01-02 22:00:00,"72020","Vlaams Gewest","Provincie Limburg","Lommel",51.2430111040001,5.38085981200004,"Buiten Kruispunt","Normaal","Nat, plassen","buiten bebouwde kom","Nacht, openbare verlichting aanwezig en ontstoken","Gewestweg","Met doden","Voetganger","personenauto","Met een voetganger","Geen hindernis"
"2783","2022","02","14",2022-02-01,2022-02-01 14:00:00,2024-01-02 14:00:00,"72043","Vlaams Gewest","Provincie Limburg","Pelt",NA,NA,"Op Kruispunt","Normaal","Droog","buiten bebouwde kom","Dag","Gewestweg","Met doden","Fiets","Vrachtwagen","Tss. 2 best.: langs opzij (voor-/achterkant-flank)","Geen hindernis"
"2784","2022","02","07",2022-02-01,2022-02-01 07:00:00,2024-01-02 07:00:00,"71004","Vlaams Gewest","Provincie Limburg","Beringen",51.0829024820001,5.21903167400006,"Buiten Kruispunt","Normaal","Droog","buiten bebouwde kom","Dageraad - schemering","Gewestweg","dodelijk gewonden","Lichte vrachtauto","Voetganger","Met een voetganger","Geen hindernis"
"2785","2022","02","19",2022-02-01,2022-02-01 19:00:00,2024-01-02 19:00:00,"71053","Vlaams Gewest","Provincie Limburg","Sint-Truiden",50.8091020950001,5.23985667400007,"Buiten Kruispunt","Normaal","Droog","buiten bebouwde kom","Nacht, openbare verlichting aanwezig en ontstoken","Gewestweg","Met doden","personenauto","Voetganger","Met een voetganger","Geen hindernis"
"2786","2022","02","15",2022-02-01,2022-02-01 15:00:00,2024-01-02 15:00:00,"44012","Vlaams Gewest","Provincie Oost-Vlaanderen","De Pinte",50.9738328870001,3.68690686000002,"Buiten Kruispunt","Normaal","Droog","binnen bebouwde kom","Dag","Gemeenteweg","Met doden","personenauto","een weggebruiker tegen een hindernis","Weggebruiker tegen hindernis buiten rijbaan","Buiten de rijbaan: Dier"
"2787","2022","02","17",2022-02-01,2022-02-01 17:00:00,2024-01-02 17:00:00,"46021","Vlaams Gewest","Provincie Oost-Vlaanderen","Sint-Niklaas (Sint-Niklaas)",51.1474041180001,4.11837273900005,"Buiten Kruispunt","Sterke wind, rukwind","Droog","buiten bebouwde kom","Dag","Gewestweg","Met doden","Autobus","personenauto","Tussen 2 bestuurders: Langs achteren","Geen hindernis"
"2788","2022","02","12",2022-02-01,2022-02-01 12:00:00,2024-01-02 12:00:00,"41002","Vlaams Gewest","Provincie Oost-Vlaanderen","Aalst (Aalst)",50.940613505,4.00996936800004,"Buiten Kruispunt","Normaal","Droog","buiten bebouwde kom","Dag","Gewestweg","Met doden","personenauto","Fiets","Tss. 2 best.: langs opzij (voor-/achterkant-flank)","Geen hindernis"
"2789","2022","02","08",2022-02-01,2022-02-01 08:00:00,2024-01-02 08:00:00,"31005","Vlaams Gewest","Provincie West-Vlaanderen","Brugge",51.2026869790001,3.23549156400003,"Op Kruispunt","Normaal","Droog","binnen bebouwde kom","Dag","Gewestweg","Met doden","Vrachtwagen","Fiets","Tss. 2 best.: langs opzij (voor-/achterkant-flank)","Geen hindernis"
"2790","2022","02","09",2022-02-01,2022-02-01 09:00:00,2024-01-02 09:00:00,"34023","Vlaams Gewest","Provincie West-Vlaanderen","Kuurne",50.8636830070001,3.27085413400005,"Buiten Kruispunt","Normaal","Droog","binnen bebouwde kom","Dag","Gewestweg","Met doden","Vrachtwagen","personenauto","Tussen 2 bestuurders: Frontale botsing","Geen hindernis"
"2791","2022","02","19",2022-02-01,2022-02-01 19:00:00,2024-01-02 19:00:00,"34042","Vlaams Gewest","Provincie West-Vlaanderen","Zwevegem",NA,NA,"Buiten Kruispunt","Normaal","Droog","buiten bebouwde kom","Nacht, openbare verlichting aanwezig en ontstoken","Gemeenteweg","Met doden","personenauto","een weggebruiker tegen een hindernis","Weggebruiker tegen hindernis buiten rijbaan","Buiten de rijbaan: Boom"
"2792","2022","02","14",2022-02-01,2022-02-01 14:00:00,2024-01-02 14:00:00,"32006","Vlaams Gewest","Provincie West-Vlaanderen","Houthulst",50.9430247190001,2.86111362500003,"Buiten Kruispunt","Sterke wind, rukwind","Droog","buiten bebouwde kom","Dag","Gewestweg","Met doden","Motorfiets","Vrachtwagen","Tussen 2 bestuurders: Langs achteren","Geen hindernis"
"2793","2022","02","13",2022-02-01,2022-02-01 13:00:00,2024-01-02 13:00:00,"71066","Vlaams Gewest","Provincie Limburg","Zonhoven",50.991167139,5.36830385200005,"Op Kruispunt","Normaal","Droog","binnen bebouwde kom","Dag","Gewestweg","dodelijk gewonden","personenauto","Fiets","Tss. 2 best.: langs opzij (voor-/achterkant-flank)","Geen hindernis"
"2794","2022","03","17",2022-03-01,2022-03-01 17:00:00,2024-01-02 17:00:00,"11005","Vlaams Gewest","Provincie Antwerpen","Boom",51.0876866360001,4.36012420800006,"Buiten Kruispunt","Normaal","Droog","buiten bebouwde kom","Dag","Autosnelweg","Met doden","personenauto","Voetganger","Met een voetganger","Geen hindernis"
"2795","2022","03","04",2022-03-01,2022-03-01 04:00:00,2024-01-02 04:00:00,"71004","Vlaams Gewest","Provincie Limburg","Beringen",51.0305300810001,5.19942261200003,"Buiten Kruispunt","Normaal","Droog","buiten bebouwde kom","Nacht, openb. verlicht. aanw., maar niet ontstoken","Autosnelweg","Met doden","personenauto","personenauto","Kettingbotsing (3 bestuurders of meer)","Geen hindernis"
"2796","2022","03","11",2022-03-01,2022-03-01 11:00:00,2024-01-02 11:00:00,"34040","Vlaams Gewest","Provincie West-Vlaanderen","Waregem",50.887895793,3.46724908100003,"Buiten Kruispunt","Normaal","Droog","buiten bebouwde kom","Dag","Autosnelweg","Met doden","Vrachtwagen","Voetganger","Met een voetganger","Geen hindernis"
"2797","2022","03","11",2022-03-01,2022-03-01 11:00:00,2024-01-02 11:00:00,"24055","Vlaams Gewest","Provincie Vlaams-Brabant","Kortenberg",50.8694317170001,4.53809048400007,"Buiten Kruispunt","Normaal","Droog","buiten bebouwde kom","Dag","Autosnelweg","Met doden","Lichte vrachtauto","Vrachtwagen","Tussen 2 bestuurders: Langs achteren","Geen hindernis"
"2798","2022","03","09",2022-03-01,2022-03-01 09:00:00,2024-01-02 09:00:00,"24059","Vlaams Gewest","Provincie Vlaams-Brabant","Landen",NA,NA,"Buiten Kruispunt","Normaal","Droog","buiten bebouwde kom","Dag","Autosnelweg","Met doden","personenauto","een weggebruiker tegen een hindernis","Weggebruiker tegen hindernis buiten rijbaan","Buiten de rijbaan: Vangrails niet overgestoken"
"2799","2022","03","10",2022-03-01,2022-03-01 10:00:00,2024-01-02 10:00:00,"92003","Waals Gewest","Provincie Namen","Andenne",50.501207649,5.11468987200004,"Buiten Kruispunt","Normaal","Proper","binnen bebouwde kom","Dag","Gemeenteweg","Met doden","Andere weggebruiker","personenauto","Tss. 2 best.: langs opzij (voor-/achterkant-flank)","Geen hindernis"
"2800","2022","03","12",2022-03-01,2022-03-01 12:00:00,2024-01-02 12:00:00,"91030","Waals Gewest","Provincie Namen","Ciney",50.2932696030001,5.17393128800006,"Buiten Kruispunt","Normaal","Droog","buiten bebouwde kom","Dag","Gewestweg","Met doden","personenauto","Andere weggebruiker","Tussen 2 bestuurders: Langs achteren","Geen hindernis"
"2801","2022","03","12",2022-03-01,2022-03-01 12:00:00,2024-01-02 12:00:00,"84077","Waals Gewest","Provincie Luxemburg","Libramont-Chevigny",49.885406521,5.39528721300007,"Buiten Kruispunt","Normaal","Droog","buiten bebouwde kom","Dag","Autosnelweg","Met doden","Vrachtwagen","personenauto","Tussen 2 bestuurders: Langs achteren","Geen hindernis"
"2802","2022","03","08",2022-03-01,2022-03-01 08:00:00,2024-01-02 08:00:00,"62063","Waals Gewest","Provincie Luik","Luik",NA,NA,"Buiten Kruispunt","Normaal","Droog","binnen bebouwde kom","Dag","Gewestweg","dodelijk gewonden","Vrachtwagen","Voetganger","Met een voetganger","Geen hindernis"
"2803","2022","03","01",2022-03-01,2022-03-01 01:00:00,2024-01-02 01:00:00,"62063","Waals Gewest","Provincie Luik","Luik",50.640477681,5.56859142900004,"Buiten Kruispunt","Normaal","Nat, plassen+Proper","binnen bebouwde kom","Nacht, openbare verlichting aanwezig en ontstoken","Gewestweg","Met doden","Lichte vrachtauto","Voetganger","Met een voetganger","Geen hindernis"
"2804","2022","03","12",2022-03-01,2022-03-01 12:00:00,2024-01-02 12:00:00,"62051","Waals Gewest","Provincie Luik","Herstal",50.663487354,5.63387466100005,"Buiten Kruispunt","Normaal","Droog","binnen bebouwde kom","Dag","Gewestweg","dodelijk gewonden","personenauto","Voetganger","Met een voetganger","Geen hindernis"
"2805","2022","03","07",2022-03-01,2022-03-01 07:00:00,2024-01-02 07:00:00,"62100","Waals Gewest","Provincie Luik","Sprimont",50.5315742160001,5.74807433900003,"Op Kruispunt","Normaal","Droog","buiten bebouwde kom","Dag","Gewestweg","dodelijk gewonden","personenauto","Fiets","Tss. 2 best.: langs opzij (voor-/achterkant-flank)","Geen hindernis"
"2806","2022","03","18",2022-03-01,2022-03-01 18:00:00,2024-01-02 18:00:00,"63023","Waals Gewest","Provincie Luik","Eupen",50.642790765,6.01101532600006,"Op Kruispunt","Normaal","Droog","binnen bebouwde kom","Dag","Gewestweg","Met doden","onbekend","onbekend","Andere of onbekend","Geen vermelding van de aanwezigheid van een hindernis"
"2807","2022","03","12",2022-03-01,2022-03-01 12:00:00,2024-01-02 12:00:00,"64075","Waals Gewest","Provincie Luik","Wasseiges",50.6263540530001,4.98935515100004,"Buiten Kruispunt","Normaal","Droog","buiten bebouwde kom","Dag","Gewestweg","Met doden","personenauto","een weggebruiker tegen een hindernis","Weggebruiker tegen hindernis buiten rijbaan","Buiten de rijbaan: Gracht"
"2808","2022","03","15",2022-03-01,2022-03-01 15:00:00,2024-01-02 15:00:00,"85011","Waals Gewest","Provincie Luxemburg","Florenville",49.6892162930001,5.34628553000005,"Buiten Kruispunt","Normaal","Droog","buiten bebouwde kom","Dag","Gewestweg","Met doden","Lichte vrachtauto","een weggebruiker tegen een hindernis","Weggebruiker tegen hindernis buiten rijbaan","Buiten de rijbaan: Boom"
"2809","2022","02","20",2022-02-01,2022-02-01 20:00:00,2024-01-02 20:00:00,"85007","Waals Gewest","Provincie Luxemburg","Chiny",49.6933077240001,5.43452640300006,"Buiten Kruispunt","Normaal","Droog","buiten bebouwde kom","Nacht, geen openbare verlichting aanwezig","Gewestweg","Met doden","personenauto","personenauto","Tussen 2 bestuurders: Flank tegen flank","Geen hindernis"
"2810","2022","03","21",2022-03-01,2022-03-01 21:00:00,2024-01-02 21:00:00,"85011","Waals Gewest","Provincie Luxemburg","Florenville",NA,NA,"Buiten Kruispunt","Normaal","Proper","buiten bebouwde kom","Nacht, geen openbare verlichting aanwezig","Gemeenteweg","Met doden","personenauto","een weggebruiker tegen een hindernis","Weggebruiker tegen hindernis buiten rijbaan","Buiten de rijbaan: Boom"
"2811","2022","03","16",2022-03-01,2022-03-01 16:00:00,2024-01-02 16:00:00,"83031","Waals Gewest","Provincie Luxemburg","La Roche-en-Ardenne",NA,NA,"Buiten Kruispunt","Normaal","Droog+Proper","buiten bebouwde kom","Dag","Gemeenteweg","Met doden","Motorfiets","Autobus","Tss. 2 best.: langs opzij (voor-/achterkant-flank)","Geen hindernis"
"2812","2022","03","16",2022-03-01,2022-03-01 16:00:00,2024-01-02 16:00:00,"92094","Waals Gewest","Provincie Namen","Namen",NA,NA,"Buiten Kruispunt","Normaal","Proper","buiten bebouwde kom","Dag","Gemeenteweg","dodelijk gewonden","personenauto","personenauto","Tussen 2 bestuurders: Frontale botsing","Geen hindernis"
"2813","2022","03","16",2022-03-01,2022-03-01 16:00:00,2024-01-02 16:00:00,"93088","Waals Gewest","Provincie Namen","Walcourt",NA,NA,"Buiten Kruispunt","Normaal","Droog+Vuil (zand, grint, bladeren,...)","buiten bebouwde kom","Dag","Gemeenteweg","Met doden","Motorfiets","een weggebruiker tegen een hindernis","Weggebruiker tegen hindernis buiten rijbaan","Buiten de rijbaan: Boom"
"2814","2022","03","19",2022-03-01,2022-03-01 19:00:00,2024-01-02 19:00:00,"91143","Waals Gewest","Provincie Namen","Vresse-sur-Semois",49.819578919,4.88870612700003,"Buiten Kruispunt","Onbekend","Droog","buiten bebouwde kom","Nacht, geen openbare verlichting aanwezig","Gewestweg","Met doden","Motorfiets","één bestuurder, geen hindernis","Eén bestuurder, geen hindernis (incl. val)","Geen hindernis"