"","DT_YEAR_COLLISION","DT_MONTH_COLLISION","DT_TIME","YEAR_MONTH_DAY","YEAR_MONTH_DAY_HOUR","TIME_DT","CD_NIS","TX_RGN_COLLISION_NL","TX_PROV_COLLISION_NL","TX_MUNTY_COLLISION_NL","LAT_WGS84","LONG_WGS84","TX_CROSSWAY_NL","TX_WEATHER_NL","TX_ROAD_CONDITION_NL","TX_BUILD_UP_AREA_NL","TX_LIGHT_CONDITION_NL","CD_ROAD_TYPE_NL","TX_CLASS_ACCIDENTS_NL","TX_ROAD_USR_TYPE1_NL","TX_ROAD_USR_TYPE2_NL","TX_COLLISION_TYPE_NL","TX_OBSTACLES_NL"
"2815","2022","03","02",2022-03-01,2022-03-01 02:00:00,2024-01-02 02:00:00,"93090","Waals Gewest","Provincie Namen","Viroinval",50.0685245400001,4.57614384400006,"Buiten Kruispunt","Normaal","Droog","buiten bebouwde kom","Nacht, geen openbare verlichting aanwezig","Gewestweg","Met doden","personenauto","een weggebruiker tegen een hindernis","Weggebruiker tegen hindernis buiten rijbaan","Buiten de rijbaan: Gracht"
"2816","2022","03","15",2022-03-01,2022-03-01 15:00:00,2024-01-02 15:00:00,"91114","Waals Gewest","Provincie Namen","Rochefort",NA,NA,"Buiten Kruispunt","Normaal","Droog","binnen bebouwde kom","Dag","Gewestweg","Met doden","personenauto","één bestuurder, geen hindernis","Eén bestuurder, geen hindernis (incl. val)","Geen hindernis"
"2817","2022","03","15",2022-03-01,2022-03-01 15:00:00,2024-01-02 15:00:00,"93010","Waals Gewest","Provincie Namen","Cerfontaine",50.1523919460001,4.39470442500004,"Buiten Kruispunt","Normaal","Droog","buiten bebouwde kom","Dag","Gewestweg","Met doden","Motorfiets","personenauto","Tss. 2 best.: langs opzij (voor-/achterkant-flank)","Geen hindernis"
"2818","2022","03","10",2022-03-01,2022-03-01 10:00:00,2024-01-02 10:00:00,"57096","Waals Gewest","Provincie Henegouwen","Moeskroen",NA,NA,"Op Kruispunt","Normaal","Droog+Proper","binnen bebouwde kom","Dag","Gemeenteweg","Met doden","Vrachtwagen","Fiets","Tss. 2 best.: langs opzij (voor-/achterkant-flank)","Geen hindernis"
"2819","2022","03","01",2022-03-01,2022-03-01 01:00:00,2024-01-02 01:00:00,"51019","Waals Gewest","Provincie Henegouwen","Vloesberg",50.7411557010001,3.77056995200007,"Buiten Kruispunt","Normaal","Droog+Proper","buiten bebouwde kom","Nacht, openbare verlichting aanwezig en ontstoken","Gemeenteweg","Met doden","personenauto","een weggebruiker tegen een hindernis","Weggebruiker tegen hindernis buiten rijbaan","Buiten de rijbaan: Muur gebouw"
"2820","2022","03","05",2022-03-01,2022-03-01 05:00:00,2024-01-02 05:00:00,"58001","Waals Gewest","Provincie Henegouwen","La Louvière",50.4675291040001,4.11752803100006,"Buiten Kruispunt","Normaal","Droog","binnen bebouwde kom","Nacht, openbare verlichting aanwezig en ontstoken","Gemeenteweg","Met doden","personenauto","Voetganger","Met een voetganger","Geen hindernis"
"2821","2022","03","05",2022-03-01,2022-03-01 05:00:00,2024-01-02 05:00:00,"53082","Waals Gewest","Provincie Henegouwen","Colfontaine",50.4018008640001,3.86332937500003,"Buiten Kruispunt","Normaal","Proper","binnen bebouwde kom","Dageraad - schemering","Gemeenteweg","Met doden","personenauto","personenauto","Tussen 2 bestuurders: Frontale botsing","Geen hindernis"
"2822","2022","03","22",2022-03-01,2022-03-01 22:00:00,2024-01-02 22:00:00,"53014","Waals Gewest","Provincie Henegouwen","Boussu",50.4383789990001,3.82608752500005,"Op Kruispunt","Normaal","Droog","binnen bebouwde kom","Nacht, openbare verlichting aanwezig en ontstoken","Gewestweg","dodelijk gewonden","personenauto","Voetganger","Met een voetganger","Geen hindernis"
"2823","2022","03","03",2022-03-01,2022-03-01 03:00:00,2024-01-02 03:00:00,"55040","Waals Gewest","Provincie Henegouwen","Zinnik",50.6085811390001,4.05729527000005,"Buiten Kruispunt","Normaal","Droog+Proper","buiten bebouwde kom","Nacht, openbare verlichting aanwezig en ontstoken","Gewestweg","Met doden","personenauto","een weggebruiker tegen een hindernis","Weggebruiker tegen hindernis buiten rijbaan","Buiten de rijbaan: Boom"
"2824","2022","03","10",2022-03-01,2022-03-01 10:00:00,2024-01-02 10:00:00,"52018","Waals Gewest","Provincie Henegouwen","Farciennes",50.4283065430001,4.53458865100003,"Buiten Kruispunt","Normaal","Proper","binnen bebouwde kom","Dag","Gemeenteweg","Met doden","Motorfiets","personenauto","Tss. 2 best.: langs opzij (voor-/achterkant-flank)","Geen hindernis"
"2825","2022","03","23",2022-03-01,2022-03-01 23:00:00,2024-01-02 23:00:00,"21012","Brussels Hoofdstedelijk Gewest",NA,"Sint-Jans-Molenbeek",NA,NA,"Buiten Kruispunt","Normaal","Droog","binnen bebouwde kom","Nacht, openbare verlichting aanwezig en ontstoken","Gewestweg","Met doden","personenauto","een weggebruiker tegen een hindernis","Weggebruiker tegen hindernis buiten rijbaan","Buiten de rijbaan: Vangrails overschreden"
"2826","2022","03","11",2022-03-01,2022-03-01 11:00:00,2024-01-02 11:00:00,"13036","Vlaams Gewest","Provincie Antwerpen","Retie",51.271532377,5.07649817900005,"Op Kruispunt","Normaal","Droog","binnen bebouwde kom","Dag","Gewestweg","dodelijk gewonden","Vrachtwagen","Fiets","Tss. 2 best.: langs opzij (voor-/achterkant-flank)","Geen hindernis"
"2827","2022","03","16",2022-03-01,2022-03-01 16:00:00,2024-01-02 16:00:00,"13025","Vlaams Gewest","Provincie Antwerpen","Mol",51.187786095,5.12027274300004,"Op Kruispunt","Normaal","Droog","binnen bebouwde kom","Dag","Gewestweg","Met doden","Voetganger","Vrachtwagen","Met een voetganger","Geen hindernis"
"2828","2022","03","16",2022-03-01,2022-03-01 16:00:00,2024-01-02 16:00:00,"71057","Vlaams Gewest","Provincie Limburg","Tessenderlo",51.0758015440001,5.08587578700002,"Op Kruispunt","Normaal","Droog","buiten bebouwde kom","Dag","Gemeenteweg","Met doden","personenauto","Fiets","Tussen 2 bestuurders: Langs achteren","Geen hindernis"
"2829","2022","03","20",2022-03-01,2022-03-01 20:00:00,2024-01-02 20:00:00,"24001","Vlaams Gewest","Provincie Vlaams-Brabant","Aarschot",50.9906931140001,4.81288034400006,"Op Kruispunt","Normaal","Nat, plassen","buiten bebouwde kom","Nacht, openbare verlichting aanwezig en ontstoken","Gewestweg","Met doden","onbekend","onbekend","Geen vermelding van de type aanrijding","Geen vermelding van de type aanrijding"
"2830","2022","03","01",2022-03-01,2022-03-01 01:00:00,2024-01-02 01:00:00,"42006","Vlaams Gewest","Provincie Oost-Vlaanderen","Dendermonde",51.038430856,4.10224401800002,"Buiten Kruispunt","Normaal","Droog","binnen bebouwde kom","Nacht, openbare verlichting aanwezig en ontstoken","Gewestweg","dodelijk gewonden","Fiets","één bestuurder, geen hindernis","Eén bestuurder, geen hindernis (incl. val)","Geen hindernis"
"2831","2022","03","09",2022-03-01,2022-03-01 09:00:00,2024-01-02 09:00:00,"31005","Vlaams Gewest","Provincie West-Vlaanderen","Brugge",51.3276269020001,3.20271852500002,"Op Kruispunt","Normaal","Droog","binnen bebouwde kom","Dag","Gewestweg","Met doden","Vrachtwagen","Fiets","Tss. 2 best.: langs opzij (voor-/achterkant-flank)","Geen hindernis"
"2832","2022","03","20",2022-03-01,2022-03-01 20:00:00,2024-01-02 20:00:00,"31005","Vlaams Gewest","Provincie West-Vlaanderen","Brugge",51.327307046,3.18564979100006,"Buiten Kruispunt","Normaal","Droog","buiten bebouwde kom","Nacht, openbare verlichting aanwezig en ontstoken","Gewestweg","Met doden","Motorfiets","een weggebruiker tegen een hindernis","Weggebruiker tegen hindernis buiten rijbaan","Andere hindernis"
"2833","2022","03","14",2022-03-01,2022-03-01 14:00:00,2024-01-02 14:00:00,"35011","Vlaams Gewest","Provincie West-Vlaanderen","Middelkerke",51.1769120280001,2.90646865700006,"Buiten Kruispunt","Normaal","Droog","buiten bebouwde kom","Dag","Gewestweg","Met doden","personenauto","Vrachtwagen","Tussen 2 bestuurders: Frontale botsing","Geen hindernis"
"2834","2022","03","19",2022-03-01,2022-03-01 19:00:00,2024-01-02 19:00:00,"35005","Vlaams Gewest","Provincie West-Vlaanderen","Gistel",51.1398137210001,2.93116519600005,"Buiten Kruispunt","Normaal","Droog","buiten bebouwde kom","Nacht, openbare verlichting aanwezig en ontstoken","Gewestweg","dodelijk gewonden","onbekend","onbekend","Geen vermelding van de type aanrijding","Geen vermelding van de type aanrijding"
"2835","2022","03","15",2022-03-01,2022-03-01 15:00:00,2024-01-02 15:00:00,"73107","Vlaams Gewest","Provincie Limburg","Maasmechelen",50.9656166330001,5.68128451200005,"Buiten Kruispunt","Normaal","Droog","binnen bebouwde kom","Dag","Gemeenteweg","Met doden","personenauto","een weggebruiker tegen een hindernis","Weggebruiker tegen hindernis buiten rijbaan","Buiten de rijbaan: Verlichtingspaal"
"2836","2022","04","11",2022-04-01,2022-04-01 11:00:00,2024-01-02 11:00:00,"11040","Vlaams Gewest","Provincie Antwerpen","Schoten",51.293577783,4.52549842600007,"Buiten Kruispunt","Normaal","Droog","buiten bebouwde kom","Dag","Autosnelweg","Met doden","Autobus","een weggebruiker tegen een hindernis","Weggebruiker tegen hindernis buiten rijbaan","Buiten de rijbaan: Vangrails niet overgestoken"
"2837","2022","04","13",2022-04-01,2022-04-01 13:00:00,2024-01-02 13:00:00,"46003","Vlaams Gewest","Provincie Oost-Vlaanderen","Beveren (Sint-Niklaas)",51.181802271,4.28253399400006,"Buiten Kruispunt","Normaal","Droog","buiten bebouwde kom","Dag","Autosnelweg","Met doden","Motorfiets","één bestuurder, geen hindernis","Eén bestuurder, geen hindernis (incl. val)","Geen hindernis"
"2838","2022","04","03",2022-04-01,2022-04-01 03:00:00,2024-01-02 03:00:00,"23102","Vlaams Gewest","Provincie Vlaams-Brabant","Wemmel",50.896191722,4.31789690600004,"Buiten Kruispunt","Normaal","Droog","buiten bebouwde kom","Nacht, openbare verlichting aanwezig en ontstoken","Autosnelweg","Met doden","Voetganger","Vrachtwagen","Met een voetganger","Geen hindernis"
"2839","2022","04","10",2022-04-01,2022-04-01 10:00:00,2024-01-02 10:00:00,"24055","Vlaams Gewest","Provincie Vlaams-Brabant","Kortenberg",50.869427634,4.54091852600004,"Buiten Kruispunt","Normaal","Droog","buiten bebouwde kom","Dag","Autosnelweg","Met doden","Vrachtwagen","personenauto","Tussen 2 bestuurders: Langs achteren","Geen hindernis"
"2840","2022","04","13",2022-04-01,2022-04-01 13:00:00,2024-01-02 13:00:00,"52021","Waals Gewest","Provincie Henegouwen","Fleurus",50.473466767,4.49115063000005,"Buiten Kruispunt","Regenval","Nat, plassen+Proper","buiten bebouwde kom","Dag","Autosnelweg","Met doden","Vrachtwagen","Lichte vrachtauto","Kettingbotsing (3 bestuurders of meer)","Geen hindernis"
"2841","2022","04","18",2022-04-01,2022-04-01 18:00:00,2024-01-02 18:00:00,"57027","Waals Gewest","Provincie Henegouwen","Estaimpuis",50.684354565,3.27843602200005,"Buiten Kruispunt","Normaal","Onbekend","binnen bebouwde kom","Dag","Gemeenteweg","Met doden","Lichte vrachtauto","een weggebruiker tegen een hindernis","Weggebruiker tegen hindernis buiten rijbaan","Andere hindernis"
"2842","2022","04","02",2022-04-01,2022-04-01 02:00:00,2024-01-02 02:00:00,"92114","Waals Gewest","Provincie Namen","Sombreffe",50.4876707710001,4.59907846500005,"Buiten Kruispunt","Normaal","Droog+Proper","buiten bebouwde kom","Nacht, openbare verlichting aanwezig en ontstoken","Gewestweg","dodelijk gewonden","personenauto","een weggebruiker tegen een hindernis","Weggebruiker tegen hindernis buiten rijbaan","Buiten de rijbaan: Verkeerseiland, middenberm"
"2843","2022","04","16",2022-04-01,2022-04-01 16:00:00,2024-01-02 16:00:00,"93088","Waals Gewest","Provincie Namen","Walcourt",50.247728459,4.51124898700005,"Buiten Kruispunt","Normaal","Droog","buiten bebouwde kom","Dag","Gewestweg","dodelijk gewonden","personenauto","personenauto","Tss. 2 best.: langs opzij (voor-/achterkant-flank)","Geen hindernis"
"2844","2022","04","17",2022-04-01,2022-04-01 17:00:00,2024-01-02 17:00:00,"25072","Waals Gewest","Provincie Waals-Brabant","Nijvel",50.590745403,4.38202592500005,"Buiten Kruispunt","Normaal","Proper","buiten bebouwde kom","Dag","Gewestweg","Met doden","personenauto","een weggebruiker tegen een hindernis","Weggebruiker tegen hindernis buiten rijbaan","Buiten de rijbaan: Boom"
"2845","2022","04","01",2022-04-01,2022-04-01 01:00:00,2024-01-02 01:00:00,"25005","Waals Gewest","Provincie Waals-Brabant","Bevekom",50.740321313,4.77409598400004,"Buiten Kruispunt","Normaal","Nat, plassen","buiten bebouwde kom","Nacht, geen openbare verlichting aanwezig","Gewestweg","Met doden","personenauto","een weggebruiker tegen een hindernis","Weggebruiker tegen hindernis buiten rijbaan","Buiten de rijbaan: Boom"
"2846","2022","04","12",2022-04-01,2022-04-01 12:00:00,2024-01-02 12:00:00,"62063","Waals Gewest","Provincie Luik","Luik",50.609734045,5.60128066000004,"Buiten Kruispunt","Regenval","Nat, plassen","binnen bebouwde kom","Dag","Gewestweg","Met doden","Autobus","Lichte vrachtauto","Tussen 2 bestuurders: Langs achteren","Geen hindernis"
"2847","2022","04","23",2022-04-01,2022-04-01 23:00:00,2024-01-02 23:00:00,"62096","Waals Gewest","Provincie Luik","Seraing",50.612420888,5.51234011800005,"Buiten Kruispunt","Normaal","Proper","binnen bebouwde kom","Nacht, openbare verlichting aanwezig en ontstoken","Gewestweg","dodelijk gewonden","personenauto","Voetganger","Met een voetganger","Geen hindernis"
"2848","2022","04","15",2022-04-01,2022-04-01 15:00:00,2024-01-02 15:00:00,"63057","Waals Gewest","Provincie Luik","Olne",50.598959162,5.75925226900006,"Op Kruispunt","Normaal","Droog","binnen bebouwde kom","Dag","Gemeenteweg","Met doden","personenauto","een weggebruiker tegen een hindernis","Weggebruiker tegen hindernis buiten rijbaan","Buiten de rijbaan: Andere paal"
"2849","2022","04","20",2022-04-01,2022-04-01 20:00:00,2024-01-02 20:00:00,"63023","Waals Gewest","Provincie Luik","Eupen",50.574823898,6.15610008600004,"Buiten Kruispunt","Normaal","Proper","buiten bebouwde kom","Dag","Gemeenteweg","Met doden","personenauto","een weggebruiker tegen een hindernis","Weggebruiker tegen hindernis buiten rijbaan","Buiten de rijbaan: Boom"
"2850","2022","04","14",2022-04-01,2022-04-01 14:00:00,2024-01-02 14:00:00,"81013","Waals Gewest","Provincie Luxemburg","Martelange",49.8230629330001,5.71846460100005,"Buiten Kruispunt","Normaal","Droog+Proper","buiten bebouwde kom","Dag","Gemeenteweg","Met doden","personenauto","een weggebruiker tegen een hindernis","Weggebruiker tegen hindernis buiten rijbaan","Buiten de rijbaan: Gracht"
"2851","2022","04","12",2022-04-01,2022-04-01 12:00:00,2024-01-02 12:00:00,"85007","Waals Gewest","Provincie Luxemburg","Chiny",49.7093973280001,5.44518386500005,"Buiten Kruispunt","Normaal","Droog","buiten bebouwde kom","Dag","Gewestweg","Met doden","personenauto","een weggebruiker tegen een hindernis","Weggebruiker tegen hindernis buiten rijbaan","Buiten de rijbaan: Boom"
"2852","2022","04","21",2022-04-01,2022-04-01 21:00:00,2024-01-02 21:00:00,"85011","Waals Gewest","Provincie Luxemburg","Florenville",49.6272716330001,5.34178288700002,"Buiten Kruispunt","Normaal","Droog+Proper","buiten bebouwde kom","Nacht, geen openbare verlichting aanwezig","Gewestweg","Met doden","personenauto","een weggebruiker tegen een hindernis","Weggebruiker tegen hindernis buiten rijbaan","Buiten de rijbaan: Boom"
"2853","2022","04","03",2022-04-01,2022-04-01 03:00:00,2024-01-02 03:00:00,"82005","Waals Gewest","Provincie Luxemburg","Bertogne",50.036276021,5.69450238900004,"Buiten Kruispunt","Normaal","Proper","buiten bebouwde kom","Nacht, geen openbare verlichting aanwezig","Gewestweg","Met doden","personenauto","een weggebruiker tegen een hindernis","Weggebruiker tegen hindernis buiten rijbaan","Buiten de rijbaan: Boom"
"2854","2022","04","17",2022-04-01,2022-04-01 17:00:00,2024-01-02 17:00:00,"92101","Waals Gewest","Provincie Namen","Profondeville",50.3843447510001,4.78990526800004,"Op Kruispunt","Normaal","Droog","buiten bebouwde kom","Dag","Gewestweg","dodelijk gewonden","Lichte vrachtauto","personenauto","Tss. 2 best.: langs opzij (voor-/achterkant-flank)","Geen hindernis"
"2855","2022","04","19",2022-04-01,2022-04-01 19:00:00,2024-01-02 19:00:00,"93014","Waals Gewest","Provincie Namen","Couvin",50.0498812230001,4.48529535800003,"Buiten Kruispunt","Normaal","Droog+Proper","binnen bebouwde kom","Dag","Gemeenteweg","Met doden","Andere weggebruiker","Voetganger","Met een voetganger","Geen hindernis"
"2856","2022","04","04",2022-04-01,2022-04-01 04:00:00,2024-01-02 04:00:00,"91030","Waals Gewest","Provincie Namen","Ciney",50.2849162360001,5.18325871900004,"Buiten Kruispunt","Normaal","Droog","buiten bebouwde kom","Nacht, openbare verlichting aanwezig en ontstoken","Gewestweg","Met doden","personenauto","Vrachtwagen","Tss. 2 best.: langs opzij (voor-/achterkant-flank)","Geen hindernis"
"2857","2022","04","10",2022-04-01,2022-04-01 10:00:00,2024-01-02 10:00:00,"91059","Waals Gewest","Provincie Namen","Hamois",50.3465702490001,5.10521688200004,"Op Kruispunt","Normaal","Droog","buiten bebouwde kom","Dag","Gewestweg","Met doden","Andere weggebruiker","personenauto","Tss. 2 best.: langs opzij (voor-/achterkant-flank)","Geen hindernis"
"2858","2022","04","14",2022-04-01,2022-04-01 14:00:00,2024-01-02 14:00:00,"57003","Waals Gewest","Provincie Henegouwen","Antoing",50.5666201510001,3.46334462100003,"Buiten Kruispunt","Normaal","Proper","buiten bebouwde kom","Dag","Gewestweg","Met doden","personenauto","een weggebruiker tegen een hindernis","Weggebruiker tegen hindernis buiten rijbaan","Andere hindernis"
"2859","2022","04","15",2022-04-01,2022-04-01 15:00:00,2024-01-02 15:00:00,"51065","Waals Gewest","Provincie Henegouwen","Frasnes-lez-Anvaing",50.6560775980001,3.59124242000007,"Buiten Kruispunt","Normaal","Droog","buiten bebouwde kom","Dag","Gewestweg","Met doden","Motorfiets","Motorfiets","Tussen 2 bestuurders: Flank tegen flank","Geen hindernis"
"2860","2022","04","21",2022-04-01,2022-04-01 21:00:00,2024-01-02 21:00:00,"53084","Waals Gewest","Provincie Henegouwen","Quévy",50.375282859,4.04021346500002,"Buiten Kruispunt","Normaal","Droog+Proper","buiten bebouwde kom","Nacht, geen openbare verlichting aanwezig","Gewestweg","Met doden","personenauto","een weggebruiker tegen een hindernis","Weggebruiker tegen hindernis buiten rijbaan","Buiten de rijbaan: Boom"
"2861","2022","04","04",2022-04-01,2022-04-01 04:00:00,2024-01-02 04:00:00,"56029","Waals Gewest","Provincie Henegouwen","Froidchapelle",50.164500215,4.32690151100007,"Buiten Kruispunt","Normaal","Droog+Proper","buiten bebouwde kom","Nacht, geen openbare verlichting aanwezig","Gemeenteweg","Met doden","personenauto","Voetganger","Met een voetganger","Geen hindernis"
"2862","2022","04","06",2022-04-01,2022-04-01 06:00:00,2024-01-02 06:00:00,"56005","Waals Gewest","Provincie Henegouwen","Beaumont",50.2071666690001,4.22536916200005,"Buiten Kruispunt","Normaal","Droog","buiten bebouwde kom","Dageraad - schemering","Gewestweg","Met doden","personenauto","een weggebruiker tegen een hindernis","Weggebruiker tegen hindernis buiten rijbaan","Buiten de rijbaan: Muur gebouw"
"2863","2022","04","02",2022-04-01,2022-04-01 02:00:00,2024-01-02 02:00:00,"56051","Waals Gewest","Provincie Henegouwen","Momignies",50.0005195630001,4.24728277100007,"Buiten Kruispunt","Normaal","Droog+Proper","buiten bebouwde kom","Nacht, openbare verlichting aanwezig en ontstoken","Gewestweg","Met doden","personenauto","een weggebruiker tegen een hindernis","Weggebruiker tegen hindernis buiten rijbaan","Buiten de rijbaan: Verlichtingspaal"
"2864","2022","04","00",2022-04-01,2022-04-01 00:00:00,2024-01-02 00:00:00,"21004","Brussels Hoofdstedelijk Gewest",NA,"Brussel",50.8805750000001,4.38030591600005,"Buiten Kruispunt","Regenval","Nat, plassen","binnen bebouwde kom","Nacht, openbare verlichting aanwezig en ontstoken","Gewestweg","dodelijk gewonden","personenauto","een weggebruiker tegen een hindernis","Weggebruiker tegen hindernis buiten rijbaan","Buiten de rijbaan: Vangrails niet overgestoken"
"2865","2022","04","18",2022-04-01,2022-04-01 18:00:00,2024-01-02 18:00:00,"11002","Vlaams Gewest","Provincie Antwerpen","Antwerpen",51.2178819900001,4.46133407900004,"Op Kruispunt","Normaal","Droog","binnen bebouwde kom","Dag","Gemeenteweg","dodelijk gewonden","Bromfiets","Fiets","Tss. 2 best.: langs opzij (voor-/achterkant-flank)","Geen hindernis"
"2866","2022","04","17",2022-04-01,2022-04-01 17:00:00,2024-01-02 17:00:00,"11002","Vlaams Gewest","Provincie Antwerpen","Antwerpen",51.2180128690001,4.39682564000003,"Buiten Kruispunt","Normaal","Droog","binnen bebouwde kom","Dag","Gemeenteweg","dodelijk gewonden","Fiets","Fiets","Tss. 2 best.: langs opzij (voor-/achterkant-flank)","Geen hindernis"
"2867","2022","04","09",2022-04-01,2022-04-01 09:00:00,2024-01-02 09:00:00,"11055","Vlaams Gewest","Provincie Antwerpen","Zoersel",51.272994028,4.64814293700005,"Buiten Kruispunt","Normaal","Droog","buiten bebouwde kom","Dag","Gewestweg","Met doden","Vrachtwagen","Voetganger","Met een voetganger","Geen hindernis"
"2868","2022","04","14",2022-04-01,2022-04-01 14:00:00,2024-01-02 14:00:00,"12005","Vlaams Gewest","Provincie Antwerpen","Bonheiden",51.0356464610001,4.53100869100007,"Op Kruispunt","Regenval","Nat, plassen","buiten bebouwde kom","Dag","Gewestweg","Met doden","Vrachtwagen","Fiets","Tss. 2 best.: langs opzij (voor-/achterkant-flank)","Geen hindernis"
"2869","2022","04","13",2022-04-01,2022-04-01 13:00:00,2024-01-02 13:00:00,"13019","Vlaams Gewest","Provincie Antwerpen","Lille",51.234696779,4.82834301300005,"Op Kruispunt","Normaal","Droog","binnen bebouwde kom","Dag","Gewestweg","Met doden","Lichte vrachtauto","Bromfiets","Tss. 2 best.: langs opzij (voor-/achterkant-flank)","Geen hindernis"
"2870","2022","04","05",2022-04-01,2022-04-01 05:00:00,2024-01-02 05:00:00,"13049","Vlaams Gewest","Provincie Antwerpen","Westerlo",51.0873586320001,4.90171403600004,"Buiten Kruispunt","Normaal","Vuil (zand, grint, bladeren,...)","buiten bebouwde kom","Nacht, geen openbare verlichting aanwezig","Gemeenteweg","Met doden","personenauto","een weggebruiker tegen een hindernis","Weggebruiker tegen hindernis buiten rijbaan","Buiten de rijbaan: Boom"
"2871","2022","04","13",2022-04-01,2022-04-01 13:00:00,2024-01-02 13:00:00,"13010","Vlaams Gewest","Provincie Antwerpen","Grobbendonk",51.179693646,4.72311704000003,"Buiten Kruispunt","Sterke wind, rukwind","Droog","buiten bebouwde kom","Dag","Gemeenteweg","dodelijk gewonden","personenauto","Motorfiets","Tussen 2 bestuurders: Frontale botsing","Geen hindernis"
"2872","2022","04","07",2022-04-01,2022-04-01 07:00:00,2024-01-02 07:00:00,"72038","Vlaams Gewest","Provincie Limburg","Hechtel-Eksel",51.117396103,5.35562061800005,"Op Kruispunt","Normaal","Droog+Proper","binnen bebouwde kom","Dag","Gemeenteweg","Met doden","onbekend","onbekend","Andere of onbekend","Geen vermelding van de aanwezigheid van een hindernis"
"2873","2022","04","20",2022-04-01,2022-04-01 20:00:00,2024-01-02 20:00:00,"72021","Vlaams Gewest","Provincie Limburg","Maaseik",51.100690291,5.70372911500004,"Op Kruispunt","Normaal","Droog","buiten bebouwde kom","Dag","Gewestweg","Met doden","Motorfiets","een weggebruiker tegen een hindernis","Weggebruiker tegen hindernis buiten rijbaan","Buiten de rijbaan: Omheining"
"2874","2022","04","09",2022-04-01,2022-04-01 09:00:00,2024-01-02 09:00:00,"24048","Vlaams Gewest","Provincie Vlaams-Brabant","Keerbergen",50.9955976630001,4.67392075200007,"Buiten Kruispunt","Normaal","Droog","buiten bebouwde kom","Dag","Gemeenteweg","Met doden","personenauto","Bromfiets","Tss. 2 best.: langs opzij (voor-/achterkant-flank)","Geen hindernis"
"2875","2022","04","14",2022-04-01,2022-04-01 14:00:00,2024-01-02 14:00:00,"44021","Vlaams Gewest","Provincie Oost-Vlaanderen","Gent",51.0898286460001,3.68816209400006,"Buiten Kruispunt","Normaal","Droog","buiten bebouwde kom","Dag","Autosnelweg","dodelijk gewonden","Fiets","een weggebruiker tegen een hindernis","Weggebruiker tegen hindernis buiten rijbaan","Buiten de rijbaan: Gracht"
"2876","2022","04","18",2022-04-01,2022-04-01 18:00:00,2024-01-02 18:00:00,"44084","Vlaams Gewest","Provincie Oost-Vlaanderen","Aalter",51.1321093610001,3.44898435500005,"Buiten Kruispunt","Normaal","Droog","buiten bebouwde kom","Dag","Gewestweg","dodelijk gewonden","personenauto","Vrachtwagen","Tussen 2 bestuurders: Frontale botsing","Geen hindernis"
"2877","2022","04","15",2022-04-01,2022-04-01 15:00:00,2024-01-02 15:00:00,"46021","Vlaams Gewest","Provincie Oost-Vlaanderen","Sint-Niklaas (Sint-Niklaas)",51.1857509980001,4.18610492200003,"Buiten Kruispunt","Normaal","Droog","binnen bebouwde kom","Dag","Gemeenteweg","Met doden","personenauto","een weggebruiker tegen een hindernis","Weggebruiker tegen hindernis buiten rijbaan","Buiten de rijbaan: Omheining"
"2878","2022","04","18",2022-04-01,2022-04-01 18:00:00,2024-01-02 18:00:00,"35013","Vlaams Gewest","Provincie West-Vlaanderen","Oostende",51.228571091,2.94133385800006,"Op Kruispunt","Normaal","Droog","binnen bebouwde kom","Dag","Gewestweg","dodelijk gewonden","Fiets","personenauto","Tss. 2 best.: langs opzij (voor-/achterkant-flank)","Geen hindernis"
"2879","2022","04","16",2022-04-01,2022-04-01 16:00:00,2024-01-02 16:00:00,"35013","Vlaams Gewest","Provincie West-Vlaanderen","Oostende",51.2147141,2.98257714200003,"Buiten Kruispunt","Normaal","Droog","buiten bebouwde kom","Dag","Gewestweg","Met doden","Vrachtwagen","Bromfiets","Tussen 2 bestuurders: Flank tegen flank","Geen hindernis"
"2880","2022","04","08",2022-04-01,2022-04-01 08:00:00,2024-01-02 08:00:00,"31012","Vlaams Gewest","Provincie West-Vlaanderen","Jabbeke",51.1773985990001,3.12605850700004,"Buiten Kruispunt","Sneeuwval","Nat, plassen","buiten bebouwde kom","Dag","Gewestweg","Met doden","personenauto","personenauto","Tussen 2 bestuurders: Langs achteren","Geen hindernis"
"2881","2022","04","03",2022-04-01,2022-04-01 03:00:00,2024-01-02 03:00:00,"34027","Vlaams Gewest","Provincie West-Vlaanderen","Menen",50.7692247000001,3.19132941600003,"Buiten Kruispunt","Onbekend","Nat, plassen","buiten bebouwde kom","Nacht, openbare verlichting aanwezig en ontstoken","Gewestweg","Met doden","personenauto","een weggebruiker tegen een hindernis","Weggebruiker tegen hindernis buiten rijbaan","Buiten de rijbaan: Andere paal"
"2882","2022","04","16",2022-04-01,2022-04-01 16:00:00,2024-01-02 16:00:00,"38025","Vlaams Gewest","Provincie West-Vlaanderen","Veurne",51.076737189,2.75244255100006,"Buiten Kruispunt","Normaal","Proper","buiten bebouwde kom","Dag","Gewestweg","Met doden","Andere weggebruiker","Motorfiets","Tss. 2 best.: langs opzij (voor-/achterkant-flank)","Geen hindernis"