"","DT_YEAR_COLLISION","DT_MONTH_COLLISION","DT_TIME","YEAR_MONTH_DAY","YEAR_MONTH_DAY_HOUR","TIME_DT","CD_NIS","TX_RGN_COLLISION_NL","TX_PROV_COLLISION_NL","TX_MUNTY_COLLISION_NL","LAT_WGS84","LONG_WGS84","TX_CROSSWAY_NL","TX_WEATHER_NL","TX_ROAD_CONDITION_NL","TX_BUILD_UP_AREA_NL","TX_LIGHT_CONDITION_NL","CD_ROAD_TYPE_NL","TX_CLASS_ACCIDENTS_NL","TX_ROAD_USR_TYPE1_NL","TX_ROAD_USR_TYPE2_NL","TX_COLLISION_TYPE_NL","TX_OBSTACLES_NL"
"2883","2022","05","17",2022-05-01,2022-05-01 17:00:00,2024-01-02 17:00:00,"73032","Vlaams Gewest","Provincie Limburg","Hoeselt",50.8772263210001,5.47105392700007,"Buiten Kruispunt","Normaal","Droog","buiten bebouwde kom","Dag","Autosnelweg","dodelijk gewonden","Motorfiets","personenauto","Tss. 2 best.: langs opzij (voor-/achterkant-flank)","Geen hindernis"
"2884","2022","05","14",2022-05-01,2022-05-01 14:00:00,2024-01-02 14:00:00,"46013","Vlaams Gewest","Provincie Oost-Vlaanderen","Kruibeke",51.165647242,4.24579241000003,"Buiten Kruispunt","Normaal","Droog","buiten bebouwde kom","Dag","Autosnelweg","Met doden","Vrachtwagen","Lichte vrachtauto","Kettingbotsing (3 bestuurders of meer)","Geen hindernis"
"2885","2022","05","20",2022-05-01,2022-05-01 20:00:00,2024-01-02 20:00:00,"34022","Vlaams Gewest","Provincie West-Vlaanderen","Kortrijk",50.8217588590001,3.22398278200006,"Buiten Kruispunt","Normaal","Droog","buiten bebouwde kom","Dag","Autosnelweg","dodelijk gewonden","Motorfiets","een weggebruiker tegen een hindernis","Weggebruiker tegen hindernis buiten rijbaan","Buiten de rijbaan: Andere paal"
"2886","2022","05","05",2022-05-01,2022-05-01 05:00:00,2024-01-02 05:00:00,"25110","Waals Gewest","Provincie Waals-Brabant","Waterloo",50.7233507220001,4.41568899700007,"Buiten Kruispunt","Normaal","Droog","buiten bebouwde kom","Nacht, openbare verlichting aanwezig en ontstoken","Autosnelweg","Met doden","personenauto","een weggebruiker tegen een hindernis","Weggebruiker tegen hindernis buiten rijbaan","Buiten de rijbaan: Boom"
"2887","2022","05","08",2022-05-01,2022-05-01 08:00:00,2024-01-02 08:00:00,"24135","Vlaams Gewest","Provincie Vlaams-Brabant","Tielt-Winge",50.9576412490001,4.93007534900005,"Buiten Kruispunt","Normaal","Droog","buiten bebouwde kom","Dag","Autosnelweg","Met doden","Lichte vrachtauto","Lichte vrachtauto","Tussen 2 bestuurders: Langs achteren","Geen hindernis"
"2888","2022","05","12",2022-05-01,2022-05-01 12:00:00,2024-01-02 12:00:00,"23099","Vlaams Gewest","Provincie Vlaams-Brabant","Kraainem",50.863701577,4.45167726100004,"Buiten Kruispunt","Normaal","Droog","buiten bebouwde kom","Dag","Autosnelweg","Met doden","personenauto","een weggebruiker tegen een hindernis","Weggebruiker tegen hindernis buiten rijbaan","Buiten de rijbaan: Vangrails niet overgestoken"
"2889","2022","05","14",2022-05-01,2022-05-01 14:00:00,2024-01-02 14:00:00,"52011","Waals Gewest","Provincie Henegouwen","Charleroi",50.4526228570001,4.50025405800005,"Buiten Kruispunt","Normaal","Droog+Proper","buiten bebouwde kom","Dag","Autosnelweg","dodelijk gewonden","personenauto","personenauto","Tussen 2 bestuurders: Langs achteren","Geen hindernis"
"2890","2022","05","08",2022-05-01,2022-05-01 08:00:00,2024-01-02 08:00:00,"25072","Waals Gewest","Provincie Waals-Brabant","Nijvel",50.577419471,4.32970365400007,"Buiten Kruispunt","Normaal","Nat, plassen+Proper","buiten bebouwde kom","Dag","Gewestweg","Met doden","personenauto","personenauto","Kettingbotsing (3 bestuurders of meer)","Geen hindernis"
"2891","2022","05","17",2022-05-01,2022-05-01 17:00:00,2024-01-02 17:00:00,"25123","Waals Gewest","Provincie Waals-Brabant","Rebecq",50.6675878410001,4.12729812100002,"Op Kruispunt","Normaal","Proper","binnen bebouwde kom","Dag","Gemeenteweg","dodelijk gewonden","Fiets","één bestuurder, geen hindernis","Eén bestuurder, geen hindernis (incl. val)","Geen hindernis"
"2892","2022","05","12",2022-05-01,2022-05-01 12:00:00,2024-01-02 12:00:00,"63004","Waals Gewest","Provincie Luik","Baelen",50.6040159350001,6.04549877400007,"Buiten Kruispunt","Normaal","Droog","buiten bebouwde kom","Dag","Gewestweg","Met doden","Motorfiets","een weggebruiker tegen een hindernis","Weggebruiker tegen hindernis buiten rijbaan","Buiten de rijbaan: Andere paal"
"2893","2022","05","12",2022-05-01,2022-05-01 12:00:00,2024-01-02 12:00:00,"63035","Waals Gewest","Provincie Luik","Herve",50.6983297310001,5.80315372600006,"Op Kruispunt","Normaal","Droog","buiten bebouwde kom","Dag","Gewestweg","dodelijk gewonden","personenauto","Andere weggebruiker","Tss. 2 best.: langs opzij (voor-/achterkant-flank)","Geen hindernis"
"2894","2022","05","15",2022-05-01,2022-05-01 15:00:00,2024-01-02 15:00:00,"63079","Waals Gewest","Provincie Luik","Verviers",50.605748426,5.83222287500007,"Buiten Kruispunt","Onbekend","Onbekend","binnen bebouwde kom","Dag","Gemeenteweg","dodelijk gewonden","Fiets","een weggebruiker tegen een hindernis","Weggebruiker tegen hindernis op de rijbaan","Op de rijbaan: Put, straatgoot, tramspoor"
"2895","2022","05","00",2022-05-01,2022-05-01 00:00:00,2024-01-02 00:00:00,"63013","Waals Gewest","Provincie Luik","Bütgenbach",50.4333063220001,6.20269419300007,"Buiten Kruispunt","Normaal","Droog","buiten bebouwde kom","Nacht, geen openbare verlichting aanwezig","Gewestweg","Met doden","personenauto","een weggebruiker tegen een hindernis","Weggebruiker tegen hindernis buiten rijbaan","Buiten de rijbaan: Muur gebouw"
"2896","2022","05","18",2022-05-01,2022-05-01 18:00:00,2024-01-02 18:00:00,"85024","Waals Gewest","Provincie Luxemburg","Meix-devant-Virton",49.604881275,5.48344375000005,"Buiten Kruispunt","Normaal","Droog+Proper","buiten bebouwde kom","Dag","Gemeenteweg","Met doden","personenauto","een weggebruiker tegen een hindernis","Weggebruiker tegen hindernis buiten rijbaan","Buiten de rijbaan: Boom"
"2897","2022","05","22",2022-05-01,2022-05-01 22:00:00,2024-01-02 22:00:00,"92045","Waals Gewest","Provincie Namen","Floreffe",50.4360726240001,4.76260342700004,"Buiten Kruispunt","Normaal","Droog+Proper","buiten bebouwde kom","Nacht, openbare verlichting aanwezig en ontstoken","Gewestweg","Met doden","personenauto","een weggebruiker tegen een hindernis","Weggebruiker tegen hindernis buiten rijbaan","Buiten de rijbaan: Verkeerseiland, middenberm"
"2898","2022","05","23",2022-05-01,2022-05-01 23:00:00,2024-01-02 23:00:00,"92087","Waals Gewest","Provincie Namen","Mettet",50.3421523150001,4.59564125600002,"Buiten Kruispunt","Normaal","Droog+Proper","buiten bebouwde kom","Nacht, openbare verlichting aanwezig en ontstoken","Gewestweg","Met doden","personenauto","een weggebruiker tegen een hindernis","Weggebruiker tegen hindernis buiten rijbaan","Buiten de rijbaan: Andere paal"
"2899","2022","05","12",2022-05-01,2022-05-01 12:00:00,2024-01-02 12:00:00,"93056","Waals Gewest","Provincie Namen","Philippeville",50.158611104,4.68169777200006,"Buiten Kruispunt","Normaal","Droog","buiten bebouwde kom","Dag","Gewestweg","Met doden","Lichte vrachtauto","Vrachtwagen","Tussen 2 bestuurders: Frontale botsing","Geen hindernis"
"2900","2022","05","05",2022-05-01,2022-05-01 05:00:00,2024-01-02 05:00:00,"93056","Waals Gewest","Provincie Namen","Philippeville",50.2047442030001,4.58142516200007,"Buiten Kruispunt","Normaal","Droog","buiten bebouwde kom","Dageraad - schemering","Gewestweg","Met doden","personenauto","een weggebruiker tegen een hindernis","Weggebruiker tegen hindernis buiten rijbaan","Andere hindernis"
"2901","2022","05","14",2022-05-01,2022-05-01 14:00:00,2024-01-02 14:00:00,"53070","Waals Gewest","Provincie Henegouwen","Saint-Ghislain",50.518092935,3.76502705700005,"Op Kruispunt","Onbekend","Droog","binnen bebouwde kom","Dag","Gewestweg","Met doden","personenauto","een weggebruiker tegen een hindernis","Weggebruiker tegen hindernis buiten rijbaan","Buiten de rijbaan: Muur gebouw"
"2902","2022","05","15",2022-05-01,2022-05-01 15:00:00,2024-01-02 15:00:00,"21010","Brussels Hoofdstedelijk Gewest",NA,"Jette",50.87779743,4.32873775200005,"Buiten Kruispunt","Normaal","Droog+Proper","binnen bebouwde kom","Dag","Gemeenteweg","dodelijk gewonden","Vrachtwagen","Voetganger","Met een voetganger","Geen hindernis"
"2903","2022","05","16",2022-05-01,2022-05-01 16:00:00,2024-01-02 16:00:00,"11002","Vlaams Gewest","Provincie Antwerpen","Antwerpen",51.1945948000001,4.38261385500005,"Op Kruispunt","Normaal","Droog","binnen bebouwde kom","Dag","Gewestweg","dodelijk gewonden","personenauto","Motorfiets","Tss. 2 best.: langs opzij (voor-/achterkant-flank)","Geen hindernis"
"2904","2022","05","23",2022-05-01,2022-05-01 23:00:00,2024-01-02 23:00:00,"11002","Vlaams Gewest","Provincie Antwerpen","Antwerpen",51.2194148730001,4.42765718600003,"Buiten Kruispunt","Normaal","Droog","binnen bebouwde kom","Nacht, openbare verlichting aanwezig en ontstoken","Gemeenteweg","Met doden","personenauto","Voetganger","Met een voetganger","Geen hindernis"
"2905","2022","05","08",2022-05-01,2022-05-01 08:00:00,2024-01-02 08:00:00,"11037","Vlaams Gewest","Provincie Antwerpen","Rumst",51.100844538,4.41070708500007,"Buiten Kruispunt","Normaal","Droog","binnen bebouwde kom","Dag","Gemeenteweg","dodelijk gewonden","personenauto","Fiets","Tussen 2 bestuurders: Frontale botsing","Geen hindernis"
"2906","2022","05","14",2022-05-01,2022-05-01 14:00:00,2024-01-02 14:00:00,"11024","Vlaams Gewest","Provincie Antwerpen","Kontich",51.1429088850001,4.44733035400003,"Op Kruispunt","Normaal","Droog","binnen bebouwde kom","Dag","Gemeenteweg","dodelijk gewonden","Autobus","Fiets","Tss. 2 best.: langs opzij (voor-/achterkant-flank)","Geen hindernis"
"2907","2022","05","15",2022-05-01,2022-05-01 15:00:00,2024-01-02 15:00:00,"12014","Vlaams Gewest","Provincie Antwerpen","Heist-op-den-Berg",51.0713695170001,4.70149029600003,"Op Kruispunt","Normaal","Droog","binnen bebouwde kom","Dag","Gewestweg","Met doden","Andere weggebruiker","Vrachtwagen","Tss. 2 best.: langs opzij (voor-/achterkant-flank)","Geen hindernis"
"2908","2022","05","04",2022-05-01,2022-05-01 04:00:00,2024-01-02 04:00:00,"13016","Vlaams Gewest","Provincie Antwerpen","Hulshout",51.0636293320001,4.84442627900006,"Buiten Kruispunt","Onbekend","Droog","buiten bebouwde kom","Nacht, openb. verlicht. aanw., maar niet ontstoken","Gewestweg","Met doden","personenauto","een weggebruiker tegen een hindernis","Weggebruiker tegen hindernis buiten rijbaan","Buiten de rijbaan: Boom"
"2909","2022","05","07",2022-05-01,2022-05-01 07:00:00,2024-01-02 07:00:00,"13003","Vlaams Gewest","Provincie Antwerpen","Balen",51.165302565,5.25393019800003,"Buiten Kruispunt","Normaal","Droog","buiten bebouwde kom","Dag","Gemeenteweg","Met doden","personenauto","een weggebruiker tegen een hindernis","Weggebruiker tegen hindernis buiten rijbaan","Buiten de rijbaan: Gracht"
"2910","2022","05","15",2022-05-01,2022-05-01 15:00:00,2024-01-02 15:00:00,"72043","Vlaams Gewest","Provincie Limburg","Pelt",51.2354551770001,5.42941293000007,"Buiten Kruispunt","Normaal","Droog","binnen bebouwde kom","Dag","Gemeenteweg","dodelijk gewonden","Fiets","Autobus","Tss. 2 best.: langs opzij (voor-/achterkant-flank)","Geen hindernis"
"2911","2022","05","18",2022-05-01,2022-05-01 18:00:00,2024-01-02 18:00:00,"71070","Vlaams Gewest","Provincie Limburg","Heusden-Zolder",51.038560961,5.32685382100004,"Buiten Kruispunt","Normaal","Droog","buiten bebouwde kom","Dag","Gewestweg","Met doden","personenauto","Voetganger","Met een voetganger","Geen hindernis"
"2912","2022","05","16",2022-05-01,2022-05-01 16:00:00,2024-01-02 16:00:00,"73083","Vlaams Gewest","Provincie Limburg","Tongeren",50.7460594520001,5.49411990400006,"Op Kruispunt","Normaal","Droog","buiten bebouwde kom","Dag","Gewestweg","Met doden","personenauto","Motorfiets","Tussen 2 bestuurders: Frontale botsing","Geen hindernis"
"2913","2022","05","06",2022-05-01,2022-05-01 06:00:00,2024-01-02 06:00:00,"24020","Vlaams Gewest","Provincie Vlaams-Brabant","Diest",50.96788143,5.03102090900006,"Buiten Kruispunt","Normaal","Droog","buiten bebouwde kom","Dag","Gewestweg","Met doden","Vrachtwagen","personenauto","Tussen 2 bestuurders: Langs achteren","Geen hindernis"
"2914","2022","05","05",2022-05-01,2022-05-01 05:00:00,2024-01-02 05:00:00,"23094","Vlaams Gewest","Provincie Vlaams-Brabant","Zaventem",50.868429888,4.49457495400003,"Buiten Kruispunt","Normaal","Droog","buiten bebouwde kom","Dag","Gemeenteweg","Met doden","personenauto","een weggebruiker tegen een hindernis","Weggebruiker tegen hindernis buiten rijbaan","Andere hindernis"
"2915","2022","05","12",2022-05-01,2022-05-01 12:00:00,2024-01-02 12:00:00,"23052","Vlaams Gewest","Provincie Vlaams-Brabant","Merchtem",50.958653659,4.24423582000003,"Op Kruispunt","Normaal","Droog","binnen bebouwde kom","Dag","Gewestweg","dodelijk gewonden","personenauto","Fiets","Tss. 2 best.: langs opzij (voor-/achterkant-flank)","Geen hindernis"
"2916","2022","05","13",2022-05-01,2022-05-01 13:00:00,2024-01-02 13:00:00,"45060","Vlaams Gewest","Provincie Oost-Vlaanderen","Kluisbergen",50.782267677,3.54712535500005,"Buiten Kruispunt","Normaal","Droog","buiten bebouwde kom","Dag","Gemeenteweg","Met doden","Fiets","een weggebruiker tegen een hindernis","Weggebruiker tegen hindernis buiten rijbaan","Andere hindernis"
"2917","2022","05","14",2022-05-01,2022-05-01 14:00:00,2024-01-02 14:00:00,"45035","Vlaams Gewest","Provincie Oost-Vlaanderen","Oudenaarde",50.866475,3.67194128500006,"Op Kruispunt","Normaal","Droog","buiten bebouwde kom","Dag","Gemeenteweg","dodelijk gewonden","Motorfiets","personenauto","Tss. 2 best.: langs opzij (voor-/achterkant-flank)","Geen hindernis"
"2918","2022","05","10",2022-05-01,2022-05-01 10:00:00,2024-01-02 10:00:00,"41002","Vlaams Gewest","Provincie Oost-Vlaanderen","Aalst (Aalst)",50.939393512,4.02960036500002,"Buiten Kruispunt","Normaal","Droog","binnen bebouwde kom","Dag","Gemeenteweg","Met doden","personenauto","Voetganger","Met een voetganger","Geen hindernis"
"2919","2022","05","17",2022-05-01,2022-05-01 17:00:00,2024-01-02 17:00:00,"31004","Vlaams Gewest","Provincie West-Vlaanderen","Blankenberge",51.3137407290001,3.13217048100006,"Buiten Kruispunt","Normaal","Droog","binnen bebouwde kom","Dag","Gemeenteweg","dodelijk gewonden","Fiets","Voetganger","Met een voetganger","Geen hindernis"
"2920","2022","05","19",2022-05-01,2022-05-01 19:00:00,2024-01-02 19:00:00,"37020","Vlaams Gewest","Provincie West-Vlaanderen","Ardooie",50.9581637890001,3.19487248300004,"Buiten Kruispunt","Normaal","Droog","buiten bebouwde kom","Dag","Gemeenteweg","Met doden","Lichte vrachtauto","een weggebruiker tegen een hindernis","Weggebruiker tegen hindernis buiten rijbaan","Buiten de rijbaan: Omheining"
"2921","2022","05","09",2022-05-01,2022-05-01 09:00:00,2024-01-02 09:00:00,"36019","Vlaams Gewest","Provincie West-Vlaanderen","Staden",50.930114383,3.06661490500005,"Op Kruispunt","Normaal","Droog","buiten bebouwde kom","Dag","Gemeenteweg","dodelijk gewonden","Fiets","een weggebruiker tegen een hindernis","Weggebruiker tegen hindernis buiten rijbaan","Buiten de rijbaan: Andere paal"
"2922","2022","05","17",2022-05-01,2022-05-01 17:00:00,2024-01-02 17:00:00,"33041","Vlaams Gewest","Provincie West-Vlaanderen","Vleteren",50.892402641,2.74044115000004,"Op Kruispunt","Normaal","Droog","buiten bebouwde kom","Dag","Gewestweg","Met doden","Motorfiets","personenauto","Tss. 2 best.: langs opzij (voor-/achterkant-flank)","Geen hindernis"
"2923","2022","05","15",2022-05-01,2022-05-01 15:00:00,2024-01-02 15:00:00,"46024","Vlaams Gewest","Provincie Oost-Vlaanderen","Stekene",51.2060906780001,4.07571929500006,"Op Kruispunt","Normaal","Droog","binnen bebouwde kom","Dag","Gewestweg","Met doden","Vrachtwagen","Fiets","Tussen 2 bestuurders: Flank tegen flank","Geen hindernis"
"2924","2022","05","02",2022-05-01,2022-05-01 02:00:00,2024-01-02 02:00:00,"71016","Vlaams Gewest","Provincie Limburg","Genk",50.9824912180001,5.55769097100006,"Buiten Kruispunt","Normaal","Nat, plassen","buiten bebouwde kom","Nacht, openbare verlichting aanwezig en ontstoken","Gewestweg","Met doden","personenauto","Vrachtwagen","Tussen 2 bestuurders: Langs achteren","Geen hindernis"
"2925","2022","06","09",2022-06-01,2022-06-01 09:00:00,2024-01-02 09:00:00,"11035","Vlaams Gewest","Provincie Antwerpen","Ranst",51.196920532,4.60275793300002,"Buiten Kruispunt","Normaal","Droog","buiten bebouwde kom","Dag","Autosnelweg","Met doden","Lichte vrachtauto","Vrachtwagen","Tussen 2 bestuurders: Langs achteren","Geen hindernis"
"2926","2022","06","15",2022-06-01,2022-06-01 15:00:00,2024-01-02 15:00:00,"13014","Vlaams Gewest","Provincie Antwerpen","Hoogstraten",51.4493704610001,4.71986957300004,"Buiten Kruispunt","Normaal","Droog","buiten bebouwde kom","Dag","Autosnelweg","Met doden","Vrachtwagen","Vrachtwagen","Kettingbotsing (3 bestuurders of meer)","Geen hindernis"
"2927","2022","06","10",2022-06-01,2022-06-01 10:00:00,2024-01-02 10:00:00,"38008","Vlaams Gewest","Provincie West-Vlaanderen","De Panne",51.058282917,2.56771246400007,"Buiten Kruispunt","Normaal","Droog","buiten bebouwde kom","Dag","Autosnelweg","Met doden","personenauto","Vrachtwagen","Kettingbotsing (3 bestuurders of meer)","Geen hindernis"
"2928","2022","06","03",2022-06-01,2022-06-01 03:00:00,2024-01-02 03:00:00,"55086","Waals Gewest","Provincie Henegouwen","Manage",50.4993563990001,4.20669883500005,"Buiten Kruispunt","Normaal","Droog","buiten bebouwde kom","Nacht, openbare verlichting aanwezig en ontstoken","Autosnelweg","Met doden","personenauto","Lichte vrachtauto","Tussen 2 bestuurders: Langs achteren","Geen hindernis"
"2929","2022","06","06",2022-06-01,2022-06-01 06:00:00,2024-01-02 06:00:00,"41018","Vlaams Gewest","Provincie Oost-Vlaanderen","Geraardsbergen",NA,NA,"Buiten Kruispunt","Normaal","Droog","binnen bebouwde kom","Dag","Gemeenteweg","Met doden","personenauto","Voetganger","Met een voetganger","Geen hindernis"
"2930","2022","06","14",2022-06-01,2022-06-01 14:00:00,2024-01-02 14:00:00,"92094","Waals Gewest","Provincie Namen","Namen",50.4960128640001,4.74183026400004,"Buiten Kruispunt","Normaal","Droog","buiten bebouwde kom","Dag","Autosnelweg","Met doden","Vrachtwagen","Vrachtwagen","Tussen 2 bestuurders: Langs achteren","Geen hindernis"
"2931","2022","06","10",2022-06-01,2022-06-01 10:00:00,2024-01-02 10:00:00,"84077","Waals Gewest","Provincie Luxemburg","Libramont-Chevigny",49.9154133960001,5.35279038400006,"Buiten Kruispunt","Normaal","Droog+Proper","buiten bebouwde kom","Dag","Gewestweg","Met doden","personenauto","personenauto","Tss. 2 best.: langs opzij (voor-/achterkant-flank)","Geen hindernis"
"2932","2022","06","09",2022-06-01,2022-06-01 09:00:00,2024-01-02 09:00:00,"25107","Waals Gewest","Provincie Waals-Brabant","Villers-la-Ville",50.560679082,4.50244485300004,"Buiten Kruispunt","Normaal","Droog+Proper","binnen bebouwde kom","Dag","Gemeenteweg","Met doden","Andere weggebruiker","een weggebruiker tegen een hindernis","Weggebruiker tegen hindernis op de rijbaan","Op de rijbaan: Werken (signal., aarde, toestel,…)"
"2933","2022","06","00",2022-06-01,2022-06-01 00:00:00,2024-01-02 00:00:00,"25112","Waals Gewest","Provincie Waals-Brabant","Waver",50.7026222690001,4.59140888900004,"Buiten Kruispunt","Normaal","Proper","binnen bebouwde kom","Nacht, openbare verlichting aanwezig en ontstoken","Gewestweg","Met doden","Motorfiets","een weggebruiker tegen een hindernis","Weggebruiker tegen hindernis buiten rijbaan","Buiten de rijbaan: Andere paal"
"2934","2022","06","23",2022-06-01,2022-06-01 23:00:00,2024-01-02 23:00:00,"62099","Waals Gewest","Provincie Luik","Soumagne",50.6107981760001,5.71111867400003,"Buiten Kruispunt","Normaal","Droog+Proper","binnen bebouwde kom","Nacht, openbare verlichting aanwezig en ontstoken","Gewestweg","dodelijk gewonden","personenauto","een weggebruiker tegen een hindernis","Weggebruiker tegen hindernis buiten rijbaan","Buiten de rijbaan: Andere paal"
"2935","2022","06","04",2022-06-01,2022-06-01 04:00:00,2024-01-02 04:00:00,"62060","Waals Gewest","Provincie Luik","Juprelle",50.7336218840001,5.59249630300008,"Buiten Kruispunt","Onbekend","Nat, plassen","buiten bebouwde kom","Dageraad - schemering","Gemeenteweg","Met doden","personenauto","een weggebruiker tegen een hindernis","Weggebruiker tegen hindernis buiten rijbaan","Andere hindernis"
"2936","2022","06","17",2022-06-01,2022-06-01 17:00:00,2024-01-02 17:00:00,"62009","Waals Gewest","Provincie Luik","Aywaille",50.478277398,5.65179059900004,"Buiten Kruispunt","Normaal","Droog","buiten bebouwde kom","Dag","Gewestweg","Met doden","Fiets","een weggebruiker tegen een hindernis","Weggebruiker tegen hindernis buiten rijbaan","Buiten de rijbaan: Muur gebouw"
"2937","2022","06","08",2022-06-01,2022-06-01 08:00:00,2024-01-02 08:00:00,"62032","Waals Gewest","Provincie Luik","Esneux",50.5541171730001,5.58415482600003,"Buiten Kruispunt","Normaal","Proper","buiten bebouwde kom","Dag","Gewestweg","Met doden","personenauto","Voetganger","Met een voetganger","Geen hindernis"
"2938","2022","06","09",2022-06-01,2022-06-01 09:00:00,2024-01-02 09:00:00,"62100","Waals Gewest","Provincie Luik","Sprimont",50.5204995830001,5.72688029700004,"Op Kruispunt","Normaal","Proper","buiten bebouwde kom","Dag","Gewestweg","dodelijk gewonden","Motorfiets","personenauto","Tss. 2 best.: langs opzij (voor-/achterkant-flank)","Geen hindernis"
"2939","2022","06","18",2022-06-01,2022-06-01 18:00:00,2024-01-02 18:00:00,"63012","Waals Gewest","Provincie Luik","Büllingen",50.4061651390001,6.23798276600007,"Buiten Kruispunt","Normaal","Droog","buiten bebouwde kom","Dageraad - schemering","Gewestweg","dodelijk gewonden","personenauto","personenauto","Tussen 2 bestuurders: Frontale botsing","Geen hindernis"
"2940","2022","06","11",2022-06-01,2022-06-01 11:00:00,2024-01-02 11:00:00,"84050","Waals Gewest","Provincie Luxemburg","Paliseul",49.9464740120001,5.16320456700004,"Buiten Kruispunt","Normaal","Proper","buiten bebouwde kom","Dag","Gewestweg","Met doden","personenauto","een weggebruiker tegen een hindernis","Weggebruiker tegen hindernis buiten rijbaan","Buiten de rijbaan: Boom"
"2941","2022","06","20",2022-06-01,2022-06-01 20:00:00,2024-01-02 20:00:00,"92094","Waals Gewest","Provincie Namen","Namen",50.485215097,4.77501334800007,"Buiten Kruispunt","Normaal","Proper","binnen bebouwde kom","Dag","Gemeenteweg","Met doden","personenauto","Fiets","Tussen 2 bestuurders: Frontale botsing","Geen hindernis"
"2942","2022","06","01",2022-06-01,2022-06-01 01:00:00,2024-01-02 01:00:00,"92035","Waals Gewest","Provincie Namen","Eghezée",50.5352242860001,4.90508179300002,"Buiten Kruispunt","Normaal","Droog","buiten bebouwde kom","Nacht, openbare verlichting aanwezig en ontstoken","Gewestweg","Met doden","Bromfiets","personenauto","Tussen 2 bestuurders: Langs achteren","Geen hindernis"
"2943","2022","06","11",2022-06-01,2022-06-01 11:00:00,2024-01-02 11:00:00,"92137","Waals Gewest","Provincie Namen","Sambreville",50.4490057720001,4.63305494500003,"Buiten Kruispunt","Onbekend","Proper","binnen bebouwde kom","Dag","Gemeenteweg","Met doden","Vrachtwagen","Voetganger","Met een voetganger","Geen hindernis"
"2944","2022","06","18",2022-06-01,2022-06-01 18:00:00,2024-01-02 18:00:00,"91005","Waals Gewest","Provincie Namen","Anhée",50.3343266460001,4.80371043400004,"Buiten Kruispunt","Normaal","Droog","binnen bebouwde kom","Dag","Gewestweg","Met doden","personenauto","Fiets","Tussen 2 bestuurders: Langs achteren","Geen hindernis"
"2945","2022","06","19",2022-06-01,2022-06-01 19:00:00,2024-01-02 19:00:00,"91005","Waals Gewest","Provincie Namen","Anhée",50.3255143630001,4.75613200800007,"Buiten Kruispunt","Normaal","Droog+Proper","buiten bebouwde kom","Dageraad - schemering","Gewestweg","dodelijk gewonden","personenauto","Andere weggebruiker","Tussen 2 bestuurders: Langs achteren","Geen hindernis"
"2946","2022","06","18",2022-06-01,2022-06-01 18:00:00,2024-01-02 18:00:00,"93018","Waals Gewest","Provincie Namen","Doische",50.124751991,4.65796235900007,"Buiten Kruispunt","Normaal","Droog+Proper","buiten bebouwde kom","Dag","Gemeenteweg","dodelijk gewonden","personenauto","Andere weggebruiker","Tss. 2 best.: langs opzij (voor-/achterkant-flank)","Geen hindernis"
"2947","2022","06","09",2022-06-01,2022-06-01 09:00:00,2024-01-02 09:00:00,"51008","Waals Gewest","Provincie Henegouwen","Beloeil",50.5639341250001,3.67797663600004,"Buiten Kruispunt","Normaal","Proper","binnen bebouwde kom","Dag","Gemeenteweg","Met doden","Fiets","personenauto","Tss. 2 best.: langs opzij (voor-/achterkant-flank)","Geen hindernis"
"2948","2022","06","17",2022-06-01,2022-06-01 17:00:00,2024-01-02 17:00:00,"51004","Waals Gewest","Provincie Henegouwen","Aat",50.6048485630001,3.74409662900007,"Buiten Kruispunt","Normaal","Nat, plassen","buiten bebouwde kom","Dag","Gewestweg","Met doden","personenauto","een weggebruiker tegen een hindernis","Weggebruiker tegen hindernis buiten rijbaan","Buiten de rijbaan: Boom"
"2949","2022","06","04",2022-06-01,2022-06-01 04:00:00,2024-01-02 04:00:00,"53014","Waals Gewest","Provincie Henegouwen","Boussu",50.4352107710001,3.82084691200004,"Op Kruispunt","Normaal","Droog","binnen bebouwde kom","Dageraad - schemering","Gewestweg","Met doden","personenauto","een weggebruiker tegen een hindernis","Weggebruiker tegen hindernis buiten rijbaan","Buiten de rijbaan: Verkeerseiland, middenberm"
"2950","2022","06","18",2022-06-01,2022-06-01 18:00:00,2024-01-02 18:00:00,"56044","Waals Gewest","Provincie Henegouwen","Lobbes",50.3537489890001,4.24671108300004,"Buiten Kruispunt","Normaal","Droog+Proper","buiten bebouwde kom","Dag","Gewestweg","dodelijk gewonden","personenauto","Fiets","Tussen 2 bestuurders: Langs achteren","Geen hindernis"
"2951","2022","06","19",2022-06-01,2022-06-01 19:00:00,2024-01-02 19:00:00,"58002","Waals Gewest","Provincie Henegouwen","Binche",50.4180201390001,4.18059120400005,"Buiten Kruispunt","Normaal","Droog+Proper","buiten bebouwde kom","Dag","Gewestweg","Met doden","Motorfiets","Andere weggebruiker","Tss. 2 best.: langs opzij (voor-/achterkant-flank)","Geen hindernis"