"","DT_YEAR_COLLISION","DT_MONTH_COLLISION","DT_TIME","YEAR_MONTH_DAY","YEAR_MONTH_DAY_HOUR","TIME_DT","CD_NIS","TX_RGN_COLLISION_NL","TX_PROV_COLLISION_NL","TX_MUNTY_COLLISION_NL","LAT_WGS84","LONG_WGS84","TX_CROSSWAY_NL","TX_WEATHER_NL","TX_ROAD_CONDITION_NL","TX_BUILD_UP_AREA_NL","TX_LIGHT_CONDITION_NL","CD_ROAD_TYPE_NL","TX_CLASS_ACCIDENTS_NL","TX_ROAD_USR_TYPE1_NL","TX_ROAD_USR_TYPE2_NL","TX_COLLISION_TYPE_NL","TX_OBSTACLES_NL"
"2952","2022","06","14",2022-06-01,2022-06-01 14:00:00,2024-01-02 14:00:00,"56016","Waals Gewest","Provincie Henegouwen","Chimay",50.0169157500001,4.33717948500004,"Buiten Kruispunt","Normaal","Proper","binnen bebouwde kom","Dag","Gemeenteweg","dodelijk gewonden","Bromfiets","één bestuurder, geen hindernis","Eén bestuurder, geen hindernis (incl. val)","Geen hindernis"
"2953","2022","06","20",2022-06-01,2022-06-01 20:00:00,2024-01-02 20:00:00,"21004","Brussels Hoofdstedelijk Gewest",NA,"Brussel",50.864279277,4.35376960400004,"Op Kruispunt","Normaal","Droog+Proper","binnen bebouwde kom","Dag","Gewestweg","dodelijk gewonden","personenauto","Voetganger","Met een voetganger","Geen hindernis"
"2954","2022","06","14",2022-06-01,2022-06-01 14:00:00,2024-01-02 14:00:00,"21004","Brussels Hoofdstedelijk Gewest",NA,"Brussel",50.8953038560001,4.38813264600003,"Op Kruispunt","Normaal","Proper","binnen bebouwde kom","Dag","Gemeenteweg","Met doden","Vrachtwagen","Fiets","Tss. 2 best.: langs opzij (voor-/achterkant-flank)","Geen hindernis"
"2955","2022","06","11",2022-06-01,2022-06-01 11:00:00,2024-01-02 11:00:00,"25105","Waals Gewest","Provincie Waals-Brabant","Tubeke",50.692922411,4.18586537800007,"Op Kruispunt","Normaal","Droog+Proper","binnen bebouwde kom","Dag","Gemeenteweg","Met doden","onbekend","onbekend","Geen vermelding van de type aanrijding","Geen vermelding van de type aanrijding"
"2956","2022","06","13",2022-06-01,2022-06-01 13:00:00,2024-01-02 13:00:00,"21002","Brussels Hoofdstedelijk Gewest",NA,"Oudergem",50.813440073,4.42703432700006,"Buiten Kruispunt","Normaal","Proper","binnen bebouwde kom","Dag","Gewestweg","Met doden","personenauto","één bestuurder, geen hindernis","Eén bestuurder, geen hindernis (incl. val)","Geen hindernis"
"2957","2022","06","08",2022-06-01,2022-06-01 08:00:00,2024-01-02 08:00:00,"21016","Brussels Hoofdstedelijk Gewest",NA,"Ukkel",50.8125056420001,4.36819682900005,"Buiten Kruispunt","Normaal","Droog","binnen bebouwde kom","Dag","Gewestweg","dodelijk gewonden","Fiets","één bestuurder, geen hindernis","Eén bestuurder, geen hindernis (incl. val)","Geen hindernis"
"2958","2022","06","18",2022-06-01,2022-06-01 18:00:00,2024-01-02 18:00:00,"11013","Vlaams Gewest","Provincie Antwerpen","Edegem",51.161130949,4.42906865900005,"Buiten Kruispunt","Normaal","Droog","buiten bebouwde kom","Dag","Gewestweg","Met doden","onbekend","onbekend","Andere of onbekend","Geen vermelding van de aanwezigheid van een hindernis"
"2959","2022","06","09",2022-06-01,2022-06-01 09:00:00,2024-01-02 09:00:00,"11035","Vlaams Gewest","Provincie Antwerpen","Ranst",51.212076229,4.61625958600007,"Op Kruispunt","Normaal","Droog","buiten bebouwde kom","Dag","Gemeenteweg","dodelijk gewonden","Fiets","Fiets","Tss. 2 best.: langs opzij (voor-/achterkant-flank)","Geen hindernis"
"2960","2022","05","17",2022-05-01,2022-05-01 17:00:00,2024-01-02 17:00:00,"12035","Vlaams Gewest","Provincie Antwerpen","Sint-Katelijne-Waver",51.0549550850001,4.57145261700003,"Buiten Kruispunt","Normaal","Droog","binnen bebouwde kom","Dag","Gemeenteweg","dodelijk gewonden","onbekend","onbekend","Andere of onbekend","Geen vermelding van de aanwezigheid van een hindernis"
"2961","2022","06","13",2022-06-01,2022-06-01 13:00:00,2024-01-02 13:00:00,"13036","Vlaams Gewest","Provincie Antwerpen","Retie",51.265417529,5.07649528300004,"Op Kruispunt","Normaal","Droog","binnen bebouwde kom","Dag","Gewestweg","Met doden","Vrachtwagen","Fiets","Tss. 2 best.: langs opzij (voor-/achterkant-flank)","Geen hindernis"
"2962","2022","06","13",2022-06-01,2022-06-01 13:00:00,2024-01-02 13:00:00,"13003","Vlaams Gewest","Provincie Antwerpen","Balen",51.1537682210001,5.26160554600006,"Buiten Kruispunt","Normaal","Droog","buiten bebouwde kom","Dag","Gemeenteweg","dodelijk gewonden","onbekend","onbekend","Andere of onbekend","Geen vermelding van de aanwezigheid van een hindernis"
"2963","2022","06","00",2022-06-01,2022-06-01 00:00:00,2024-01-02 00:00:00,"72037","Vlaams Gewest","Provincie Limburg","Hamont-Achel",51.2544097840001,5.47739988300003,"Op Kruispunt","Normaal","Droog","binnen bebouwde kom","Nacht, openbare verlichting aanwezig en ontstoken","Gemeenteweg","Met doden","Fiets","één bestuurder, geen hindernis","Eén bestuurder, geen hindernis (incl. val)","Geen hindernis"
"2964","2022","06","09",2022-06-01,2022-06-01 09:00:00,2024-01-02 09:00:00,"71053","Vlaams Gewest","Provincie Limburg","Sint-Truiden",50.8125110600001,5.17839790300008,"Buiten Kruispunt","Normaal","Droog","binnen bebouwde kom","Dag","Gemeenteweg","dodelijk gewonden","Lichte vrachtauto","Voetganger","Met een voetganger","Geen hindernis"
"2965","2022","06","15",2022-06-01,2022-06-01 15:00:00,2024-01-02 15:00:00,"73083","Vlaams Gewest","Provincie Limburg","Tongeren",50.8009512880001,5.44384837200005,"Buiten Kruispunt","Regenval","Nat, plassen","buiten bebouwde kom","Dag","Gewestweg","Met doden","personenauto","Fiets","Tussen 2 bestuurders: Frontale botsing","Geen hindernis"
"2966","2022","06","16",2022-06-01,2022-06-01 16:00:00,2024-01-02 16:00:00,"72021","Vlaams Gewest","Provincie Limburg","Maaseik",51.071546406,5.65665282600003,"Buiten Kruispunt","Normaal","Droog","buiten bebouwde kom","Dag","Gemeenteweg","dodelijk gewonden","Fiets","personenauto","Tussen 2 bestuurders: Flank tegen flank","Geen hindernis"
"2967","2022","06","15",2022-06-01,2022-06-01 15:00:00,2024-01-02 15:00:00,"23050","Vlaams Gewest","Provincie Vlaams-Brabant","Meise",50.951390997,4.27985969900004,"Buiten Kruispunt","Normaal","Droog","buiten bebouwde kom","Dag","Gewestweg","Met doden","personenauto","één bestuurder, geen hindernis","Eén bestuurder, geen hindernis (incl. val)","Geen hindernis"
"2968","2022","06","06",2022-06-01,2022-06-01 06:00:00,2024-01-02 06:00:00,"44021","Vlaams Gewest","Provincie Oost-Vlaanderen","Gent",51.0548835050001,3.73353908300004,"Buiten Kruispunt","Normaal","Droog","binnen bebouwde kom","Dag","Gemeenteweg","Met doden","personenauto","een weggebruiker tegen een hindernis","Weggebruiker tegen hindernis buiten rijbaan","Buiten de rijbaan: Vangrails overschreden"
"2969","2022","06","12",2022-06-01,2022-06-01 12:00:00,2024-01-02 12:00:00,"43002","Vlaams Gewest","Provincie Oost-Vlaanderen","Assenede",51.249887153,3.72092170900004,"Buiten Kruispunt","Normaal","Droog","buiten bebouwde kom","Dag","Gemeenteweg","dodelijk gewonden","Motorfiets","een weggebruiker tegen een hindernis","Weggebruiker tegen hindernis buiten rijbaan","Buiten de rijbaan: Boom"
"2970","2022","06","23",2022-06-01,2022-06-01 23:00:00,2024-01-02 23:00:00,"43010","Vlaams Gewest","Provincie Oost-Vlaanderen","Maldegem",51.198333593,3.44614065600007,"Buiten Kruispunt","Normaal","Droog","binnen bebouwde kom","Nacht, openbare verlichting aanwezig en ontstoken","Gemeenteweg","Met doden","personenauto","een weggebruiker tegen een hindernis","Weggebruiker tegen hindernis buiten rijbaan","Buiten de rijbaan: Boom"
"2971","2022","06","11",2022-06-01,2022-06-01 11:00:00,2024-01-02 11:00:00,"43010","Vlaams Gewest","Provincie Oost-Vlaanderen","Maldegem",51.1676435480001,3.44323504700003,"Buiten Kruispunt","Regenval","Nat, plassen","buiten bebouwde kom","Dag","Gewestweg","Met doden","personenauto","een weggebruiker tegen een hindernis","Weggebruiker tegen hindernis buiten rijbaan","Buiten de rijbaan: Boom"
"2972","2022","06","16",2022-06-01,2022-06-01 16:00:00,2024-01-02 16:00:00,"45063","Vlaams Gewest","Provincie Oost-Vlaanderen","Lierde",50.7823444160001,3.85270726300007,"Op Kruispunt","Normaal","Droog","buiten bebouwde kom","Dag","Gemeenteweg","dodelijk gewonden","Bromfiets","een weggebruiker tegen een hindernis","Weggebruiker tegen hindernis buiten rijbaan","Buiten de rijbaan: Omheining"
"2973","2022","06","12",2022-06-01,2022-06-01 12:00:00,2024-01-02 12:00:00,"31006","Vlaams Gewest","Provincie West-Vlaanderen","Damme",51.2554060510001,3.38119038200006,"Op Kruispunt","Normaal","Droog","buiten bebouwde kom","Dag","Gemeenteweg","Met doden","Bromfiets","Lichte vrachtauto","Tss. 2 best.: langs opzij (voor-/achterkant-flank)","Geen hindernis"
"2974","2022","06","18",2022-06-01,2022-06-01 18:00:00,2024-01-02 18:00:00,"31040","Vlaams Gewest","Provincie West-Vlaanderen","Zedelgem",51.147924446,3.16445737700008,"Buiten Kruispunt","Normaal","Droog","binnen bebouwde kom","Dag","Gewestweg","Met doden","personenauto","een weggebruiker tegen een hindernis","Weggebruiker tegen hindernis buiten rijbaan","Andere hindernis"
"2975","2022","06","15",2022-06-01,2022-06-01 15:00:00,2024-01-02 15:00:00,"35013","Vlaams Gewest","Provincie West-Vlaanderen","Oostende",51.2146516020001,2.90886125600002,"Op Kruispunt","Normaal","Droog","binnen bebouwde kom","Dag","Gewestweg","dodelijk gewonden","Lichte vrachtauto","Fiets","Tussen 2 bestuurders: Flank tegen flank","Geen hindernis"
"2976","2022","06","14",2022-06-01,2022-06-01 14:00:00,2024-01-02 14:00:00,"31033","Vlaams Gewest","Provincie West-Vlaanderen","Torhout",51.0366156630001,3.10838833400004,"Buiten Kruispunt","Normaal","Droog","buiten bebouwde kom","Dag","Gewestweg","dodelijk gewonden","onbekend","onbekend","Andere of onbekend","Geen vermelding van de aanwezigheid van een hindernis"
"2977","2022","06","10",2022-06-01,2022-06-01 10:00:00,2024-01-02 10:00:00,"35006","Vlaams Gewest","Provincie West-Vlaanderen","Ichtegem",51.1262362480001,3.03294781400007,"Op Kruispunt","Normaal","Droog","binnen bebouwde kom","Dag","Gemeenteweg","Met doden","Motorfiets","personenauto","Tss. 2 best.: langs opzij (voor-/achterkant-flank)","Geen hindernis"
"2978","2022","06","00",2022-06-01,2022-06-01 00:00:00,2024-01-02 00:00:00,"36015","Vlaams Gewest","Provincie West-Vlaanderen","Roeselare",50.936624877,3.12111637100003,"Buiten Kruispunt","Normaal","Droog","binnen bebouwde kom","Nacht, openbare verlichting aanwezig en ontstoken","Gewestweg","Met doden","personenauto","Fiets","Tussen 2 bestuurders: Frontale botsing","Geen hindernis"
"2979","2022","06","05",2022-06-01,2022-06-01 05:00:00,2024-01-02 05:00:00,"36006","Vlaams Gewest","Provincie West-Vlaanderen","Hooglede",50.971565653,3.07687353800003,"Buiten Kruispunt","Normaal","Droog","binnen bebouwde kom","Dageraad - schemering","Gemeenteweg","dodelijk gewonden","Motorfiets","een weggebruiker tegen een hindernis","Weggebruiker tegen hindernis buiten rijbaan","Andere hindernis"
"2980","2022","06","21",2022-06-01,2022-06-01 21:00:00,2024-01-02 21:00:00,"36008","Vlaams Gewest","Provincie West-Vlaanderen","Izegem",50.9049003220001,3.21838040500006,"Buiten Kruispunt","Normaal","Droog","buiten bebouwde kom","Dageraad - schemering","Gewestweg","Met doden","personenauto","Vrachtwagen","Tussen 2 bestuurders: Frontale botsing","Geen hindernis"
"2981","2022","06","16",2022-06-01,2022-06-01 16:00:00,2024-01-02 16:00:00,"37007","Vlaams Gewest","Provincie West-Vlaanderen","Meulebeke",50.9458187550001,3.33373437100005,"Buiten Kruispunt","Normaal","Droog","buiten bebouwde kom","Dag","Gemeenteweg","dodelijk gewonden","Fiets","personenauto","Tss. 2 best.: langs opzij (voor-/achterkant-flank)","Geen hindernis"
"2982","2022","06","22",2022-06-01,2022-06-01 22:00:00,2024-01-02 22:00:00,"38002","Vlaams Gewest","Provincie West-Vlaanderen","Alveringem",50.984190912,2.68992217300007,"Op Kruispunt","Normaal","Droog","buiten bebouwde kom","Dag","Gewestweg","Met doden","personenauto","Motorfiets","Tss. 2 best.: langs opzij (voor-/achterkant-flank)","Geen hindernis"
"2983","2022","06","09",2022-06-01,2022-06-01 09:00:00,2024-01-02 09:00:00,"46003","Vlaams Gewest","Provincie Oost-Vlaanderen","Beveren (Sint-Niklaas)",51.252719977,4.27791583200008,"Buiten Kruispunt","Normaal","Droog","binnen bebouwde kom","Dag","Gewestweg","Met doden","personenauto","Lichte vrachtauto","Tussen 2 bestuurders: Flank tegen flank","Geen hindernis"
"2984","2022","06","14",2022-06-01,2022-06-01 14:00:00,2024-01-02 14:00:00,"71022","Vlaams Gewest","Provincie Limburg","Hasselt",50.921327557,5.33037005800003,"Buiten Kruispunt","Regenval","Nat, plassen","binnen bebouwde kom","Dag","Gewestweg","dodelijk gewonden","personenauto","Fiets","Tussen 2 bestuurders: Flank tegen flank","Geen hindernis"
"2985","2022","07","10",2022-07-01,2022-07-01 10:00:00,2024-01-02 10:00:00,"11002","Vlaams Gewest","Provincie Antwerpen","Antwerpen",51.3662835380001,4.31837311400005,"Buiten Kruispunt","Normaal","Droog","buiten bebouwde kom","Dag","Autosnelweg","dodelijk gewonden","personenauto","een weggebruiker tegen een hindernis","Weggebruiker tegen hindernis buiten rijbaan","Buiten de rijbaan: Verlichtingspaal"
"2986","2022","07","10",2022-07-01,2022-07-01 10:00:00,2024-01-02 10:00:00,"11002","Vlaams Gewest","Provincie Antwerpen","Antwerpen",51.227664406,4.34338903700007,"Buiten Kruispunt","Normaal","Nat, plassen","buiten bebouwde kom","Dag","Autosnelweg","Met doden","Vrachtwagen","een weggebruiker tegen een hindernis","Weggebruiker tegen hindernis buiten rijbaan","Buiten de rijbaan: Vangrails overschreden"
"2987","2022","07","21",2022-07-01,2022-07-01 21:00:00,2024-01-02 21:00:00,"13011","Vlaams Gewest","Provincie Antwerpen","Herentals",51.154316582,4.83495113400005,"Buiten Kruispunt","Normaal","Droog","buiten bebouwde kom","Dageraad - schemering","Autosnelweg","Met doden","personenauto","Lichte vrachtauto","Tussen 2 bestuurders: Langs achteren","Geen hindernis"
"2988","2022","07","10",2022-07-01,2022-07-01 10:00:00,2024-01-02 10:00:00,"12041","Vlaams Gewest","Provincie Antwerpen","Puurs-Sint-Amands",51.035712145,4.32726535300003,"Buiten Kruispunt","Normaal","Droog","buiten bebouwde kom","Dag","Autosnelweg","Met doden","Motorfiets","een weggebruiker tegen een hindernis","Weggebruiker tegen hindernis buiten rijbaan","Buiten de rijbaan: Vangrails overschreden"
"2989","2022","07","06",2022-07-01,2022-07-01 06:00:00,2024-01-02 06:00:00,"31003","Vlaams Gewest","Provincie West-Vlaanderen","Beernem",51.1139134850001,3.35014604700007,"Buiten Kruispunt","Normaal","Proper","buiten bebouwde kom","Dag","Autosnelweg","Met doden","personenauto","een weggebruiker tegen een hindernis","Weggebruiker tegen hindernis buiten rijbaan","Buiten de rijbaan: Andere paal"
"2990","2022","07","00",2022-07-01,2022-07-01 00:00:00,2024-01-02 00:00:00,"34022","Vlaams Gewest","Provincie West-Vlaanderen","Kortrijk",50.788388395,3.23137826600004,"Buiten Kruispunt","Normaal","Nat, plassen","buiten bebouwde kom","Nacht, openbare verlichting aanwezig en ontstoken","Autosnelweg","Met doden","Motorfiets","een weggebruiker tegen een hindernis","Weggebruiker tegen hindernis buiten rijbaan","Buiten de rijbaan: Vangrails niet overgestoken"
"2991","2022","07","01",2022-07-01,2022-07-01 01:00:00,2024-01-02 01:00:00,"31033","Vlaams Gewest","Provincie West-Vlaanderen","Torhout",51.069341389,3.15414689300008,"Buiten Kruispunt","Normaal","Droog","buiten bebouwde kom","Nacht, geen openbare verlichting aanwezig","Autosnelweg","Met doden","Vrachtwagen","Motorfiets","Tussen 2 bestuurders: Langs achteren","Geen hindernis"
"2992","2022","07","11",2022-07-01,2022-07-01 11:00:00,2024-01-02 11:00:00,"35013","Vlaams Gewest","Provincie West-Vlaanderen","Oostende",51.204180971,2.98543955200006,"Buiten Kruispunt","Onbekend","Droog","buiten bebouwde kom","Dag","Autosnelweg","Met doden","personenauto","personenauto","Tussen 2 bestuurders: Frontale botsing","Geen hindernis"
"2993","2022","07","10",2022-07-01,2022-07-01 10:00:00,2024-01-02 10:00:00,"23025","Vlaams Gewest","Provincie Vlaams-Brabant","Grimbergen",50.9160551300001,4.34118544900002,"Buiten Kruispunt","Normaal","Droog","buiten bebouwde kom","Dag","Autosnelweg","Met doden","personenauto","een weggebruiker tegen een hindernis","Weggebruiker tegen hindernis buiten rijbaan","Buiten de rijbaan: Andere paal"
"2994","2022","07","22",2022-07-01,2022-07-01 22:00:00,2024-01-02 22:00:00,"57018","Waals Gewest","Provincie Henegouwen","Celles (Doornik)",50.6547836820001,3.50718862900004,"Buiten Kruispunt","Normaal","Droog+Proper","buiten bebouwde kom","Dageraad - schemering","Autosnelweg","Met doden","Andere weggebruiker","Voetganger","Met een voetganger","Geen hindernis"
"2995","2022","07","18",2022-07-01,2022-07-01 18:00:00,2024-01-02 18:00:00,"31012","Vlaams Gewest","Provincie West-Vlaanderen","Jabbeke",51.2038047720001,3.12957855100007,"Op Kruispunt","Normaal","Droog","buiten bebouwde kom","Dag","Gemeenteweg","Met doden","onbekend","onbekend","Andere of onbekend","Geen vermelding van de aanwezigheid van een hindernis"
"2996","2022","07","01",2022-07-01,2022-07-01 01:00:00,2024-01-02 01:00:00,"25037","Waals Gewest","Provincie Waals-Brabant","Graven",50.7623894330001,4.70428978100006,"Buiten Kruispunt","Normaal","Droog","buiten bebouwde kom","Nacht, openbare verlichting aanwezig en ontstoken","Gewestweg","Met doden","personenauto","Motorfiets","Tussen 2 bestuurders: Frontale botsing","Geen hindernis"
"2997","2022","07","03",2022-07-01,2022-07-01 03:00:00,2024-01-02 03:00:00,"25120","Waals Gewest","Provincie Waals-Brabant","Orp-Jauche",50.660694698,4.97865926800006,"Buiten Kruispunt","Normaal","Droog","buiten bebouwde kom","Nacht, geen openbare verlichting aanwezig","Gemeenteweg","Met doden","personenauto","een weggebruiker tegen een hindernis","Weggebruiker tegen hindernis buiten rijbaan","Buiten de rijbaan: Boom"
"2998","2022","07","18",2022-07-01,2022-07-01 18:00:00,2024-01-02 18:00:00,"62063","Waals Gewest","Provincie Luik","Luik",50.627403717,5.57293352400006,"Op Kruispunt","Normaal","Droog","binnen bebouwde kom","Dag","Gewestweg","Met doden","Motorfiets","personenauto","Tss. 2 best.: langs opzij (voor-/achterkant-flank)","Geen hindernis"
"2999","2022","07","01",2022-07-01,2022-07-01 01:00:00,2024-01-02 01:00:00,"64029","Waals Gewest","Provincie Luik","Geer",50.6742139990001,5.17183018500003,"Op Kruispunt","Normaal","Proper","buiten bebouwde kom","Nacht, geen openbare verlichting aanwezig","Gemeenteweg","Met doden","Motorfiets","een weggebruiker tegen een hindernis","Weggebruiker tegen hindernis buiten rijbaan","Andere hindernis"
"3000","2022","07","23",2022-07-01,2022-07-01 23:00:00,2024-01-02 23:00:00,"63076","Waals Gewest","Provincie Luik","Theux",50.5444735820001,5.86035628900004,"Buiten Kruispunt","Normaal","Proper","binnen bebouwde kom","Nacht, geen openbare verlichting aanwezig","Gemeenteweg","Met doden","personenauto","een weggebruiker tegen een hindernis","Weggebruiker tegen hindernis buiten rijbaan","Buiten de rijbaan: Boom"
"3001","2022","07","20",2022-07-01,2022-07-01 20:00:00,2024-01-02 20:00:00,"63049","Waals Gewest","Provincie Luik","Malmedy",50.412909809,6.05517626000005,"Buiten Kruispunt","Normaal","Proper","buiten bebouwde kom","Dag","Gewestweg","Met doden","personenauto","een weggebruiker tegen een hindernis","Weggebruiker tegen hindernis buiten rijbaan","Buiten de rijbaan: Boom"
"3002","2022","07","09",2022-07-01,2022-07-01 09:00:00,2024-01-02 09:00:00,"63049","Waals Gewest","Provincie Luik","Malmedy",50.4256193900001,6.02440418000003,"Buiten Kruispunt","Normaal","Droog+Proper","binnen bebouwde kom","Dag","Gewestweg","Met doden","Voetganger","personenauto","Met een voetganger","Geen hindernis"
"3003","2022","07","18",2022-07-01,2022-07-01 18:00:00,2024-01-02 18:00:00,"85007","Waals Gewest","Provincie Luxemburg","Chiny",49.6931461450001,5.43593150900006,"Buiten Kruispunt","Normaal","Proper","buiten bebouwde kom","Dag","Gewestweg","Met doden","personenauto","personenauto","Tussen 2 bestuurders: Frontale botsing","Geen hindernis"
"3004","2022","07","11",2022-07-01,2022-07-01 11:00:00,2024-01-02 11:00:00,"85009","Waals Gewest","Provincie Luxemburg","Etalle",49.6730003770001,5.57750832400006,"Buiten Kruispunt","Normaal","Droog+Proper","buiten bebouwde kom","Dag","Gewestweg","Met doden","Andere weggebruiker","Fiets","Tussen 2 bestuurders: Flank tegen flank","Geen hindernis"
"3005","2022","07","14",2022-07-01,2022-07-01 14:00:00,2024-01-02 14:00:00,"91034","Waals Gewest","Provincie Namen","Dinant",50.267263341,4.92517868500005,"Buiten Kruispunt","Normaal","Droog","binnen bebouwde kom","Dag","Gewestweg","Met doden","personenauto","Motorfiets","Tss. 2 best.: langs opzij (voor-/achterkant-flank)","Geen hindernis"
"3006","2022","07","16",2022-07-01,2022-07-01 16:00:00,2024-01-02 16:00:00,"91030","Waals Gewest","Provincie Namen","Ciney",50.302752893,5.08465626300006,"Buiten Kruispunt","Normaal","Proper","buiten bebouwde kom","Dag","Gewestweg","Met doden","Andere weggebruiker","Motorfiets","Tussen 2 bestuurders: Frontale botsing","Geen hindernis"
"3007","2022","07","08",2022-07-01,2022-07-01 08:00:00,2024-01-02 08:00:00,"91059","Waals Gewest","Provincie Namen","Hamois",50.3234714020001,5.13575183800003,"Buiten Kruispunt","Onbekend","Onbekend","onbekend","Onbekend","Gewestweg","Met doden","onbekend","onbekend","Geen vermelding van de type aanrijding","Geen vermelding van de type aanrijding"
"3008","2022","07","16",2022-07-01,2022-07-01 16:00:00,2024-01-02 16:00:00,"91120","Waals Gewest","Provincie Namen","Somme-Leuze",50.287852387,5.27160975400005,"Buiten Kruispunt","Onbekend","Proper","buiten bebouwde kom","Dag","Gewestweg","Met doden","personenauto","Motorfiets","Tussen 2 bestuurders: Frontale botsing","Geen hindernis"
"3009","2022","07","23",2022-07-01,2022-07-01 23:00:00,2024-01-02 23:00:00,"53014","Waals Gewest","Provincie Henegouwen","Boussu",50.4382319630001,3.83526400400007,"Buiten Kruispunt","Normaal","Droog+Proper","binnen bebouwde kom","Nacht, openbare verlichting aanwezig en ontstoken","Gewestweg","dodelijk gewonden","personenauto","Fiets","Tussen 2 bestuurders: Flank tegen flank","Geen hindernis"
"3010","2022","07","19",2022-07-01,2022-07-01 19:00:00,2024-01-02 19:00:00,"53028","Waals Gewest","Provincie Henegouwen","Frameries",50.4173225850001,3.88315575400003,"Buiten Kruispunt","Onbekend","Proper","binnen bebouwde kom","Dag","Gemeenteweg","Met doden","Bromfiets","een weggebruiker tegen een hindernis","Weggebruiker tegen hindernis op de rijbaan","Op de rijbaan: Verkeersdrempel, ezelsrug"
"3011","2022","07","01",2022-07-01,2022-07-01 01:00:00,2024-01-02 01:00:00,"53020","Waals Gewest","Provincie Henegouwen","Dour",50.3809443590001,3.79642003300006,"Buiten Kruispunt","Normaal","Proper","buiten bebouwde kom","Nacht, openbare verlichting aanwezig en ontstoken","Gemeenteweg","Met doden","onbekend","onbekend","Geen vermelding van de type aanrijding","Geen vermelding van de type aanrijding"
"3012","2022","07","22",2022-07-01,2022-07-01 22:00:00,2024-01-02 22:00:00,"52011","Waals Gewest","Provincie Henegouwen","Charleroi",50.4242333280001,4.42761754200006,"Op Kruispunt","Normaal","Droog","binnen bebouwde kom","Nacht, openbare verlichting aanwezig en ontstoken","Gemeenteweg","dodelijk gewonden","Lichte vrachtauto","personenauto","Tussen 2 bestuurders: Langs achteren","Geen hindernis"
"3013","2022","07","22",2022-07-01,2022-07-01 22:00:00,2024-01-02 22:00:00,"52012","Waals Gewest","Provincie Henegouwen","Châtelet",50.3917400380001,4.51625720000004,"Buiten Kruispunt","Normaal","Droog","binnen bebouwde kom","Nacht, openbare verlichting aanwezig en ontstoken","Gewestweg","Met doden","personenauto","Voetganger","Met een voetganger","Geen hindernis"
"3014","2022","07","14",2022-07-01,2022-07-01 14:00:00,2024-01-02 14:00:00,"21004","Brussels Hoofdstedelijk Gewest",NA,"Brussel",50.8465953520001,4.35194367500003,"Buiten Kruispunt","Normaal","Proper","binnen bebouwde kom","Dag","Gewestweg","dodelijk gewonden","Motorfiets","personenauto","Tussen 2 bestuurders: Flank tegen flank","Geen hindernis"
"3015","2022","07","18",2022-07-01,2022-07-01 18:00:00,2024-01-02 18:00:00,"12002","Vlaams Gewest","Provincie Antwerpen","Berlaar",51.122796957,4.62304353600007,"Buiten Kruispunt","Normaal","Droog","buiten bebouwde kom","Dag","Gemeenteweg","Met doden","Motorfiets","een weggebruiker tegen een hindernis","Weggebruiker tegen hindernis op de rijbaan","Op de rijbaan: Put, straatgoot, tramspoor"
"3016","2022","07","15",2022-07-01,2022-07-01 15:00:00,2024-01-02 15:00:00,"72043","Vlaams Gewest","Provincie Limburg","Pelt",51.242690888,5.44025314200007,"Buiten Kruispunt","Normaal","Droog","buiten bebouwde kom","Dag","Gemeenteweg","dodelijk gewonden","Fiets","Fiets","Tussen 2 bestuurders: Frontale botsing","Geen hindernis"
"3017","2022","07","10",2022-07-01,2022-07-01 10:00:00,2024-01-02 10:00:00,"73009","Vlaams Gewest","Provincie Limburg","Borgloon",50.814478659,5.29205588800005,"Buiten Kruispunt","Normaal","Droog","binnen bebouwde kom","Dag","Gemeenteweg","Met doden","personenauto","Voetganger","Met een voetganger","Geen hindernis"
"3018","2022","07","19",2022-07-01,2022-07-01 19:00:00,2024-01-02 19:00:00,"24135","Vlaams Gewest","Provincie Vlaams-Brabant","Tielt-Winge",50.896563439,4.87763656400006,"Buiten Kruispunt","Mist (zichtbaarheid minder dan 100m)","Droog","buiten bebouwde kom","Dag","Gewestweg","Met doden","Lichte vrachtauto","een weggebruiker tegen een hindernis","Weggebruiker tegen hindernis buiten rijbaan","Buiten de rijbaan: Boom"
"3019","2022","07","16",2022-07-01,2022-07-01 16:00:00,2024-01-02 16:00:00,"24007","Vlaams Gewest","Provincie Vlaams-Brabant","Begijnendijk",51.024199083,4.80578379100007,"Buiten Kruispunt","Normaal","Droog","buiten bebouwde kom","Dag","Gemeenteweg","Met doden","personenauto","personenauto","Tussen 2 bestuurders: Frontale botsing","Geen hindernis"
"3020","2022","07","19",2022-07-01,2022-07-01 19:00:00,2024-01-02 19:00:00,"45068","Vlaams Gewest","Provincie Oost-Vlaanderen","Kruisem",50.9184005880001,3.61689672000006,"Op Kruispunt","Normaal","Droog","buiten bebouwde kom","Dageraad - schemering","Gewestweg","Met doden","Vrachtwagen","Motorfiets","Tussen 2 bestuurders: Langs achteren","Geen hindernis"