"","DT_YEAR_COLLISION","DT_MONTH_COLLISION","DT_TIME","YEAR_MONTH_DAY","YEAR_MONTH_DAY_HOUR","TIME_DT","CD_NIS","TX_RGN_COLLISION_NL","TX_PROV_COLLISION_NL","TX_MUNTY_COLLISION_NL","LAT_WGS84","LONG_WGS84","TX_CROSSWAY_NL","TX_WEATHER_NL","TX_ROAD_CONDITION_NL","TX_BUILD_UP_AREA_NL","TX_LIGHT_CONDITION_NL","CD_ROAD_TYPE_NL","TX_CLASS_ACCIDENTS_NL","TX_ROAD_USR_TYPE1_NL","TX_ROAD_USR_TYPE2_NL","TX_COLLISION_TYPE_NL","TX_OBSTACLES_NL"
"3021","2022","07","20",2022-07-01,2022-07-01 20:00:00,2024-01-02 20:00:00,"46021","Vlaams Gewest","Provincie Oost-Vlaanderen","Sint-Niklaas (Sint-Niklaas)",51.134595404,4.14439893900004,"Op Kruispunt","Normaal","Droog","buiten bebouwde kom","Dag","Gewestweg","Met doden","personenauto","Motorfiets","Tussen 2 bestuurders: Frontale botsing","Geen hindernis"
"3022","2022","07","12",2022-07-01,2022-07-01 12:00:00,2024-01-02 12:00:00,"46014","Vlaams Gewest","Provincie Oost-Vlaanderen","Lokeren",51.097486749,3.99807735200005,"Op Kruispunt","Normaal","Nat, plassen","buiten bebouwde kom","Dag","Gewestweg","dodelijk gewonden","personenauto","Fiets","Tussen 2 bestuurders: Frontale botsing","Geen hindernis"
"3023","2022","07","13",2022-07-01,2022-07-01 13:00:00,2024-01-02 13:00:00,"41048","Vlaams Gewest","Provincie Oost-Vlaanderen","Ninove",50.8362458880001,4.02653001200002,"Buiten Kruispunt","Normaal","Droog","binnen bebouwde kom","Dag","Gemeenteweg","Met doden","Bromfiets","Andere weggebruiker","Tss. 2 best.: langs opzij (voor-/achterkant-flank)","Geen hindernis"
"3024","2022","07","21",2022-07-01,2022-07-01 21:00:00,2024-01-02 21:00:00,"31040","Vlaams Gewest","Provincie West-Vlaanderen","Zedelgem",51.1427098030001,3.13640252700003,"Buiten Kruispunt","Normaal","Droog","buiten bebouwde kom","Dag","Gewestweg","Met doden","personenauto","één bestuurder, geen hindernis","Eén bestuurder, geen hindernis (incl. val)","Geen hindernis"
"3025","2022","07","20",2022-07-01,2022-07-01 20:00:00,2024-01-02 20:00:00,"35029","Vlaams Gewest","Provincie West-Vlaanderen","De Haan",51.294779691,3.07385272900007,"Op Kruispunt","Normaal","Droog","buiten bebouwde kom","Dag","Gewestweg","dodelijk gewonden","onbekend","onbekend","Andere of onbekend","Geen vermelding van de aanwezigheid van een hindernis"
"3026","2022","07","14",2022-07-01,2022-07-01 14:00:00,2024-01-02 14:00:00,"35011","Vlaams Gewest","Provincie West-Vlaanderen","Middelkerke",51.1558881,2.79855320400003,"Op Kruispunt","Normaal","Droog","buiten bebouwde kom","Dag","Gemeenteweg","dodelijk gewonden","Andere weggebruiker","Fiets","Tussen 2 bestuurders: Flank tegen flank","Geen hindernis"
"3027","2022","07","00",2022-07-01,2022-07-01 00:00:00,2024-01-02 00:00:00,"35011","Vlaams Gewest","Provincie West-Vlaanderen","Middelkerke",51.156004409,2.84028748500003,"Buiten Kruispunt","Normaal","Droog","buiten bebouwde kom","Nacht, geen openbare verlichting aanwezig","Gewestweg","Met doden","Motorfiets","een weggebruiker tegen een hindernis","Weggebruiker tegen hindernis op de rijbaan","Op de rijbaan: Verkeersdrempel, ezelsrug"
"3028","2022","07","02",2022-07-01,2022-07-01 02:00:00,2024-01-02 02:00:00,"35011","Vlaams Gewest","Provincie West-Vlaanderen","Middelkerke",51.160594911,2.75551350400002,"Buiten Kruispunt","Normaal","Droog","buiten bebouwde kom","Nacht, geen openbare verlichting aanwezig","Gewestweg","Met doden","onbekend","onbekend","Andere of onbekend","Geen vermelding van de aanwezigheid van een hindernis"
"3029","2022","07","05",2022-07-01,2022-07-01 05:00:00,2024-01-02 05:00:00,"34042","Vlaams Gewest","Provincie West-Vlaanderen","Zwevegem",50.78087199,3.42378945400003,"Buiten Kruispunt","Normaal","Droog","buiten bebouwde kom","Dageraad - schemering","Gewestweg","Met doden","personenauto","Vrachtwagen","Tussen 2 bestuurders: Frontale botsing","Geen hindernis"
"3030","2022","07","09",2022-07-01,2022-07-01 09:00:00,2024-01-02 09:00:00,"33029","Vlaams Gewest","Provincie West-Vlaanderen","Wervik",50.8199753040001,3.08348009600007,"Buiten Kruispunt","Normaal","Droog","buiten bebouwde kom","Dag","Gemeenteweg","dodelijk gewonden","Motorfiets","Fiets","Tss. 2 best.: langs opzij (voor-/achterkant-flank)","Geen hindernis"
"3031","2022","07","14",2022-07-01,2022-07-01 14:00:00,2024-01-02 14:00:00,"23077","Vlaams Gewest","Provincie Vlaams-Brabant","Sint-Pieters-Leeuw",50.7606421080001,4.21912632700003,"Buiten Kruispunt","Normaal","Droog","buiten bebouwde kom","Dag","Gemeenteweg","Met doden","Motorfiets","een weggebruiker tegen een hindernis","Weggebruiker tegen hindernis buiten rijbaan","Buiten de rijbaan: Andere paal"
"3032","2022","07","09",2022-07-01,2022-07-01 09:00:00,2024-01-02 09:00:00,"23003","Vlaams Gewest","Provincie Vlaams-Brabant","Beersel",50.7788303030001,4.32507621300005,"Buiten Kruispunt","Normaal","Droog","binnen bebouwde kom","Dag","Gemeenteweg","Met doden","personenauto","Vrachtwagen","Tussen 2 bestuurders: Flank tegen flank","Geen hindernis"
"3033","2022","07","21",2022-07-01,2022-07-01 21:00:00,2024-01-02 21:00:00,"72018","Vlaams Gewest","Provincie Limburg","Kinrooi",51.126972982,5.80253149600003,"Buiten Kruispunt","Normaal","Droog","buiten bebouwde kom","Dageraad - schemering","Gewestweg","Met doden","personenauto","een weggebruiker tegen een hindernis","Weggebruiker tegen hindernis buiten rijbaan","Buiten de rijbaan: Boom"
"3034","2022","08","11",2022-08-01,2022-08-01 11:00:00,2024-01-02 11:00:00,"23002","Vlaams Gewest","Provincie Vlaams-Brabant","Asse",50.881823653,4.24188278500003,"Buiten Kruispunt","Normaal","Droog","buiten bebouwde kom","Dag","Autosnelweg","Met doden","Vrachtwagen","personenauto","Kettingbotsing (3 bestuurders of meer)","Geen hindernis"
"3035","2022","08","16",2022-08-01,2022-08-01 16:00:00,2024-01-02 16:00:00,"24055","Vlaams Gewest","Provincie Vlaams-Brabant","Kortenberg",50.8687745870001,4.55796688600003,"Buiten Kruispunt","Normaal","Droog","buiten bebouwde kom","Dag","Autosnelweg","dodelijk gewonden","personenauto","een weggebruiker tegen een hindernis","Weggebruiker tegen hindernis buiten rijbaan","Buiten de rijbaan: Vangrails niet overgestoken"
"3036","2022","08","04",2022-08-01,2022-08-01 04:00:00,2024-01-02 04:00:00,"57081","Waals Gewest","Provincie Henegouwen","Doornik",50.6141560410001,3.32554821000002,"Buiten Kruispunt","Normaal","Droog","buiten bebouwde kom","Nacht, openbare verlichting aanwezig en ontstoken","Autosnelweg","Met doden","personenauto","een weggebruiker tegen een hindernis","Weggebruiker tegen hindernis buiten rijbaan","Buiten de rijbaan: Muur gebouw"
"3037","2022","08","15",2022-08-01,2022-08-01 15:00:00,2024-01-02 15:00:00,"56022","Waals Gewest","Provincie Henegouwen","Erquelinnes",50.3100189350001,4.12187897000007,"Buiten Kruispunt","Normaal","Droog","binnen bebouwde kom","Dag","Gemeenteweg","Met doden","Andere weggebruiker","Voetganger","Met een voetganger","Geen hindernis"
"3038","2022","08","13",2022-08-01,2022-08-01 13:00:00,2024-01-02 13:00:00,"62003","Waals Gewest","Provincie Luik","Ans",50.6712455190001,5.52588757700005,"Buiten Kruispunt","Normaal","Droog+Proper","buiten bebouwde kom","Dag","Autosnelweg","Met doden","personenauto","een weggebruiker tegen een hindernis","Weggebruiker tegen hindernis buiten rijbaan","Buiten de rijbaan: Boom"
"3039","2022","08","11",2022-08-01,2022-08-01 11:00:00,2024-01-02 11:00:00,"62063","Waals Gewest","Provincie Luik","Luik",50.64715241,5.54016255400006,"Buiten Kruispunt","Normaal","Proper","buiten bebouwde kom","Dag","Autosnelweg","dodelijk gewonden","Motorfiets","een weggebruiker tegen een hindernis","Weggebruiker tegen hindernis buiten rijbaan","Buiten de rijbaan: Verkeerseiland, middenberm"
"3040","2022","08","06",2022-08-01,2022-08-01 06:00:00,2024-01-02 06:00:00,"63038","Waals Gewest","Provincie Luik","Jalhay",50.5262583310001,5.88441713500004,"Buiten Kruispunt","Normaal","Proper","buiten bebouwde kom","Dag","Autosnelweg","Met doden","personenauto","Vrachtwagen","Tss. 2 best.: langs opzij (voor-/achterkant-flank)","Geen hindernis"
"3041","2022","08","16",2022-08-01,2022-08-01 16:00:00,2024-01-02 16:00:00,"62096","Waals Gewest","Provincie Luik","Seraing",50.598884995,5.50136780200006,"Buiten Kruispunt","Normaal","Droog+Proper","binnen bebouwde kom","Dag","Gemeenteweg","dodelijk gewonden","personenauto","Motorfiets","Tussen 2 bestuurders: Frontale botsing","Geen hindernis"
"3042","2022","08","03",2022-08-01,2022-08-01 03:00:00,2024-01-02 03:00:00,"62096","Waals Gewest","Provincie Luik","Seraing",50.604876625,5.51931999700003,"Op Kruispunt","Normaal","Proper","binnen bebouwde kom","Nacht, openbare verlichting aanwezig en ontstoken","Gewestweg","dodelijk gewonden","personenauto","een weggebruiker tegen een hindernis","Weggebruiker tegen hindernis buiten rijbaan","Andere hindernis"
"3043","2022","08","07",2022-08-01,2022-08-01 07:00:00,2024-01-02 07:00:00,"62011","Waals Gewest","Provincie Luik","Bitsingen",50.7590592430001,5.61037374800003,"Buiten Kruispunt","Normaal","Droog","binnen bebouwde kom","Dag","onbekend","dodelijk gewonden","Vrachtwagen","Fiets","Tss. 2 best.: langs opzij (voor-/achterkant-flank)","Geen hindernis"
"3044","2022","08","10",2022-08-01,2022-08-01 10:00:00,2024-01-02 10:00:00,"63038","Waals Gewest","Provincie Luik","Jalhay",50.56015668,5.93538412600003,"Buiten Kruispunt","Onbekend","Proper","binnen bebouwde kom","Dag","Gemeenteweg","Met doden","personenauto","Motorfiets","Tussen 2 bestuurders: Frontale botsing","Geen hindernis"
"3045","2022","08","04",2022-08-01,2022-08-01 04:00:00,2024-01-02 04:00:00,"63020","Waals Gewest","Provincie Luik","Dison",50.6001612330001,5.85233368600007,"Buiten Kruispunt","Normaal","Proper","binnen bebouwde kom","Nacht, openbare verlichting aanwezig en ontstoken","Gewestweg","Met doden","Bromfiets","één bestuurder, geen hindernis","Eén bestuurder, geen hindernis (incl. val)","Geen hindernis"
"3046","2022","08","12",2022-08-01,2022-08-01 12:00:00,2024-01-02 12:00:00,"63049","Waals Gewest","Provincie Luik","Malmedy",50.424321359,6.01856731100003,"Buiten Kruispunt","Normaal","Proper","binnen bebouwde kom","Dag","Gewestweg","dodelijk gewonden","Andere weggebruiker","Voetganger","Met een voetganger","Geen hindernis"
"3047","2022","08","14",2022-08-01,2022-08-01 14:00:00,2024-01-02 14:00:00,"63049","Waals Gewest","Provincie Luik","Malmedy",50.4022431000001,6.00569511600003,"Buiten Kruispunt","Normaal","Droog+Proper","buiten bebouwde kom","Dag","Gemeenteweg","dodelijk gewonden","Lichte vrachtauto","Fiets","Tss. 2 best.: langs opzij (voor-/achterkant-flank)","Geen hindernis"
"3048","2022","08","12",2022-08-01,2022-08-01 12:00:00,2024-01-02 12:00:00,"63087","Waals Gewest","Provincie Luik","Burg-Reuland",50.1816106480001,6.06626626900004,"Buiten Kruispunt","Normaal","Droog","buiten bebouwde kom","Dag","Gemeenteweg","Met doden","Motorfiets","personenauto","Tussen 2 bestuurders: Frontale botsing","Geen hindernis"
"3049","2022","08","20",2022-08-01,2022-08-01 20:00:00,2024-01-02 20:00:00,"81001","Waals Gewest","Provincie Luxemburg","Aarlen",49.712197217,5.83691812700005,"Buiten Kruispunt","Normaal","Proper","buiten bebouwde kom","Nacht, geen openbare verlichting aanwezig","Gewestweg","Met doden","personenauto","personenauto","Tss. 2 best.: langs opzij (voor-/achterkant-flank)","Geen hindernis"
"3050","2022","08","01",2022-08-01,2022-08-01 01:00:00,2024-01-02 01:00:00,"82014","Waals Gewest","Provincie Luxemburg","Houffalize",50.160021183,5.72922683400003,"Buiten Kruispunt","Normaal","Proper","buiten bebouwde kom","Nacht, geen openbare verlichting aanwezig","Gemeenteweg","dodelijk gewonden","personenauto","Voetganger","Met een voetganger","Geen hindernis"
"3051","2022","08","04",2022-08-01,2022-08-01 04:00:00,2024-01-02 04:00:00,"91064","Waals Gewest","Provincie Namen","Havelange",50.368571993,5.20238092500006,"Buiten Kruispunt","Normaal","Proper","buiten bebouwde kom","Nacht, geen openbare verlichting aanwezig","Gewestweg","Met doden","personenauto","een weggebruiker tegen een hindernis","Weggebruiker tegen hindernis buiten rijbaan","Buiten de rijbaan: Boom"
"3052","2022","08","11",2022-08-01,2022-08-01 11:00:00,2024-01-02 11:00:00,"91120","Waals Gewest","Provincie Namen","Somme-Leuze",50.3355182540001,5.33967812700007,"Buiten Kruispunt","Onbekend","Proper","buiten bebouwde kom","Dag","Gewestweg","Met doden","personenauto","een weggebruiker tegen een hindernis","Weggebruiker tegen hindernis buiten rijbaan","Buiten de rijbaan: Verkeerseiland, middenberm"
"3053","2022","08","15",2022-08-01,2022-08-01 15:00:00,2024-01-02 15:00:00,"57097","Waals Gewest","Provincie Henegouwen","Komen-Waasten",50.8044605210001,2.99263723400003,"Buiten Kruispunt","Normaal","Vuil (zand, grint, bladeren,...)","buiten bebouwde kom","Dag","Gemeenteweg","Met doden","Motorfiets","Motorfiets","Tussen 2 bestuurders: Frontale botsing","Geen hindernis"
"3054","2022","08","05",2022-08-01,2022-08-01 05:00:00,2024-01-02 05:00:00,"51014","Waals Gewest","Provincie Henegouwen","Chièvres",50.6048961290001,3.81150263700005,"Buiten Kruispunt","Normaal","Proper","buiten bebouwde kom","Nacht, geen openbare verlichting aanwezig","Gewestweg","Met doden","onbekend","onbekend","Andere of onbekend","Geen vermelding van de aanwezigheid van een hindernis"
"3055","2022","08","19",2022-08-01,2022-08-01 19:00:00,2024-01-02 19:00:00,"51068","Waals Gewest","Provincie Henegouwen","Opzullik",50.636256904,3.93685857300005,"Buiten Kruispunt","Onbekend","Proper","buiten bebouwde kom","Onbekend","Gewestweg","dodelijk gewonden","Motorfiets","één bestuurder, geen hindernis","Eén bestuurder, geen hindernis (incl. val)","Geen hindernis"
"3056","2022","08","16",2022-08-01,2022-08-01 16:00:00,2024-01-02 16:00:00,"52011","Waals Gewest","Provincie Henegouwen","Charleroi",50.4120890830001,4.44352566100002,"Buiten Kruispunt","Normaal","Droog+Proper","binnen bebouwde kom","Dag","Gewestweg","Met doden","personenauto","personenauto","Tussen 2 bestuurders: Flank tegen flank","Geen hindernis"
"3057","2022","08","01",2022-08-01,2022-08-01 01:00:00,2024-01-02 01:00:00,"52012","Waals Gewest","Provincie Henegouwen","Châtelet",50.4024606290001,4.51314989600007,"Op Kruispunt","Normaal","Droog","binnen bebouwde kom","Nacht, openbare verlichting aanwezig en ontstoken","Gewestweg","Met doden","personenauto","een weggebruiker tegen een hindernis","Weggebruiker tegen hindernis op de rijbaan","Op de rijbaan: Verkeersdrempel, ezelsrug"
"3058","2022","08","20",2022-08-01,2022-08-01 20:00:00,2024-01-02 20:00:00,"52015","Waals Gewest","Provincie Henegouwen","Courcelles",50.460685863,4.35954813200004,"Buiten Kruispunt","Normaal","Droog+Proper","binnen bebouwde kom","Dageraad - schemering","Gemeenteweg","Met doden","Motorfiets","een weggebruiker tegen een hindernis","Weggebruiker tegen hindernis buiten rijbaan","Buiten de rijbaan: Muur gebouw"
"3059","2022","08","01",2022-08-01,2022-08-01 01:00:00,2024-01-02 01:00:00,"21001","Brussels Hoofdstedelijk Gewest",NA,"Anderlecht",50.8470649180001,4.30051134400003,"Buiten Kruispunt","Regenval","Nat, plassen","binnen bebouwde kom","Nacht, openbare verlichting aanwezig en ontstoken","Gewestweg","dodelijk gewonden","personenauto","personenauto","Tss. 2 best.: langs opzij (voor-/achterkant-flank)","Geen hindernis"
"3060","2022","08","21",2022-08-01,2022-08-01 21:00:00,2024-01-02 21:00:00,"11008","Vlaams Gewest","Provincie Antwerpen","Brasschaat",51.2994302910001,4.48304927800007,"Buiten Kruispunt","Normaal","Droog","binnen bebouwde kom","Nacht, openbare verlichting aanwezig en ontstoken","Gemeenteweg","dodelijk gewonden","Fiets","een weggebruiker tegen een hindernis","Weggebruiker tegen hindernis op de rijbaan","Op de rijbaan: Werken (signal., aarde, toestel,…)"
"3061","2022","08","03",2022-08-01,2022-08-01 03:00:00,2024-01-02 03:00:00,"12021","Vlaams Gewest","Provincie Antwerpen","Lier",51.146691081,4.56223533300005,"Op Kruispunt","Normaal","Droog","buiten bebouwde kom","Nacht, openbare verlichting aanwezig en ontstoken","Gewestweg","Met doden","personenauto","een weggebruiker tegen een hindernis","Weggebruiker tegen hindernis buiten rijbaan","Buiten de rijbaan: Verlichtingspaal"
"3062","2022","08","10",2022-08-01,2022-08-01 10:00:00,2024-01-02 10:00:00,"12014","Vlaams Gewest","Provincie Antwerpen","Heist-op-den-Berg",51.0472192010001,4.77482281500005,"Buiten Kruispunt","Normaal","Droog","binnen bebouwde kom","Dag","Gemeenteweg","Met doden","Fiets","een weggebruiker tegen een hindernis","Weggebruiker tegen hindernis buiten rijbaan","Onbekend"
"3063","2022","08","15",2022-08-01,2022-08-01 15:00:00,2024-01-02 15:00:00,"13025","Vlaams Gewest","Provincie Antwerpen","Mol",51.1931439000001,5.12242511400007,"Buiten Kruispunt","Normaal","Droog","binnen bebouwde kom","Dag","Gemeenteweg","dodelijk gewonden","personenauto","een weggebruiker tegen een hindernis","Weggebruiker tegen hindernis buiten rijbaan","Buiten de rijbaan: Muur gebouw"
"3064","2022","08","10",2022-08-01,2022-08-01 10:00:00,2024-01-02 10:00:00,"72020","Vlaams Gewest","Provincie Limburg","Lommel",51.2221934290001,5.32123358800004,"Op Kruispunt","Normaal","Droog","buiten bebouwde kom","Dag","Gemeenteweg","Met doden","personenauto","Fiets","Tussen 2 bestuurders: Flank tegen flank","Geen hindernis"
"3065","2022","08","05",2022-08-01,2022-08-01 05:00:00,2024-01-02 05:00:00,"23002","Vlaams Gewest","Provincie Vlaams-Brabant","Asse",50.919282609,4.23827267600007,"Op Kruispunt","Normaal","Droog","buiten bebouwde kom","Nacht, openbare verlichting aanwezig en ontstoken","Gemeenteweg","Met doden","Vrachtwagen","Fiets","Kettingbotsing (3 bestuurders of meer)","Geen hindernis"
"3066","2022","08","11",2022-08-01,2022-08-01 11:00:00,2024-01-02 11:00:00,"44021","Vlaams Gewest","Provincie Oost-Vlaanderen","Gent",51.064468182,3.73429355000007,"Op Kruispunt","Normaal","Droog","binnen bebouwde kom","Dag","Gewestweg","Met doden","Vrachtwagen","een weggebruiker tegen een hindernis","Weggebruiker tegen hindernis op de rijbaan","Op de rijbaan: Verkeersdrempel, ezelsrug"
"3067","2022","08","02",2022-08-01,2022-08-01 02:00:00,2024-01-02 02:00:00,"43010","Vlaams Gewest","Provincie Oost-Vlaanderen","Maldegem",51.22715924,3.40344330600004,"Buiten Kruispunt","Normaal","Droog","buiten bebouwde kom","Nacht, openb. verlicht. aanw., maar niet ontstoken","Autosnelweg","dodelijk gewonden","personenauto","een weggebruiker tegen een hindernis","Weggebruiker tegen hindernis buiten rijbaan","Buiten de rijbaan: Verlichtingspaal"
"3068","2022","08","18",2022-08-01,2022-08-01 18:00:00,2024-01-02 18:00:00,"45068","Vlaams Gewest","Provincie Oost-Vlaanderen","Kruisem",50.8976153400001,3.67127207700003,"Buiten Kruispunt","Normaal","Droog","buiten bebouwde kom","Dag","Gewestweg","Met doden","personenauto","een weggebruiker tegen een hindernis","Weggebruiker tegen hindernis buiten rijbaan","Buiten de rijbaan: Boom"
"3069","2022","08","20",2022-08-01,2022-08-01 20:00:00,2024-01-02 20:00:00,"45063","Vlaams Gewest","Provincie Oost-Vlaanderen","Lierde",50.8160241570001,3.83050714500007,"Buiten Kruispunt","Normaal","Droog","binnen bebouwde kom","Dag","Gewestweg","Met doden","personenauto","Motorfiets","Tussen 2 bestuurders: Langs achteren","Geen hindernis"
"3070","2022","08","21",2022-08-01,2022-08-01 21:00:00,2024-01-02 21:00:00,"46025","Vlaams Gewest","Provincie Oost-Vlaanderen","Temse",51.1462620680001,4.20578280800004,"Buiten Kruispunt","Normaal","Droog","buiten bebouwde kom","Nacht, openbare verlichting aanwezig en ontstoken","Gemeenteweg","Met doden","personenauto","Fiets","Tussen 2 bestuurders: Langs achteren","Geen hindernis"
"3071","2022","08","20",2022-08-01,2022-08-01 20:00:00,2024-01-02 20:00:00,"42028","Vlaams Gewest","Provincie Oost-Vlaanderen","Zele",51.0679470150001,4.03764885400005,"Buiten Kruispunt","Normaal","Droog","binnen bebouwde kom","Dag","Gewestweg","Met doden","Fiets","één bestuurder, geen hindernis","Eén bestuurder, geen hindernis (incl. val)","Geen hindernis"
"3072","2022","08","14",2022-08-01,2022-08-01 14:00:00,2024-01-02 14:00:00,"42003","Vlaams Gewest","Provincie Oost-Vlaanderen","Berlare",51.021991058,3.95590386800006,"Op Kruispunt","Normaal","Droog","binnen bebouwde kom","Dag","Gemeenteweg","dodelijk gewonden","Bromfiets","Fiets","Tussen 2 bestuurders: Flank tegen flank","Geen hindernis"
"3073","2022","08","19",2022-08-01,2022-08-01 19:00:00,2024-01-02 19:00:00,"37017","Vlaams Gewest","Provincie West-Vlaanderen","Wielsbeke",50.9068914380001,3.32384093700006,"Buiten Kruispunt","Normaal","Droog","buiten bebouwde kom","Dag","Gemeenteweg","Met doden","personenauto","Bromfiets","Tussen 2 bestuurders: Frontale botsing","Geen hindernis"
"3074","2022","08","12",2022-08-01,2022-08-01 12:00:00,2024-01-02 12:00:00,"37002","Vlaams Gewest","Provincie West-Vlaanderen","Dentergem",50.948428263,3.38109322000003,"Op Kruispunt","Normaal","Droog","buiten bebouwde kom","Dag","Gewestweg","Met doden","personenauto","één bestuurder, geen hindernis","Eén bestuurder, geen hindernis (incl. val)","Geen hindernis"
"3075","2022","08","16",2022-08-01,2022-08-01 16:00:00,2024-01-02 16:00:00,"33041","Vlaams Gewest","Provincie West-Vlaanderen","Vleteren",50.9327382070001,2.73599895700005,"Buiten Kruispunt","Normaal","Droog","binnen bebouwde kom","Dag","Gewestweg","Met doden","personenauto","een weggebruiker tegen een hindernis","Weggebruiker tegen hindernis buiten rijbaan","Buiten de rijbaan: Muur gebouw"
"3076","2022","08","16",2022-08-01,2022-08-01 16:00:00,2024-01-02 16:00:00,"33011","Vlaams Gewest","Provincie West-Vlaanderen","Ieper",50.8489354280001,2.91776216400007,"Op Kruispunt","Normaal","Droog","buiten bebouwde kom","Dag","Gewestweg","Met doden","Vrachtwagen","Fiets","Tussen 2 bestuurders: Frontale botsing","Geen hindernis"
"3077","2022","08","09",2022-08-01,2022-08-01 09:00:00,2024-01-02 09:00:00,"72039","Vlaams Gewest","Provincie Limburg","Houthalen-Helchteren",51.032458745,5.38290465800003,"Buiten Kruispunt","Normaal","Droog","binnen bebouwde kom","Dag","Gemeenteweg","dodelijk gewonden","Fiets","één bestuurder, geen hindernis","Eén bestuurder, geen hindernis (incl. val)","Geen hindernis"
"3078","2022","08","17",2022-08-01,2022-08-01 17:00:00,2024-01-02 17:00:00,"71067","Vlaams Gewest","Provincie Limburg","Zutendaal",50.912110811,5.53823497900004,"Buiten Kruispunt","Normaal","Droog","buiten bebouwde kom","Dag","Gewestweg","Met doden","personenauto","Fiets","Tss. 2 best.: langs opzij (voor-/achterkant-flank)","Geen hindernis"
"3079","2022","08","13",2022-08-01,2022-08-01 13:00:00,2024-01-02 13:00:00,"24107","Vlaams Gewest","Provincie Vlaams-Brabant","Tienen",50.801502053,4.93570246500002,"Op Kruispunt","Normaal","Droog","binnen bebouwde kom","Dag","Gewestweg","Met doden","Vrachtwagen","Fiets","Tss. 2 best.: langs opzij (voor-/achterkant-flank)","Geen hindernis"
"3080","2022","09","16",2022-09-01,2022-09-01 16:00:00,2024-01-02 16:00:00,"72039","Vlaams Gewest","Provincie Limburg","Houthalen-Helchteren",51.0285426570001,5.37242355500007,"Buiten Kruispunt","Normaal","Nat, plassen","buiten bebouwde kom","Dag","Autosnelweg","Met doden","personenauto","een weggebruiker tegen een hindernis","Weggebruiker tegen hindernis buiten rijbaan","Buiten de rijbaan: Verlichtingspaal"
"3081","2022","09","01",2022-09-01,2022-09-01 01:00:00,2024-01-02 01:00:00,"44034","Vlaams Gewest","Provincie Oost-Vlaanderen","Lochristi",51.0596331740001,3.85847085200004,"Buiten Kruispunt","Normaal","Droog","buiten bebouwde kom","Nacht, openb. verlicht. aanw., maar niet ontstoken","Autosnelweg","Met doden","Motorfiets","Vrachtwagen","Tussen 2 bestuurders: Langs achteren","Geen hindernis"
"3082","2022","09","01",2022-09-01,2022-09-01 01:00:00,2024-01-02 01:00:00,"31005","Vlaams Gewest","Provincie West-Vlaanderen","Brugge",51.2742036660001,3.21303797200005,"Buiten Kruispunt","Normaal","Droog","buiten bebouwde kom","Nacht, openbare verlichting aanwezig en ontstoken","Autosnelweg","Met doden","personenauto","Vrachtwagen","Tussen 2 bestuurders: Langs achteren","Geen hindernis"
"3083","2022","09","21",2022-09-01,2022-09-01 21:00:00,2024-01-02 21:00:00,"24104","Vlaams Gewest","Provincie Vlaams-Brabant","Tervuren",50.818626668,4.47610352500004,"Buiten Kruispunt","Normaal","Droog","buiten bebouwde kom","Nacht, openbare verlichting aanwezig en ontstoken","Autosnelweg","Met doden","personenauto","personenauto","Tussen 2 bestuurders: Langs achteren","Geen hindernis"
"3084","2022","10","06",2022-10-01,2022-10-01 06:00:00,2024-01-02 06:00:00,"23027","Vlaams Gewest","Provincie Vlaams-Brabant","Halle (Halle-Vilvoorde)",50.7347796230001,4.23284770500004,"Buiten Kruispunt","Normaal","Droog","buiten bebouwde kom","Dageraad - schemering","Gewestweg","Met doden","Lichte vrachtauto","een weggebruiker tegen een hindernis","Weggebruiker tegen hindernis buiten rijbaan","Buiten de rijbaan: Boom"
"3085","2022","09","13",2022-09-01,2022-09-01 13:00:00,2024-01-02 13:00:00,"91030","Waals Gewest","Provincie Namen","Ciney",50.2799506630001,5.20852709700006,"Buiten Kruispunt","Normaal","Proper","buiten bebouwde kom","Dag","Gewestweg","Met doden","personenauto","Vrachtwagen","Tussen 2 bestuurders: Langs achteren","Geen hindernis"
"3086","2022","10","15",2022-10-01,2022-10-01 15:00:00,2024-01-02 15:00:00,"84043","Waals Gewest","Provincie Luxemburg","Neufchâteau (Neufchâteau)",49.8762163920001,5.47165524800005,"Buiten Kruispunt","Normaal","Droog+Proper","buiten bebouwde kom","Dag","Autosnelweg","Met doden","Vrachtwagen","personenauto","Tussen 2 bestuurders: Langs achteren","Geen hindernis"
"3087","2022","09","13",2022-09-01,2022-09-01 13:00:00,2024-01-02 13:00:00,"64034","Waals Gewest","Provincie Luik","Hannuit",50.6724210890001,5.08005425300007,"Buiten Kruispunt","Normaal","Droog+Proper","binnen bebouwde kom","Dag","Gemeenteweg","dodelijk gewonden","Bromfiets","Voetganger","Met een voetganger","Geen hindernis"
"3088","2022","09","10",2022-09-01,2022-09-01 10:00:00,2024-01-02 10:00:00,"81001","Waals Gewest","Provincie Luxemburg","Aarlen",49.6899972860001,5.80549776400005,"Buiten Kruispunt","Normaal","Onbekend","buiten bebouwde kom","Dag","Gemeenteweg","Met doden","Fiets","een weggebruiker tegen een hindernis","Weggebruiker tegen hindernis buiten rijbaan","Buiten de rijbaan: Muur gebouw"