"","DT_YEAR_COLLISION","DT_MONTH_COLLISION","DT_TIME","YEAR_MONTH_DAY","YEAR_MONTH_DAY_HOUR","TIME_DT","CD_NIS","TX_RGN_COLLISION_NL","TX_PROV_COLLISION_NL","TX_MUNTY_COLLISION_NL","LAT_WGS84","LONG_WGS84","TX_CROSSWAY_NL","TX_WEATHER_NL","TX_ROAD_CONDITION_NL","TX_BUILD_UP_AREA_NL","TX_LIGHT_CONDITION_NL","CD_ROAD_TYPE_NL","TX_CLASS_ACCIDENTS_NL","TX_ROAD_USR_TYPE1_NL","TX_ROAD_USR_TYPE2_NL","TX_COLLISION_TYPE_NL","TX_OBSTACLES_NL"
"3089","2022","09","21",2022-09-01,2022-09-01 21:00:00,2024-01-02 21:00:00,"82003","Waals Gewest","Provincie Luxemburg","Bastenaken",50.1120832460001,5.78969444300003,"Buiten Kruispunt","Normaal","Droog","buiten bebouwde kom","Nacht, geen openbare verlichting aanwezig","Gewestweg","Met doden","personenauto","een weggebruiker tegen een hindernis","Weggebruiker tegen hindernis buiten rijbaan","Buiten de rijbaan: Boom"
"3090","2022","09","10",2022-09-01,2022-09-01 10:00:00,2024-01-02 10:00:00,"57081","Waals Gewest","Provincie Henegouwen","Doornik",50.6207704380001,3.39930456100006,"Buiten Kruispunt","Normaal","Droog+Proper","binnen bebouwde kom","Dag","Gemeenteweg","Met doden","personenauto","een weggebruiker tegen een hindernis","Weggebruiker tegen hindernis buiten rijbaan","Buiten de rijbaan: Omheining"
"3091","2022","09","23",2022-09-01,2022-09-01 23:00:00,2024-01-02 23:00:00,"52011","Waals Gewest","Provincie Henegouwen","Charleroi",50.4524646140001,4.47540134900004,"Buiten Kruispunt","Normaal","Droog","binnen bebouwde kom","Nacht, openbare verlichting aanwezig en ontstoken","Gemeenteweg","Met doden","personenauto","een weggebruiker tegen een hindernis","Weggebruiker tegen hindernis op de rijbaan","Op de rijbaan: Container"
"3092","2022","09","17",2022-09-01,2022-09-01 17:00:00,2024-01-02 17:00:00,"52010","Waals Gewest","Provincie Henegouwen","Chapelle-lez-Herlaimont",50.489234846,4.27872671200004,"Buiten Kruispunt","Normaal","Droog+Proper","buiten bebouwde kom","Dag","Gemeenteweg","Met doden","personenauto","personenauto","Tussen 2 bestuurders: Frontale botsing","Geen hindernis"
"3093","2022","09","00",2022-09-01,2022-09-01 00:00:00,2024-01-02 00:00:00,"21004","Brussels Hoofdstedelijk Gewest",NA,"Brussel",50.84070947,4.38480810700003,"Buiten Kruispunt","Normaal","Droog+Proper","binnen bebouwde kom","Nacht, openb. verlicht. aanw., maar niet ontstoken","Gewestweg","dodelijk gewonden","Andere weggebruiker","één bestuurder, geen hindernis","Eén bestuurder, geen hindernis (incl. val)","Geen hindernis"
"3094","2022","09","17",2022-09-01,2022-09-01 17:00:00,2024-01-02 17:00:00,"21012","Brussels Hoofdstedelijk Gewest",NA,"Sint-Jans-Molenbeek",50.848684835,4.31993352300003,"Buiten Kruispunt","Normaal","Nat, plassen","binnen bebouwde kom","Dag","Gewestweg","Met doden","Vrachtwagen","Voetganger","Met een voetganger","Geen hindernis"
"3095","2022","09","20",2022-09-01,2022-09-01 20:00:00,2024-01-02 20:00:00,"21015","Brussels Hoofdstedelijk Gewest",NA,"Schaarbeek",50.870798994,4.38213229100006,"Buiten Kruispunt","Normaal","Droog","binnen bebouwde kom","Nacht, geen openbare verlichting aanwezig","Gewestweg","dodelijk gewonden","Voetganger","Andere weggebruiker","Met een voetganger","Geen hindernis"
"3096","2022","09","03",2022-09-01,2022-09-01 03:00:00,2024-01-02 03:00:00,"12021","Vlaams Gewest","Provincie Antwerpen","Lier",51.105257883,4.60471192500006,"Op Kruispunt","Normaal","Nat, plassen","buiten bebouwde kom","Nacht, openbare verlichting aanwezig en ontstoken","Gewestweg","Met doden","personenauto","een weggebruiker tegen een hindernis","Weggebruiker tegen hindernis buiten rijbaan","Buiten de rijbaan: Verkeerseiland, middenberm"
"3097","2022","09","11",2022-09-01,2022-09-01 11:00:00,2024-01-02 11:00:00,"13021","Vlaams Gewest","Provincie Antwerpen","Meerhout",51.1255575060001,5.04044400600003,"Buiten Kruispunt","Normaal","Proper","buiten bebouwde kom","Dag","Gewestweg","Met doden","personenauto","Lichte vrachtauto","Tss. 2 best.: langs opzij (voor-/achterkant-flank)","Geen hindernis"
"3098","2022","09","17",2022-09-01,2022-09-01 17:00:00,2024-01-02 17:00:00,"72041","Vlaams Gewest","Provincie Limburg","Dilsen-Stokkem",51.0354324480001,5.66658888900002,"Buiten Kruispunt","Normaal","Droog","buiten bebouwde kom","Dag","Gewestweg","Met doden","Lichte vrachtauto","Fiets","Tss. 2 best.: langs opzij (voor-/achterkant-flank)","Geen hindernis"
"3099","2022","09","15",2022-09-01,2022-09-01 15:00:00,2024-01-02 15:00:00,"24020","Vlaams Gewest","Provincie Vlaams-Brabant","Diest",51.0255755800001,5.14976492200003,"Buiten Kruispunt","Normaal","Droog","buiten bebouwde kom","Dag","Gewestweg","Met doden","personenauto","Voetganger","Met een voetganger","Geen hindernis"
"3100","2022","09","05",2022-09-01,2022-09-01 05:00:00,2024-01-02 05:00:00,"23033","Vlaams Gewest","Provincie Vlaams-Brabant","Hoeilaart",50.758307976,4.47035999900004,"Buiten Kruispunt","Regenval","Nat, plassen","buiten bebouwde kom","Nacht, openbare verlichting aanwezig en ontstoken","Gemeenteweg","Met doden","Fiets","een weggebruiker tegen een hindernis","Weggebruiker tegen hindernis buiten rijbaan","Buiten de rijbaan: Boom"
"3101","2022","09","15",2022-09-01,2022-09-01 15:00:00,2024-01-02 15:00:00,"23102","Vlaams Gewest","Provincie Vlaams-Brabant","Wemmel",50.917366945,4.32423657200007,"Buiten Kruispunt","Normaal","Droog","binnen bebouwde kom","Dag","Gemeenteweg","dodelijk gewonden","Fiets","Voetganger","Met een voetganger","Geen hindernis"
"3102","2022","09","14",2022-09-01,2022-09-01 14:00:00,2024-01-02 14:00:00,"44021","Vlaams Gewest","Provincie Oost-Vlaanderen","Gent",51.0835483750001,3.79411893000003,"Op Kruispunt","Normaal","Droog","buiten bebouwde kom","Dag","Gewestweg","Met doden","Vrachtwagen","Fiets","Tss. 2 best.: langs opzij (voor-/achterkant-flank)","Geen hindernis"
"3103","2022","09","17",2022-09-01,2022-09-01 17:00:00,2024-01-02 17:00:00,"45068","Vlaams Gewest","Provincie Oost-Vlaanderen","Kruisem",50.9225859760001,3.62063652400008,"Buiten Kruispunt","Normaal","Droog","buiten bebouwde kom","Dag","Gewestweg","Met doden","Andere weggebruiker","één bestuurder, geen hindernis","Eén bestuurder, geen hindernis (incl. val)","Geen hindernis"
"3104","2022","09","17",2022-09-01,2022-09-01 17:00:00,2024-01-02 17:00:00,"42010","Vlaams Gewest","Provincie Oost-Vlaanderen","Laarne",51.040392737,3.89226931200005,"Op Kruispunt","Normaal","Droog","buiten bebouwde kom","Dag","Gewestweg","Met doden","Vrachtwagen","Fiets","Tussen 2 bestuurders: Flank tegen flank","Geen hindernis"
"3105","2022","09","09",2022-09-01,2022-09-01 09:00:00,2024-01-02 09:00:00,"36015","Vlaams Gewest","Provincie West-Vlaanderen","Roeselare",50.904805063,3.10505097800006,"Buiten Kruispunt","Normaal","Droog","buiten bebouwde kom","Dag","Gemeenteweg","Met doden","Fiets","Andere weggebruiker","Tussen 2 bestuurders: Flank tegen flank","Geen hindernis"
"3106","2022","09","17",2022-09-01,2022-09-01 17:00:00,2024-01-02 17:00:00,"33037","Vlaams Gewest","Provincie West-Vlaanderen","Zonnebeke",50.8186511660001,2.97694176700003,"Buiten Kruispunt","Regenval","Nat, plassen","buiten bebouwde kom","Dag","Gemeenteweg","Met doden","Fiets","één bestuurder, geen hindernis","Eén bestuurder, geen hindernis (incl. val)","Geen hindernis"
"3107","2022","09","15",2022-09-01,2022-09-01 15:00:00,2024-01-02 15:00:00,"11002","Vlaams Gewest","Provincie Antwerpen","Antwerpen",51.257832152,4.38421464500004,"Op Kruispunt","Normaal","Droog","buiten bebouwde kom","Dag","Gemeenteweg","Met doden","Vrachtwagen","Motorfiets","Tss. 2 best.: langs opzij (voor-/achterkant-flank)","Geen hindernis"
"3108","2022","09","17",2022-09-01,2022-09-01 17:00:00,2024-01-02 17:00:00,"31005","Vlaams Gewest","Provincie West-Vlaanderen","Brugge",51.3282855910001,3.17886318100005,"Buiten Kruispunt","Normaal","Droog","binnen bebouwde kom","Dag","Gemeenteweg","Met doden","personenauto","een weggebruiker tegen een hindernis","Weggebruiker tegen hindernis buiten rijbaan","Andere hindernis"
"3109","2022","09","03",2022-09-01,2022-09-01 03:00:00,2024-01-02 03:00:00,"46024","Vlaams Gewest","Provincie Oost-Vlaanderen","Stekene",51.211942332,3.99087630400004,"Buiten Kruispunt","Normaal","Droog","buiten bebouwde kom","Nacht, geen openbare verlichting aanwezig","Gemeenteweg","Met doden","personenauto","een weggebruiker tegen een hindernis","Weggebruiker tegen hindernis buiten rijbaan","Buiten de rijbaan: Boom"
"3110","2022","09","13",2022-09-01,2022-09-01 13:00:00,2024-01-02 13:00:00,"12025","Vlaams Gewest","Provincie Antwerpen","Mechelen",51.0675022500001,4.43661523700007,"Buiten Kruispunt","Normaal","Droog","buiten bebouwde kom","Dag","Gemeenteweg","Met doden","onbekend","onbekend","Andere of onbekend","Geen vermelding van de aanwezigheid van een hindernis"
"3111","2022","09","08",2022-09-01,2022-09-01 08:00:00,2024-01-02 08:00:00,"72018","Vlaams Gewest","Provincie Limburg","Kinrooi",51.1726720440001,5.73506570900003,"Op Kruispunt","Normaal","Droog","binnen bebouwde kom","Dag","Gewestweg","Met doden","personenauto","een weggebruiker tegen een hindernis","Weggebruiker tegen hindernis buiten rijbaan","Buiten de rijbaan: Omheining"
"3112","2022","09","09",2022-09-01,2022-09-01 09:00:00,2024-01-02 09:00:00,"72004","Vlaams Gewest","Provincie Limburg","Bree",51.1273345050001,5.66513490700004,"Buiten Kruispunt","Normaal","Droog","buiten bebouwde kom","Dag","Gemeenteweg","Met doden","Fiets","één bestuurder, geen hindernis","Eén bestuurder, geen hindernis (incl. val)","Geen hindernis"
"3113","2022","09","16",2022-09-01,2022-09-01 16:00:00,2024-01-02 16:00:00,"71016","Vlaams Gewest","Provincie Limburg","Genk",50.9408214210001,5.50883534300004,"Op Kruispunt","Normaal","Droog","buiten bebouwde kom","Dag","Gemeenteweg","Met doden","Fiets","Motorfiets","Tss. 2 best.: langs opzij (voor-/achterkant-flank)","Geen hindernis"
"3114","2022","10","16",2022-10-01,2022-10-01 16:00:00,2024-01-02 16:00:00,"46020","Vlaams Gewest","Provincie Oost-Vlaanderen","Sint-Gillis-Waas",51.234514555,4.15536691600005,"Buiten Kruispunt","Normaal","Droog","buiten bebouwde kom","Dag","Autosnelweg","Met doden","Vrachtwagen","Vrachtwagen","Kettingbotsing (3 bestuurders of meer)","Geen hindernis"
"3115","2022","10","08",2022-10-01,2022-10-01 08:00:00,2024-01-02 08:00:00,"31005","Vlaams Gewest","Provincie West-Vlaanderen","Brugge",51.270278347,3.20326021800002,"Buiten Kruispunt","Normaal","Droog","buiten bebouwde kom","Dag","Autosnelweg","Met doden","Lichte vrachtauto","Vrachtwagen","Tussen 2 bestuurders: Langs achteren","Geen hindernis"
"3116","2022","10","01",2022-10-01,2022-10-01 01:00:00,2024-01-02 01:00:00,"23025","Vlaams Gewest","Provincie Vlaams-Brabant","Grimbergen",50.902968619,4.32716320900005,"Buiten Kruispunt","Normaal","Droog","buiten bebouwde kom","Nacht, openbare verlichting aanwezig en ontstoken","Autosnelweg","Met doden","Andere weggebruiker","Voetganger","Met een voetganger","Geen vermelding van de aanwezigheid van een hindernis"
"3117","2022","10","17",2022-10-01,2022-10-01 17:00:00,2024-01-02 17:00:00,"23077","Vlaams Gewest","Provincie Vlaams-Brabant","Sint-Pieters-Leeuw",50.7930071490001,4.30440980000003,"Buiten Kruispunt","Normaal","Droog+Proper","buiten bebouwde kom","Dag","Autosnelweg","Met doden","Motorfiets","personenauto","Tss. 2 best.: langs opzij (voor-/achterkant-flank)","Geen hindernis"
"3118","2022","10","12",2022-10-01,2022-10-01 12:00:00,2024-01-02 12:00:00,"93088","Waals Gewest","Provincie Namen","Walcourt",50.272419659,4.50296553100003,"Buiten Kruispunt","Normaal","Proper","buiten bebouwde kom","Dag","Gewestweg","Met doden","personenauto","personenauto","Tussen 2 bestuurders: Frontale botsing","Geen hindernis"
"3119","2022","10","14",2022-10-01,2022-10-01 14:00:00,2024-01-02 14:00:00,"62096","Waals Gewest","Provincie Luik","Seraing",50.5915576620001,5.54216161400007,"Buiten Kruispunt","Onbekend","Proper","buiten bebouwde kom","Dag","Gewestweg","dodelijk gewonden","personenauto","een weggebruiker tegen een hindernis","Weggebruiker tegen hindernis buiten rijbaan","Buiten de rijbaan: Verkeerseiland, middenberm"
"3120","2022","10","02",2022-10-01,2022-10-01 02:00:00,2024-01-02 02:00:00,"62063","Waals Gewest","Provincie Luik","Luik",50.6453614260001,5.57563270100007,"Buiten Kruispunt","Normaal","Droog","binnen bebouwde kom","Nacht, openbare verlichting aanwezig en ontstoken","Gemeenteweg","Met doden","personenauto","een weggebruiker tegen een hindernis","Weggebruiker tegen hindernis buiten rijbaan","Buiten de rijbaan: Boom"
"3121","2022","10","11",2022-10-01,2022-10-01 11:00:00,2024-01-02 11:00:00,"62009","Waals Gewest","Provincie Luik","Aywaille",50.4776360070001,5.71323716600006,"Buiten Kruispunt","Normaal","Droog","buiten bebouwde kom","Dag","Gewestweg","Met doden","personenauto","Fiets","Tss. 2 best.: langs opzij (voor-/achterkant-flank)","Geen hindernis"
"3122","2022","10","01",2022-10-01,2022-10-01 01:00:00,2024-01-02 01:00:00,"64065","Waals Gewest","Provincie Luik","Saint-Georges-sur-Meuse",50.5776356120001,5.37501882300006,"Buiten Kruispunt","Normaal","Droog+Proper","binnen bebouwde kom","Nacht, openbare verlichting aanwezig en ontstoken","Gemeenteweg","Met doden","Lichte vrachtauto","een weggebruiker tegen een hindernis","Weggebruiker tegen hindernis buiten rijbaan","Buiten de rijbaan: Gracht"
"3123","2022","10","18",2022-10-01,2022-10-01 18:00:00,2024-01-02 18:00:00,"62026","Waals Gewest","Provincie Luik","Comblain-au-Pont",50.5058628680001,5.56838513500003,"Buiten Kruispunt","Normaal","Droog+Proper","binnen bebouwde kom","Dag","Gewestweg","Met doden","Vrachtwagen","Voetganger","Met een voetganger","Geen hindernis"
"3124","2022","10","17",2022-10-01,2022-10-01 17:00:00,2024-01-02 17:00:00,"84043","Waals Gewest","Provincie Luxemburg","Neufchâteau (Neufchâteau)",49.818644572,5.41565346400006,"Buiten Kruispunt","Normaal","Nat, plassen","buiten bebouwde kom","Dag","Gemeenteweg","Met doden","personenauto","een weggebruiker tegen een hindernis","Weggebruiker tegen hindernis buiten rijbaan","Buiten de rijbaan: Andere paal"
"3125","2022","10","17",2022-10-01,2022-10-01 17:00:00,2024-01-02 17:00:00,"84009","Waals Gewest","Provincie Luxemburg","Bertrix",49.861926506,5.23251455900004,"Buiten Kruispunt","Normaal","Droog+Proper","buiten bebouwde kom","Dag","Gewestweg","Met doden","Motorfiets","Lichte vrachtauto","Tussen 2 bestuurders: Frontale botsing","Geen hindernis"
"3126","2022","10","03",2022-10-01,2022-10-01 03:00:00,2024-01-02 03:00:00,"51009","Waals Gewest","Provincie Henegouwen","Bernissart",50.4716569780001,3.68893167900006,"Buiten Kruispunt","Normaal","Droog+Proper","binnen bebouwde kom","Nacht, openbare verlichting aanwezig en ontstoken","Gemeenteweg","Met doden","personenauto","één bestuurder, geen hindernis","Eén bestuurder, geen hindernis (incl. val)","Geen hindernis"
"3127","2022","10","11",2022-10-01,2022-10-01 11:00:00,2024-01-02 11:00:00,"55035","Waals Gewest","Provincie Henegouwen","Le Roeulx",50.5146822950001,4.10224957800006,"Buiten Kruispunt","Normaal","Droog+Vuil (zand, grint, bladeren,...)","binnen bebouwde kom","Dag","Gemeenteweg","Met doden","Vrachtwagen","Voetganger","Met een voetganger","Geen hindernis"
"3128","2022","10","22",2022-10-01,2022-10-01 22:00:00,2024-01-02 22:00:00,"52012","Waals Gewest","Provincie Henegouwen","Châtelet",50.395575615,4.53288795900005,"Buiten Kruispunt","Normaal","Droog","binnen bebouwde kom","Nacht, openbare verlichting aanwezig en ontstoken","Gewestweg","Met doden","personenauto","Voetganger","Met een voetganger","Geen hindernis"
"3129","2022","10","16",2022-10-01,2022-10-01 16:00:00,2024-01-02 16:00:00,"56005","Waals Gewest","Provincie Henegouwen","Beaumont",50.203590739,4.22478464600005,"Buiten Kruispunt","Normaal","Droog","buiten bebouwde kom","Dag","Gewestweg","Met doden","personenauto","Vrachtwagen","Tussen 2 bestuurders: Frontale botsing","Geen hindernis"
"3130","2022","10","10",2022-10-01,2022-10-01 10:00:00,2024-01-02 10:00:00,"52015","Waals Gewest","Provincie Henegouwen","Courcelles",50.462005708,4.37733716100007,"Buiten Kruispunt","Normaal","Droog","binnen bebouwde kom","Dag","Gewestweg","dodelijk gewonden","personenauto","personenauto","Tss. 2 best.: langs opzij (voor-/achterkant-flank)","Geen hindernis"
"3131","2022","10","20",2022-10-01,2022-10-01 20:00:00,2024-01-02 20:00:00,"21004","Brussels Hoofdstedelijk Gewest",NA,"Brussel",50.815007044,4.37408223000006,"Buiten Kruispunt","Normaal","Droog","binnen bebouwde kom","Nacht, openbare verlichting aanwezig en ontstoken","Gewestweg","Met doden","onbekend","onbekend","Geen vermelding van de type aanrijding","Geen vermelding van de type aanrijding"
"3132","2022","10","10",2022-10-01,2022-10-01 10:00:00,2024-01-02 10:00:00,"21004","Brussels Hoofdstedelijk Gewest",NA,"Brussel",50.8035188060001,4.37401525700005,"Buiten Kruispunt","Normaal","Proper","binnen bebouwde kom","Dag","Gewestweg","dodelijk gewonden","personenauto","Voetganger","Met een voetganger","Geen hindernis"
"3133","2022","10","07",2022-10-01,2022-10-01 07:00:00,2024-01-02 07:00:00,"21015","Brussels Hoofdstedelijk Gewest",NA,"Schaarbeek",50.848984601,4.40216161500007,"Op Kruispunt","Normaal","Droog","binnen bebouwde kom","Dageraad - schemering","Gewestweg","dodelijk gewonden","Motorfiets","Voetganger","Met een voetganger","Geen hindernis"
"3134","2022","10","02",2022-10-01,2022-10-01 02:00:00,2024-01-02 02:00:00,"11002","Vlaams Gewest","Provincie Antwerpen","Antwerpen",51.2185588240001,4.41706229900007,"Buiten Kruispunt","Normaal","Droog","binnen bebouwde kom","Nacht, openbare verlichting aanwezig en ontstoken","Gemeenteweg","Met doden","Voetganger","personenauto","Met een voetganger","Geen hindernis"
"3135","2022","10","05",2022-10-01,2022-10-01 05:00:00,2024-01-02 05:00:00,"11002","Vlaams Gewest","Provincie Antwerpen","Antwerpen",51.19738941,4.43054418100007,"Buiten Kruispunt","Normaal","Droog","buiten bebouwde kom","Onbekend","Gewestweg","dodelijk gewonden","Fiets","één bestuurder, geen hindernis","Eén bestuurder, geen hindernis (incl. val)","Geen hindernis"
"3136","2022","10","19",2022-10-01,2022-10-01 19:00:00,2024-01-02 19:00:00,"11009","Vlaams Gewest","Provincie Antwerpen","Brecht",51.3565393170001,4.62462885400004,"Buiten Kruispunt","Normaal","Droog","buiten bebouwde kom","Nacht, geen openbare verlichting aanwezig","Gewestweg","Met doden","Lichte vrachtauto","één bestuurder, geen hindernis","Eén bestuurder, geen hindernis (incl. val)","Geen hindernis"
"3137","2022","10","02",2022-10-01,2022-10-01 02:00:00,2024-01-02 02:00:00,"13014","Vlaams Gewest","Provincie Antwerpen","Hoogstraten",51.3918900530001,4.75544439900006,"Buiten Kruispunt","Normaal","Nat, plassen","binnen bebouwde kom","Nacht, openbare verlichting aanwezig en ontstoken","Gewestweg","Met doden","Motorfiets","een weggebruiker tegen een hindernis","Weggebruiker tegen hindernis buiten rijbaan","Andere hindernis"
"3138","2022","10","21",2022-10-01,2022-10-01 21:00:00,2024-01-02 21:00:00,"13017","Vlaams Gewest","Provincie Antwerpen","Kasterlee",51.217169663,4.92235342700007,"Buiten Kruispunt","Normaal","Droog","binnen bebouwde kom","Nacht, geen openbare verlichting aanwezig","Gemeenteweg","dodelijk gewonden","onbekend","onbekend","Geen vermelding van de type aanrijding","Geen vermelding van de type aanrijding"
"3139","2022","10","06",2022-10-01,2022-10-01 06:00:00,2024-01-02 06:00:00,"72020","Vlaams Gewest","Provincie Limburg","Lommel",51.2231933730001,5.29177914000007,"Op Kruispunt","Normaal","Nat, plassen","buiten bebouwde kom","Nacht, openbare verlichting aanwezig en ontstoken","Gewestweg","Met doden","Vrachtwagen","personenauto","Tussen 2 bestuurders: Langs achteren","Geen hindernis"
"3140","2022","10","05",2022-10-01,2022-10-01 05:00:00,2024-01-02 05:00:00,"72043","Vlaams Gewest","Provincie Limburg","Pelt",51.235340513,5.45046404900006,"Buiten Kruispunt","Normaal","Droog","buiten bebouwde kom","Nacht, geen openbare verlichting aanwezig","Gewestweg","Met doden","Motorfiets","Voetganger","Met een voetganger","Geen hindernis"
"3141","2022","10","05",2022-10-01,2022-10-01 05:00:00,2024-01-02 05:00:00,"72043","Vlaams Gewest","Provincie Limburg","Pelt",51.237486942,5.45950593800006,"Buiten Kruispunt","Normaal","Droog","buiten bebouwde kom","Nacht, geen openbare verlichting aanwezig","Gewestweg","Met doden","personenauto","Voetganger","Met een voetganger","Geen hindernis"
"3142","2022","10","19",2022-10-01,2022-10-01 19:00:00,2024-01-02 19:00:00,"71004","Vlaams Gewest","Provincie Limburg","Beringen",51.0355347180001,5.17781345500004,"Buiten Kruispunt","Normaal","Droog","binnen bebouwde kom","Nacht, openbare verlichting aanwezig en ontstoken","Gemeenteweg","dodelijk gewonden","personenauto","Voetganger","Met een voetganger","Geen hindernis"
"3143","2022","10","13",2022-10-01,2022-10-01 13:00:00,2024-01-02 13:00:00,"72041","Vlaams Gewest","Provincie Limburg","Dilsen-Stokkem",51.0371208920001,5.72386813300005,"Buiten Kruispunt","Normaal","Droog","buiten bebouwde kom","Dag","Gewestweg","Met doden","personenauto","Vrachtwagen","Tussen 2 bestuurders: Frontale botsing","Geen hindernis"
"3144","2022","10","07",2022-10-01,2022-10-01 07:00:00,2024-01-02 07:00:00,"72021","Vlaams Gewest","Provincie Limburg","Maaseik",51.0908742170001,5.69519164900004,"Buiten Kruispunt","Normaal","Nat, plassen","buiten bebouwde kom","Nacht, geen openbare verlichting aanwezig","Gemeenteweg","Met doden","Fiets","één bestuurder, geen hindernis","Eén bestuurder, geen hindernis (incl. val)","Geen hindernis"
"3145","2022","10","09",2022-10-01,2022-10-01 09:00:00,2024-01-02 09:00:00,"24062","Vlaams Gewest","Provincie Vlaams-Brabant","Leuven",50.886022192,4.69719456400003,"Buiten Kruispunt","Normaal","Droog","buiten bebouwde kom","Dag","Gemeenteweg","dodelijk gewonden","personenauto","een weggebruiker tegen een hindernis","Weggebruiker tegen hindernis buiten rijbaan","Andere hindernis"
"3146","2022","10","05",2022-10-01,2022-10-01 05:00:00,2024-01-02 05:00:00,"24001","Vlaams Gewest","Provincie Vlaams-Brabant","Aarschot",50.9660185550001,4.78826147500007,"Buiten Kruispunt","Regenval","Nat, plassen","buiten bebouwde kom","Nacht, openbare verlichting aanwezig en ontstoken","Gewestweg","Met doden","personenauto","een weggebruiker tegen een hindernis","Weggebruiker tegen hindernis buiten rijbaan","Andere hindernis"
"3147","2022","10","13",2022-10-01,2022-10-01 13:00:00,2024-01-02 13:00:00,"44021","Vlaams Gewest","Provincie Oost-Vlaanderen","Gent",51.0596206110001,3.74886983900006,"Buiten Kruispunt","Normaal","Droog","binnen bebouwde kom","Dag","Gemeenteweg","dodelijk gewonden","Andere weggebruiker","één bestuurder, geen hindernis","Eén bestuurder, geen hindernis (incl. val)","Geen hindernis"
"3148","2022","10","14",2022-10-01,2022-10-01 14:00:00,2024-01-02 14:00:00,"43007","Vlaams Gewest","Provincie Oost-Vlaanderen","Kaprijke",51.2288997100001,3.58713114700004,"Op Kruispunt","Andere (dikke rook,...)","Droog","buiten bebouwde kom","Dag","Gewestweg","dodelijk gewonden","personenauto","Fiets","Tussen 2 bestuurders: Frontale botsing","Geen hindernis"
"3149","2022","10","20",2022-10-01,2022-10-01 20:00:00,2024-01-02 20:00:00,"45068","Vlaams Gewest","Provincie Oost-Vlaanderen","Kruisem",50.8888107440001,3.51410313800005,"Buiten Kruispunt","Normaal","Droog","buiten bebouwde kom","Nacht, openbare verlichting aanwezig en ontstoken","Gemeenteweg","dodelijk gewonden","personenauto","een weggebruiker tegen een hindernis","Weggebruiker tegen hindernis buiten rijbaan","Buiten de rijbaan: Gracht"
"3150","2022","10","15",2022-10-01,2022-10-01 15:00:00,2024-01-02 15:00:00,"46021","Vlaams Gewest","Provincie Oost-Vlaanderen","Sint-Niklaas (Sint-Niklaas)",51.142890686,4.09040449200006,"Buiten Kruispunt","Normaal","Nat, plassen","buiten bebouwde kom","Dag","Gewestweg","Met doden","Fiets","Vrachtwagen","Tss. 2 best.: langs opzij (voor-/achterkant-flank)","Geen hindernis"
"3151","2022","10","07",2022-10-01,2022-10-01 07:00:00,2024-01-02 07:00:00,"38014","Vlaams Gewest","Provincie West-Vlaanderen","Koksijde",51.11086959,2.68923364100004,"Buiten Kruispunt","Normaal","Nat, plassen","buiten bebouwde kom","Nacht, openbare verlichting aanwezig en ontstoken","Gewestweg","Met doden","Lichte vrachtauto","een weggebruiker tegen een hindernis","Weggebruiker tegen hindernis buiten rijbaan","Buiten de rijbaan: Gracht"
"3152","2022","10","15",2022-10-01,2022-10-01 15:00:00,2024-01-02 15:00:00,"24086","Vlaams Gewest","Provincie Vlaams-Brabant","Oud-Heverlee",50.8209155920001,4.65142136100008,"Op Kruispunt","Normaal","Vuil (zand, grint, bladeren,...)","buiten bebouwde kom","Dag","Gemeenteweg","dodelijk gewonden","Fiets","één bestuurder, geen hindernis","Eén bestuurder, geen hindernis (incl. val)","Geen hindernis"
"3153","2022","10","06",2022-10-01,2022-10-01 06:00:00,2024-01-02 06:00:00,"71016","Vlaams Gewest","Provincie Limburg","Genk",50.9217543890001,5.48415280400008,"Buiten Kruispunt","Normaal","Droog","buiten bebouwde kom","Nacht, openbare verlichting aanwezig en ontstoken","Gewestweg","Met doden","Bromfiets","Bromfiets","Tussen 2 bestuurders: Frontale botsing","Geen hindernis"
"3154","2022","11","06",2022-11-01,2022-11-01 06:00:00,2024-01-02 06:00:00,"33029","Vlaams Gewest","Provincie West-Vlaanderen","Wervik",50.816911847,3.09562058700004,"Buiten Kruispunt","Normaal","Nat, plassen","buiten bebouwde kom","Nacht, openbare verlichting aanwezig en ontstoken","Autosnelweg","Met doden","personenauto","een weggebruiker tegen een hindernis","Weggebruiker tegen hindernis buiten rijbaan","Buiten de rijbaan: Verlichtingspaal"
"3155","2022","11","15",2022-11-01,2022-11-01 15:00:00,2024-01-02 15:00:00,"21018","Brussels Hoofdstedelijk Gewest",NA,"Sint-Lambrechts-Woluwe",50.843663448,4.42585500700005,"Buiten Kruispunt","Normaal","Droog","buiten bebouwde kom","Dag","Autosnelweg","Met doden","personenauto","personenauto","Tussen 2 bestuurders: Langs achteren","Geen hindernis"
"3156","2022","11","07",2022-11-01,2022-11-01 07:00:00,2024-01-02 07:00:00,"25018","Waals Gewest","Provincie Waals-Brabant","Chaumont-Gistoux",50.659045093,4.66130774500004,"Buiten Kruispunt","Normaal","Proper","buiten bebouwde kom","Dageraad - schemering","Autosnelweg","Met doden","personenauto","Vrachtwagen","Kettingbotsing (3 bestuurders of meer)","Geen hindernis"