"","DT_YEAR_COLLISION","DT_MONTH_COLLISION","DT_TIME","YEAR_MONTH_DAY","YEAR_MONTH_DAY_HOUR","TIME_DT","CD_NIS","TX_RGN_COLLISION_NL","TX_PROV_COLLISION_NL","TX_MUNTY_COLLISION_NL","LAT_WGS84","LONG_WGS84","TX_CROSSWAY_NL","TX_WEATHER_NL","TX_ROAD_CONDITION_NL","TX_BUILD_UP_AREA_NL","TX_LIGHT_CONDITION_NL","CD_ROAD_TYPE_NL","TX_CLASS_ACCIDENTS_NL","TX_ROAD_USR_TYPE1_NL","TX_ROAD_USR_TYPE2_NL","TX_COLLISION_TYPE_NL","TX_OBSTACLES_NL"
"3157","2022","11","03",2022-11-01,2022-11-01 03:00:00,2024-01-02 03:00:00,"23003","Vlaams Gewest","Provincie Vlaams-Brabant","Beersel",50.7597072980001,4.28875880600003,"Buiten Kruispunt","Normaal","Droog","buiten bebouwde kom","Nacht, openb. verlicht. aanw., maar niet ontstoken","Autosnelweg","Met doden","personenauto","een weggebruiker tegen een hindernis","Weggebruiker tegen hindernis buiten rijbaan","Buiten de rijbaan: Verlichtingspaal"
"3158","2022","11","08",2022-11-01,2022-11-01 08:00:00,2024-01-02 08:00:00,"58001","Waals Gewest","Provincie Henegouwen","La Louvière",50.454727038,4.15211932000005,"Buiten Kruispunt","Regenval","Nat, plassen+Proper","buiten bebouwde kom","Nacht, openb. verlicht. aanw., maar niet ontstoken","Gewestweg","Met doden","personenauto","een weggebruiker tegen een hindernis","Weggebruiker tegen hindernis buiten rijbaan","Buiten de rijbaan: Verkeerseiland, middenberm"
"3159","2022","11","16",2022-11-01,2022-11-01 16:00:00,2024-01-02 16:00:00,"91059","Waals Gewest","Provincie Namen","Hamois",50.3423109980001,5.08143371500006,"Buiten Kruispunt","Regenval","Nat, plassen","buiten bebouwde kom","Dag","Gewestweg","Met doden","personenauto","een weggebruiker tegen een hindernis","Weggebruiker tegen hindernis buiten rijbaan","Buiten de rijbaan: Verlichtingspaal"
"3160","2022","11","03",2022-11-01,2022-11-01 03:00:00,2024-01-02 03:00:00,"92094","Waals Gewest","Provincie Namen","Namen",50.494872039,4.77260212900006,"Buiten Kruispunt","Mist (zichtbaarheid minder dan 100m)","Proper","buiten bebouwde kom","Nacht, geen openbare verlichting aanwezig","Autosnelweg","Met doden","onbekend","onbekend","Geen vermelding van de type aanrijding","Geen vermelding van de type aanrijding"
"3161","2022","11","14",2022-11-01,2022-11-01 14:00:00,2024-01-02 14:00:00,"62096","Waals Gewest","Provincie Luik","Seraing",50.587178415,5.51293944100007,"Op Kruispunt","Normaal","Droog+Proper","binnen bebouwde kom","Dag","Gemeenteweg","dodelijk gewonden","Bromfiets","één bestuurder, geen hindernis","Eén bestuurder, geen hindernis (incl. val)","Geen hindernis"
"3162","2022","11","10",2022-11-01,2022-11-01 10:00:00,2024-01-02 10:00:00,"63072","Waals Gewest","Provincie Luik","Spa",50.501996837,5.88645563000006,"Buiten Kruispunt","Normaal","Nat, plassen","buiten bebouwde kom","Dag","Gewestweg","Met doden","personenauto","een weggebruiker tegen een hindernis","Weggebruiker tegen hindernis buiten rijbaan","Buiten de rijbaan: Boom"
"3163","2022","11","10",2022-11-01,2022-11-01 10:00:00,2024-01-02 10:00:00,"63073","Waals Gewest","Provincie Luik","Stavelot",50.4026112490001,5.97962981600006,"Buiten Kruispunt","Normaal","Nat, plassen","binnen bebouwde kom","Dag","Gemeenteweg","Met doden","personenauto","een weggebruiker tegen een hindernis","Weggebruiker tegen hindernis buiten rijbaan","Buiten de rijbaan: Muur gebouw"
"3164","2022","11","15",2022-11-01,2022-11-01 15:00:00,2024-01-02 15:00:00,"61072","Waals Gewest","Provincie Luik","Wanze",50.550271782,5.19251379900004,"Buiten Kruispunt","Regenval","Nat, plassen","binnen bebouwde kom","Dag","Gemeenteweg","Met doden","personenauto","Voetganger","Met een voetganger","Geen hindernis"
"3165","2022","11","17",2022-11-01,2022-11-01 17:00:00,2024-01-02 17:00:00,"61031","Waals Gewest","Provincie Luik","Hoei",50.518295354,5.24119406200003,"Buiten Kruispunt","Normaal","Nat, plassen","buiten bebouwde kom","Nacht, openbare verlichting aanwezig en ontstoken","Gewestweg","Met doden","personenauto","een weggebruiker tegen een hindernis","Weggebruiker tegen hindernis buiten rijbaan","Buiten de rijbaan: Vangrails overschreden"
"3166","2022","11","18",2022-11-01,2022-11-01 18:00:00,2024-01-02 18:00:00,"92137","Waals Gewest","Provincie Namen","Sambreville",50.426631705,4.61932224100002,"Buiten Kruispunt","Normaal","Droog+Proper","binnen bebouwde kom","Nacht, openbare verlichting aanwezig en ontstoken","Gewestweg","Met doden","personenauto","Voetganger","Met een voetganger","Geen hindernis"
"3167","2022","11","09",2022-11-01,2022-11-01 09:00:00,2024-01-02 09:00:00,"91005","Waals Gewest","Provincie Namen","Anhée",50.3439562410001,4.80340553400004,"Buiten Kruispunt","Onbekend","Onbekend","binnen bebouwde kom","Dag","Gemeenteweg","Met doden","personenauto","Voetganger","Met een voetganger","Geen vermelding van de aanwezigheid van een hindernis"
"3168","2022","11","17",2022-11-01,2022-11-01 17:00:00,2024-01-02 17:00:00,"51017","Waals Gewest","Provincie Henegouwen","Elzele",50.7324789840001,3.65623975300002,"Buiten Kruispunt","Regenval","Nat, plassen","buiten bebouwde kom","Nacht, openbare verlichting aanwezig en ontstoken","Gewestweg","Met doden","personenauto","Bromfiets","Tussen 2 bestuurders: Langs achteren","Geen hindernis"
"3169","2022","11","13",2022-11-01,2022-11-01 13:00:00,2024-01-02 13:00:00,"52011","Waals Gewest","Provincie Henegouwen","Charleroi",50.468068654,4.43653200700004,"Buiten Kruispunt","Normaal","Droog+Proper","binnen bebouwde kom","Dag","Gemeenteweg","Met doden","Motorfiets","een weggebruiker tegen een hindernis","Weggebruiker tegen hindernis op de rijbaan","Op de rijbaan: Container"
"3170","2022","11","13",2022-11-01,2022-11-01 13:00:00,2024-01-02 13:00:00,"52075","Waals Gewest","Provincie Henegouwen","Les Bons Villers",50.5410243220001,4.44060537200005,"Buiten Kruispunt","Normaal","Droog","binnen bebouwde kom","Dag","Gemeenteweg","dodelijk gewonden","personenauto","een weggebruiker tegen een hindernis","Weggebruiker tegen hindernis buiten rijbaan","Buiten de rijbaan: Andere paal"
"3171","2022","11","09",2022-11-01,2022-11-01 09:00:00,2024-01-02 09:00:00,"21009","Brussels Hoofdstedelijk Gewest",NA,"Elsene",50.816638497,4.37703449000003,"Buiten Kruispunt","Normaal","Droog","binnen bebouwde kom","Dag","Gemeenteweg","Met doden","Fiets","Andere weggebruiker","Tss. 2 best.: langs opzij (voor-/achterkant-flank)","Geen hindernis"
"3172","2022","11","11",2022-11-01,2022-11-01 11:00:00,2024-01-02 11:00:00,"11040","Vlaams Gewest","Provincie Antwerpen","Schoten",51.245795758,4.47236792100006,"Op Kruispunt","Normaal","Nat, plassen","binnen bebouwde kom","Dag","Gemeenteweg","dodelijk gewonden","Fiets","één bestuurder, geen hindernis","Eén bestuurder, geen hindernis (incl. val)","Geen hindernis"
"3173","2022","11","19",2022-11-01,2022-11-01 19:00:00,2024-01-02 19:00:00,"11039","Vlaams Gewest","Provincie Antwerpen","Schilde",51.2495736980001,4.60543135000006,"Buiten Kruispunt","Normaal","Droog","buiten bebouwde kom","Nacht, openbare verlichting aanwezig en ontstoken","Gewestweg","Met doden","onbekend","onbekend","Geen vermelding van de type aanrijding","Geen vermelding van de type aanrijding"
"3174","2022","11","14",2022-11-01,2022-11-01 14:00:00,2024-01-02 14:00:00,"12026","Vlaams Gewest","Provincie Antwerpen","Nijlen",51.140736577,4.63257450800006,"Buiten Kruispunt","Normaal","Droog","binnen bebouwde kom","Dag","Gewestweg","dodelijk gewonden","personenauto","Fiets","Tss. 2 best.: langs opzij (voor-/achterkant-flank)","Geen hindernis"
"3175","2022","11","07",2022-11-01,2022-11-01 07:00:00,2024-01-02 07:00:00,"71069","Vlaams Gewest","Provincie Limburg","Ham",51.1050632160001,5.17760131700004,"Buiten Kruispunt","Normaal","Droog","binnen bebouwde kom","Dag","Gewestweg","Met doden","Lichte vrachtauto","een weggebruiker tegen een hindernis","Weggebruiker tegen hindernis buiten rijbaan","Andere hindernis"
"3176","2022","11","17",2022-11-01,2022-11-01 17:00:00,2024-01-02 17:00:00,"23024","Vlaams Gewest","Provincie Vlaams-Brabant","Gooik",50.7998226180001,4.12872009800003,"Buiten Kruispunt","Normaal","Droog","buiten bebouwde kom","Dageraad - schemering","Gewestweg","Met doden","personenauto","Voetganger","Met een voetganger","Geen vermelding van de aanwezigheid van een hindernis"
"3177","2022","11","21",2022-11-01,2022-11-01 21:00:00,2024-01-02 21:00:00,"23002","Vlaams Gewest","Provincie Vlaams-Brabant","Asse",50.8967699040001,4.24980163800006,"Buiten Kruispunt","Normaal","Nat, plassen","binnen bebouwde kom","Nacht, openbare verlichting aanwezig en ontstoken","Gemeenteweg","Met doden","Vrachtwagen","een weggebruiker tegen een hindernis","Weggebruiker tegen hindernis buiten rijbaan","Andere hindernis"
"3178","2022","11","08",2022-11-01,2022-11-01 08:00:00,2024-01-02 08:00:00,"31005","Vlaams Gewest","Provincie West-Vlaanderen","Brugge",51.2233183700001,3.22720053100005,"Op Kruispunt","Normaal","Droog","binnen bebouwde kom","Dag","Gewestweg","dodelijk gewonden","personenauto","Bromfiets","Tussen 2 bestuurders: Frontale botsing","Geen hindernis"
"3179","2022","11","17",2022-11-01,2022-11-01 17:00:00,2024-01-02 17:00:00,"31040","Vlaams Gewest","Provincie West-Vlaanderen","Zedelgem",51.156526059,3.16673006000002,"Buiten Kruispunt","Regenval","Nat, plassen","buiten bebouwde kom","Dageraad - schemering","Gewestweg","Met doden","personenauto","Fiets","Tussen 2 bestuurders: Frontale botsing","Geen hindernis"
"3180","2022","11","08",2022-11-01,2022-11-01 08:00:00,2024-01-02 08:00:00,"35029","Vlaams Gewest","Provincie West-Vlaanderen","De Haan",51.2323980730001,3.05955486800002,"Buiten Kruispunt","Normaal","Nat, plassen","buiten bebouwde kom","Dageraad - schemering","Gewestweg","Met doden","Lichte vrachtauto","Vrachtwagen","Tussen 2 bestuurders: Frontale botsing","Geen hindernis"
"3181","2022","11","18",2022-11-01,2022-11-01 18:00:00,2024-01-02 18:00:00,"44081","Vlaams Gewest","Provincie Oost-Vlaanderen","Zulte",50.9098771370001,3.42389419500006,"Op Kruispunt","Regenval","Nat, plassen","buiten bebouwde kom","Nacht, openbare verlichting aanwezig en ontstoken","Gewestweg","Met doden","personenauto","personenauto","Tss. 2 best.: langs opzij (voor-/achterkant-flank)","Geen hindernis"
"3182","2022","11","01",2022-11-01,2022-11-01 01:00:00,2024-01-02 01:00:00,"44085","Vlaams Gewest","Provincie Oost-Vlaanderen","Lievegem",51.143976208,3.62198751900007,"Buiten Kruispunt","Normaal","Proper","binnen bebouwde kom","Nacht, openbare verlichting aanwezig en ontstoken","Gemeenteweg","Met doden","personenauto","personenauto","Tussen 2 bestuurders: Frontale botsing","Geen hindernis"
"3183","2022","12","21",2022-12-01,2022-12-01 21:00:00,2024-01-02 21:00:00,"11002","Vlaams Gewest","Provincie Antwerpen","Antwerpen",51.3708724850001,4.31166652100006,"Buiten Kruispunt","Normaal","Nat, plassen","buiten bebouwde kom","Nacht, openb. verlicht. aanw., maar niet ontstoken","Autosnelweg","Met doden","Voetganger","Autobus","Met een voetganger","Geen vermelding van de aanwezigheid van een hindernis"
"3184","2022","12","09",2022-12-01,2022-12-01 09:00:00,2024-01-02 09:00:00,"11044","Vlaams Gewest","Provincie Antwerpen","Stabroek",51.3254803630001,4.35038502200007,"Buiten Kruispunt","Normaal","Droog","buiten bebouwde kom","Dag","Autosnelweg","Met doden","Voetganger","Andere weggebruiker","Met een voetganger","Geen vermelding van de aanwezigheid van een hindernis"
"3185","2022","12","04",2022-12-01,2022-12-01 04:00:00,2024-01-02 04:00:00,"42023","Vlaams Gewest","Provincie Oost-Vlaanderen","Waasmunster",51.112243828,4.05879178900005,"Buiten Kruispunt","Normaal","Droog","buiten bebouwde kom","Nacht, openb. verlicht. aanw., maar niet ontstoken","Autosnelweg","Met doden","Vrachtwagen","personenauto","Tussen 2 bestuurders: Langs achteren","Geen hindernis"
"3186","2022","12","18",2022-12-01,2022-12-01 18:00:00,2024-01-02 18:00:00,"44084","Vlaams Gewest","Provincie Oost-Vlaanderen","Aalter",51.1107544600001,3.36036820700002,"Buiten Kruispunt","Regenval","Ijzel, sneeuw","buiten bebouwde kom","Nacht, openb. verlicht. aanw., maar niet ontstoken","Autosnelweg","Met doden","personenauto","personenauto","Tussen 2 bestuurders: Flank tegen flank","Geen hindernis"
"3187","2022","12","09",2022-12-01,2022-12-01 09:00:00,2024-01-02 09:00:00,"31003","Vlaams Gewest","Provincie West-Vlaanderen","Beernem",51.1189059120001,3.33177481400003,"Buiten Kruispunt","Normaal","Nat, plassen","buiten bebouwde kom","Dag","Autosnelweg","Met doden","personenauto","een weggebruiker tegen een hindernis","Weggebruiker tegen hindernis buiten rijbaan","Buiten de rijbaan: Omheining"
"3188","2022","12","18",2022-12-01,2022-12-01 18:00:00,2024-01-02 18:00:00,"57027","Waals Gewest","Provincie Henegouwen","Estaimpuis",50.7214064090001,3.29529734500005,"Buiten Kruispunt","Normaal","Droog","buiten bebouwde kom","Nacht, openbare verlichting aanwezig en ontstoken","Autosnelweg","Met doden","personenauto","Lichte vrachtauto","Tussen 2 bestuurders: Flank tegen flank","Geen hindernis"
"3189","2022","12","19",2022-12-01,2022-12-01 19:00:00,2024-01-02 19:00:00,"92141","Waals Gewest","Provincie Namen","La Bruyère",50.5107159400001,4.85296238000006,"Buiten Kruispunt","Onbekend","Droog","buiten bebouwde kom","Nacht, openbare verlichting aanwezig en ontstoken","Autosnelweg","Met doden","personenauto","personenauto","Tussen 2 bestuurders: Langs achteren","Geen hindernis"
"3190","2022","12","04",2022-12-01,2022-12-01 04:00:00,2024-01-02 04:00:00,"62003","Waals Gewest","Provincie Luik","Ans",50.6711428670001,5.52695241300006,"Buiten Kruispunt","Normaal","Droog+Proper","buiten bebouwde kom","Nacht, openbare verlichting aanwezig en ontstoken","Autosnelweg","Met doden","Vrachtwagen","Lichte vrachtauto","Tussen 2 bestuurders: Langs achteren","Geen hindernis"
"3191","2022","12","13",2022-12-01,2022-12-01 13:00:00,2024-01-02 13:00:00,"25091","Waals Gewest","Provincie Waals-Brabant","Rixensart",50.7122764960001,4.53916883000005,"Buiten Kruispunt","Normaal","Nat, plassen","binnen bebouwde kom","Dag","Gemeenteweg","Met doden","personenauto","personenauto","Tussen 2 bestuurders: Frontale botsing","Geen hindernis"
"3192","2022","12","18",2022-12-01,2022-12-01 18:00:00,2024-01-02 18:00:00,"25018","Waals Gewest","Provincie Waals-Brabant","Chaumont-Gistoux",50.68676142,4.69134175200003,"Buiten Kruispunt","Onbekend","Onbekend","onbekend","Onbekend","Gewestweg","dodelijk gewonden","onbekend","onbekend","Geen vermelding van de type aanrijding","Geen vermelding van de type aanrijding"
"3193","2022","12","07",2022-12-01,2022-12-01 07:00:00,2024-01-02 07:00:00,"62022","Waals Gewest","Provincie Luik","Chaudfontaine",50.587690078,5.63432135900007,"Buiten Kruispunt","Onbekend","Nat, plassen","binnen bebouwde kom","Nacht, openbare verlichting aanwezig en ontstoken","Gewestweg","Met doden","personenauto","een weggebruiker tegen een hindernis","Weggebruiker tegen hindernis buiten rijbaan","Buiten de rijbaan: Boom"
"3194","2022","12","11",2022-12-01,2022-12-01 11:00:00,2024-01-02 11:00:00,"63079","Waals Gewest","Provincie Luik","Verviers",50.5818361070001,5.86384706300004,"Op Kruispunt","Normaal","Droog","binnen bebouwde kom","Dag","Gewestweg","Met doden","personenauto","personenauto","Kettingbotsing (3 bestuurders of meer)","Geen hindernis"
"3195","2022","12","13",2022-12-01,2022-12-01 13:00:00,2024-01-02 13:00:00,"61041","Waals Gewest","Provincie Luik","Modave",50.449875498,5.29230546800005,"Buiten Kruispunt","Normaal","Nat, plassen","buiten bebouwde kom","Dag","Gewestweg","Met doden","personenauto","een weggebruiker tegen een hindernis","Weggebruiker tegen hindernis buiten rijbaan","Buiten de rijbaan: Muur gebouw"
"3196","2022","12","16",2022-12-01,2022-12-01 16:00:00,2024-01-02 16:00:00,"85039","Waals Gewest","Provincie Luxemburg","Tintigny",49.6658510440001,5.53121600000003,"Buiten Kruispunt","Normaal","Nat, plassen+Proper","buiten bebouwde kom","Dag","Gewestweg","Met doden","personenauto","personenauto","Tussen 2 bestuurders: Frontale botsing","Geen hindernis"
"3197","2022","12","07",2022-12-01,2022-12-01 07:00:00,2024-01-02 07:00:00,"92094","Waals Gewest","Provincie Namen","Namen",49.669882128,5.82414597900004,"Op Kruispunt","Onbekend","Onbekend","onbekend","Onbekend","Gewestweg","dodelijk gewonden","onbekend","onbekend","Geen vermelding van de type aanrijding","Geen vermelding van de type aanrijding"
"3198","2022","12","18",2022-12-01,2022-12-01 18:00:00,2024-01-02 18:00:00,"92003","Waals Gewest","Provincie Namen","Andenne",50.491316365,5.08514274100003,"Buiten Kruispunt","Normaal","Droog","binnen bebouwde kom","Nacht, openbare verlichting aanwezig en ontstoken","Gewestweg","dodelijk gewonden","personenauto","Voetganger","Met een voetganger","Geen hindernis"
"3199","2022","12","07",2022-12-01,2022-12-01 07:00:00,2024-01-02 07:00:00,"92137","Waals Gewest","Provincie Namen","Sambreville",50.4494718870001,4.61395700000003,"Buiten Kruispunt","Onbekend","Onbekend","onbekend","Onbekend","Gemeenteweg","Met doden","onbekend","onbekend","Geen vermelding van de type aanrijding","Geen vermelding van de type aanrijding"
"3200","2022","12","04",2022-12-01,2022-12-01 04:00:00,2024-01-02 04:00:00,"91114","Waals Gewest","Provincie Namen","Rochefort",50.1506000100001,5.20111581800006,"Buiten Kruispunt","Normaal","Nat, plassen","buiten bebouwde kom","Nacht, geen openbare verlichting aanwezig","Gewestweg","Met doden","personenauto","een weggebruiker tegen een hindernis","Weggebruiker tegen hindernis buiten rijbaan","Buiten de rijbaan: Boom"
"3201","2022","12","16",2022-12-01,2022-12-01 16:00:00,2024-01-02 16:00:00,"53020","Waals Gewest","Provincie Henegouwen","Dour",50.392253709,3.79258084300005,"Buiten Kruispunt","Regenval","Nat, plassen","binnen bebouwde kom","Nacht, openbare verlichting aanwezig en ontstoken","Gemeenteweg","Met doden","Motorfiets","een weggebruiker tegen een hindernis","Weggebruiker tegen hindernis buiten rijbaan","Buiten de rijbaan: Andere paal"
"3202","2022","12","08",2022-12-01,2022-12-01 08:00:00,2024-01-02 08:00:00,"58003","Waals Gewest","Provincie Henegouwen","Estinnes",50.339371876,4.08753934800006,"Buiten Kruispunt","Normaal","Proper","buiten bebouwde kom","Dag","Gewestweg","Met doden","Lichte vrachtauto","een weggebruiker tegen een hindernis","Weggebruiker tegen hindernis buiten rijbaan","Buiten de rijbaan: Boom"
"3203","2022","12","08",2022-12-01,2022-12-01 08:00:00,2024-01-02 08:00:00,"52022","Waals Gewest","Provincie Henegouwen","Fontaine-l’Evêque",50.4071170870001,4.32569700500005,"Op Kruispunt","Regenval","Nat, plassen+Proper","binnen bebouwde kom","Dageraad - schemering","Gewestweg","dodelijk gewonden","personenauto","Voetganger","Met een voetganger","Geen hindernis"
"3204","2022","12","15",2022-12-01,2022-12-01 15:00:00,2024-01-02 15:00:00,"56078","Waals Gewest","Provincie Henegouwen","Thuin",50.300687302,4.31634105200004,"Buiten Kruispunt","Normaal","Nat, plassen","buiten bebouwde kom","Dag","Gewestweg","Met doden","personenauto","Vrachtwagen","Tussen 2 bestuurders: Frontale botsing","Geen hindernis"
"3205","2022","12","14",2022-12-01,2022-12-01 14:00:00,2024-01-02 14:00:00,"12005","Vlaams Gewest","Provincie Antwerpen","Bonheiden",51.022595632,4.54856568100007,"Buiten Kruispunt","Normaal","Droog","binnen bebouwde kom","Dag","Gemeenteweg","Met doden","Vrachtwagen","Voetganger","Met een voetganger","Geen hindernis"
"3206","2022","12","12",2022-12-01,2022-12-01 12:00:00,2024-01-02 12:00:00,"13014","Vlaams Gewest","Provincie Antwerpen","Hoogstraten",51.4662537470001,4.73501376900003,"Buiten Kruispunt","Normaal","Droog","buiten bebouwde kom","Dag","Gemeenteweg","Met doden","Lichte vrachtauto","Voetganger","Met een voetganger","Geen hindernis"
"3207","2022","12","15",2022-12-01,2022-12-01 15:00:00,2024-01-02 15:00:00,"13008","Vlaams Gewest","Provincie Antwerpen","Geel",51.161329294,4.98697107100003,"Op Kruispunt","Normaal","Droog","buiten bebouwde kom","Dag","Gewestweg","Met doden","personenauto","personenauto","Tss. 2 best.: langs opzij (voor-/achterkant-flank)","Geen hindernis"
"3208","2022","12","19",2022-12-01,2022-12-01 19:00:00,2024-01-02 19:00:00,"72043","Vlaams Gewest","Provincie Limburg","Pelt",51.2357460740001,5.45144284200006,"Buiten Kruispunt","Regenval","Nat, plassen","buiten bebouwde kom","Nacht, openbare verlichting aanwezig en ontstoken","Gewestweg","Met doden","Voetganger","personenauto","Met een voetganger","Geen hindernis"
"3209","2022","12","08",2022-12-01,2022-12-01 08:00:00,2024-01-02 08:00:00,"23002","Vlaams Gewest","Provincie Vlaams-Brabant","Asse",50.933724688,4.22287539800004,"Buiten Kruispunt","Normaal","Droog","binnen bebouwde kom","Dag","Gemeenteweg","Met doden","personenauto","personenauto","Tussen 2 bestuurders: Langs achteren","Geen hindernis"
"3210","2022","12","12",2022-12-01,2022-12-01 12:00:00,2024-01-02 12:00:00,"44021","Vlaams Gewest","Provincie Oost-Vlaanderen","Gent",51.00280238,3.70988011400004,"Buiten Kruispunt","Normaal","Nat, plassen","binnen bebouwde kom","Dag","Gemeenteweg","Met doden","personenauto","één bestuurder, geen hindernis","Eén bestuurder, geen hindernis (incl. val)","Geen hindernis"
"3211","2022","12","10",2022-12-01,2022-12-01 10:00:00,2024-01-02 10:00:00,"45035","Vlaams Gewest","Provincie Oost-Vlaanderen","Oudenaarde",50.8654104820001,3.63499268500004,"Buiten Kruispunt","Normaal","Droog","binnen bebouwde kom","Dag","Gewestweg","Met doden","personenauto","een weggebruiker tegen een hindernis","Weggebruiker tegen hindernis buiten rijbaan","Buiten de rijbaan: Boom"
"3212","2022","12","04",2022-12-01,2022-12-01 04:00:00,2024-01-02 04:00:00,"41027","Vlaams Gewest","Provincie Oost-Vlaanderen","Herzele",50.888345487,3.89067922000004,"Buiten Kruispunt","Normaal","Droog","binnen bebouwde kom","Nacht, openbare verlichting aanwezig en ontstoken","Gewestweg","Met doden","Motorfiets","een weggebruiker tegen een hindernis","Weggebruiker tegen hindernis buiten rijbaan","Buiten de rijbaan: Omheining"
"3213","2022","12","17",2022-12-01,2022-12-01 17:00:00,2024-01-02 17:00:00,"41081","Vlaams Gewest","Provincie Oost-Vlaanderen","Zottegem",50.888197082,3.78913063300007,"Buiten Kruispunt","Regenval","Ijzel, sneeuw","buiten bebouwde kom","Nacht, openbare verlichting aanwezig en ontstoken","Gewestweg","dodelijk gewonden","personenauto","Voetganger","Met een voetganger","Geen hindernis"
"3214","2022","12","05",2022-12-01,2022-12-01 05:00:00,2024-01-02 05:00:00,"42026","Vlaams Gewest","Provincie Oost-Vlaanderen","Wichelen",51.005425297,3.95353195600006,"Buiten Kruispunt","Normaal","Nat, plassen","buiten bebouwde kom","Nacht, openbare verlichting aanwezig en ontstoken","Gewestweg","Met doden","personenauto","Voetganger","Met een voetganger","Geen hindernis"
"3215","2022","12","17",2022-12-01,2022-12-01 17:00:00,2024-01-02 17:00:00,"31040","Vlaams Gewest","Provincie West-Vlaanderen","Zedelgem",51.115332573,3.06633053500002,"Buiten Kruispunt","Normaal","Nat, plassen","binnen bebouwde kom","Nacht, openbare verlichting aanwezig en ontstoken","Gemeenteweg","Met doden","Motorfiets","personenauto","Tss. 2 best.: langs opzij (voor-/achterkant-flank)","Geen hindernis"
"3216","2022","12","09",2022-12-01,2022-12-01 09:00:00,2024-01-02 09:00:00,"34013","Vlaams Gewest","Provincie West-Vlaanderen","Harelbeke",50.8593596790001,3.33128805600006,"Buiten Kruispunt","Sterke wind, rukwind","Nat, plassen","buiten bebouwde kom","Dag","Gemeenteweg","Met doden","Fiets","een weggebruiker tegen een hindernis","Weggebruiker tegen hindernis buiten rijbaan","Buiten de rijbaan: Gracht"
"3217","2022","12","07",2022-12-01,2022-12-01 07:00:00,2024-01-02 07:00:00,"33029","Vlaams Gewest","Provincie West-Vlaanderen","Wervik",50.7829224540001,3.03689046300002,"Buiten Kruispunt","Normaal","Nat, plassen+Proper","binnen bebouwde kom","Nacht, openbare verlichting aanwezig en ontstoken","Gewestweg","Met doden","Fiets","personenauto","Tussen 2 bestuurders: Flank tegen flank","Geen hindernis"
"3218","2022","12","14",2022-12-01,2022-12-01 14:00:00,2024-01-02 14:00:00,"73042","Vlaams Gewest","Provincie Limburg","Lanaken",50.8614147550001,5.62505462400003,"Buiten Kruispunt","Normaal","Droog","binnen bebouwde kom","Dag","Gewestweg","dodelijk gewonden","personenauto","Motorfiets","Tss. 2 best.: langs opzij (voor-/achterkant-flank)","Geen hindernis"
"3219","2022","12","08",2022-12-01,2022-12-01 08:00:00,2024-01-02 08:00:00,"71037","Vlaams Gewest","Provincie Limburg","Lummen",51.0153549620001,5.12117937000005,"Op Kruispunt","Normaal","Droog","buiten bebouwde kom","Dag","Gewestweg","Met doden","onbekend","onbekend","Andere of onbekend","Geen vermelding van de aanwezigheid van een hindernis"
"3220","2022","12","10",2022-12-01,2022-12-01 10:00:00,2024-01-02 10:00:00,"72039","Vlaams Gewest","Provincie Limburg","Houthalen-Helchteren",51.044614665,5.38008023300006,"Op Kruispunt","Normaal","Droog","buiten bebouwde kom","Dag","Gewestweg","Met doden","personenauto","een weggebruiker tegen een hindernis","Weggebruiker tegen hindernis buiten rijbaan","Buiten de rijbaan: Andere paal"
"3221","2022","12","17",2022-12-01,2022-12-01 17:00:00,2024-01-02 17:00:00,"71016","Vlaams Gewest","Provincie Limburg","Genk",50.989883364,5.53694272400003,"Buiten Kruispunt","Sneeuwval","Nat, plassen","buiten bebouwde kom","Nacht, openbare verlichting aanwezig en ontstoken","Gewestweg","dodelijk gewonden","Lichte vrachtauto","Voetganger","Met een voetganger","Geen hindernis"
"3222","2022","12","13",2022-12-01,2022-12-01 13:00:00,2024-01-02 13:00:00,"24107","Vlaams Gewest","Provincie Vlaams-Brabant","Tienen",50.7869247250001,4.92530094300002,"Buiten Kruispunt","Normaal","Droog","buiten bebouwde kom","Dag","Gewestweg","Met doden","Andere weggebruiker","een weggebruiker tegen een hindernis","Weggebruiker tegen hindernis buiten rijbaan","Buiten de rijbaan: Vangrails overschreden"
"3223","2022","11","11",2022-11-01,2022-11-01 11:00:00,2024-01-02 11:00:00,"31005","Vlaams Gewest","Provincie West-Vlaanderen","Brugge",NA,NA,"onbekend","Onbekend","Onbekend","onbekend","Onbekend","onbekend","dodelijk gewonden","onbekend","onbekend","Geen vermelding van de type aanrijding","Geen vermelding van de type aanrijding"